# run,27082026_3_Candles_R2.csv
# config_candles,3
# scope,FREE-BURNING candle test (no external flux)
# mass_note,load-cell SHAPE only; absolute mass from manual weigh table
# t_ignition_s,12.0
# t_flameout_s,856.0
# routeC_HRR_per_candle_W_dHc38,16.5
# HRR_O2_note,near instrument noise floor -- qualitative only
time_from_ignition_s,time_s,mass_lost_since_ignition_g,O2_pct,CO2_pct,CO_pct,HRR_O2_kW,HRR_per_area_kW_m2
-12,0,1636.41,20.961,0.05,0.026,0,0
-11,1,1636.41,20.962,0.049,0.021,0,0
-10,2,1636.41,20.963,0.047,-0.008,0,0
-9,3,1636.41,20.962,0.051,0.016,0,0
-8,4,1558.25,20.96,0.05,0.007,0.0227004,2.5691
-7,5,1087.45,20.962,0.049,-0.021,0.0509875,5.7704
-6,6,0.01,20.962,0.049,0.006,0.0422639,4.7831
-5,7,0.01,20.959,0.05,0.003,0.0319046,3.6108
-4,8,0.0499,20.959,0.05,0.021,0.0440936,4.9902
-3,9,-0.0501,20.959,0.049,0.032,0.0415346,4.7006
-2,10,-11.6,20.96,0.049,0.026,0.0315712,3.573
-1,11,0,20.961,0.05,0.015,0.0373574,4.2279
0,12,0,20.962,0.051,0.013,0.0768996,8.703
1,13,0,20.96,0.053,0.004,0.0752763,8.5193
2,14,0,20.959,0.056,0.004,0.0818748,9.266
3,15,0,20.959,0.058,-0.005,0.0623745,7.0591
4,16,0,20.955,0.059,-0.02,0.0603634,6.8315
5,17,0,20.952,0.062,0.006,0.0417197,4.7216
6,18,0,20.948,0.062,0.018,0.0466632,5.281
7,19,0.01,20.947,0.063,0.016,0.0298553,3.3788
8,20,0.01,20.945,0.063,0.018,0.0103373,1.1699
9,21,0.01,20.945,0.062,0.037,0.0218788,2.4761
10,22,0.01,20.943,0.063,0.027,0.0430768,4.8751
11,23,0.01,20.944,0.062,-0.001,0.0567776,6.4257
12,24,0.01,20.942,0.062,-0.003,0.0414609,4.6923
13,25,0.02,20.943,0.061,-0.01,0.0473895,5.3632
14,26,0.02,20.943,0.061,-0.001,0.0604264,6.8387
15,27,0.02,20.945,0.06,-0.003,0.0455093,5.1504
16,28,0.02,20.946,0.06,0.015,0.0309613,3.504
17,29,0.02,20.946,0.06,0.011,0.0243288,2.7534
18,30,0.02,20.946,0.06,0.022,0.0317721,3.5958
19,31,0.02,20.947,0.06,0.036,0.0268914,3.0434
20,32,0.02,20.948,0.058,0.025,0.0411723,4.6596
21,33,0.02,20.948,0.059,0.002,0.051111,5.7844
22,34,0.02,20.949,0.059,-0.003,0.0375864,4.2538
23,35,0.02,20.947,0.059,0.002,0.0511543,5.7893
24,36,0.03,20.949,0.058,0.002,0.0454316,5.1417
25,37,0.03,20.948,0.058,0.001,0.0424005,4.7986
26,38,0.03,20.946,0.059,0.009,0.0178853,2.0241
27,39,0.03,20.947,0.058,0.012,0.0139193,1.5753
28,40,0.03,20.949,0.058,0.015,0.0275707,3.1203
29,41,0.03,20.95,0.059,0.013,0.0311467,3.525
30,42,0.03,20.949,0.059,0.021,0.027102,3.0672
31,43,0.04,20.948,0.059,0.008,0.0371847,4.2083
32,44,0.04,20.948,0.058,-0.007,0.0425036,4.8103
33,45,0.04,20.949,0.057,0.003,0.0275183,3.1143
34,46,0.04,20.95,0.058,0,0.0472097,5.3429
35,47,0.04,20.948,0.058,0.01,0.0248929,2.8172
36,48,0.04,20.947,0.058,0.008,0.0424803,4.8076
37,49,0.04,20.948,0.058,0.026,0.0276285,3.1268
38,50,0.04,20.949,0.057,0.025,0.0196701,2.2261
39,51,0.04,20.95,0.058,0.018,0.031005,3.5089
40,52,0.0499,20.949,0.057,0.013,0.0387058,4.3805
41,53,0.0499,20.949,0.057,0.014,0.0400061,4.5276
42,54,0.0499,20.95,0.058,0.004,0.0564015,6.3831
43,55,0.0499,20.95,0.058,-0.002,0.0518495,5.868
44,56,0.0499,20.95,0.059,0.012,0.0358098,4.0527
45,57,0.0599,20.95,0.058,0.002,0.0474017,5.3646
46,58,0.0599,20.948,0.058,0.019,0.0273862,3.0994
47,59,0.0599,20.949,0.058,0.012,0.0312641,3.5383
48,60,0.0599,20.947,0.058,0.022,0.0460598,5.2127
49,61,0.0599,20.948,0.059,0.015,0.0612755,6.9348
50,62,0.0599,20.951,0.058,0.013,0.038933,4.4062
51,63,0.0599,20.949,0.058,0.011,0.0473225,5.3557
52,64,0.0599,20.948,0.059,0.005,0.0571956,6.473
53,65,0.0599,20.949,0.059,-0.006,0.0599657,6.7865
54,66,0.0599,20.948,0.059,-0.003,0.0348716,3.9465
55,67,0.0699,20.948,0.059,0.013,0.0195554,2.2132
56,68,0.0699,20.948,0.059,0.001,0.0261719,2.962
57,69,0.0699,20.948,0.058,0.016,0.0373846,4.2309
58,70,0.0699,20.949,0.058,0.018,0.0318061,3.5996
59,71,0.0699,20.948,0.058,0.014,0.0280341,3.1727
60,72,0.0699,20.946,0.058,0.003,0.0293439,3.321
61,73,0.0699,20.945,0.058,0.011,0.0436428,4.9392
62,74,0.0699,20.948,0.058,0.002,0.0521589,5.903
63,75,0.0699,20.948,0.058,-0.006,0.0557882,6.3137
64,76,0.0699,20.948,0.058,-0.009,0.0527728,5.9725
65,77,0.0799,20.948,0.058,0.01,0.0566964,6.4165
66,78,0.0799,20.949,0.059,0.02,0.0353918,4.0054
67,79,0.0799,20.95,0.059,0.017,0.0200484,2.2689
68,80,0.0799,20.949,0.058,0.016,0.024112,2.7288
69,81,0.0799,20.947,0.058,0.018,0.023807,2.6943
70,82,0.0899,20.948,0.058,0.021,0.0481954,5.4544
71,83,0.0899,20.948,0.058,0.015,0.0554198,6.272
72,84,0.0899,20.949,0.058,0.002,0.0559767,6.3351
73,85,0.0899,20.949,0.059,-0.002,0.0313565,3.5487
74,86,0.0899,20.948,0.057,-0.015,0.0415984,4.7078
75,87,0.0999,20.95,0.058,-0.002,0.0476493,5.3926
76,88,0.0999,20.948,0.058,-0.002,0.0312516,3.5369
77,89,0.0999,20.947,0.058,0.014,0.0292201,3.3069
78,90,0.0999,20.948,0.058,0.024,0.0122904,1.3909
79,91,0.0999,20.949,0.059,0.015,0.0399216,4.5181
80,92,0.0999,20.95,0.059,0.015,0.0265448,3.0042
81,93,0.0999,20.95,0.058,0.001,0.0254168,2.8765
82,94,0.0999,20.948,0.059,-0.005,0.0367946,4.1642
83,95,0.0999,20.948,0.058,-0.006,0.0449734,5.0898
84,96,0.0999,20.948,0.059,0.013,0.0414686,4.6931
85,97,0.0999,20.949,0.059,0.003,0.0347185,3.9292
86,98,0.0999,20.949,0.059,0.007,0.0485121,5.4903
87,99,0.0999,20.947,0.059,0.017,0.0358268,4.0546
88,100,0.11,20.948,0.059,0.019,0.0476588,5.3937
89,101,0.11,20.948,0.059,0.035,0.0365947,4.1415
90,102,0.1201,20.948,0.058,0.009,0.0523584,5.9256
91,103,0.1201,20.948,0.058,0.013,0.034692,3.9262
92,104,0.11,20.95,0.058,0.024,0.0406099,4.596
93,105,0.11,20.948,0.059,0.008,0.0479614,5.428
94,106,0.1201,20.949,0.058,0,0.0498953,5.6468
95,107,0.1201,20.949,0.059,0.009,0.0493847,5.589
96,108,0.1201,20.948,0.058,0.009,0.0498923,5.6465
97,109,0.1201,20.949,0.058,0.002,0.0391432,4.43
98,110,0.1201,20.948,0.057,0.014,0.0296427,3.3548
99,111,0.1201,20.948,0.058,0.008,0.0393524,4.4536
100,112,0.1201,20.947,0.058,0.008,0.0559577,6.3329
101,113,0.1301,20.949,0.058,-0.002,0.0412837,4.6722
102,114,0.1301,20.948,0.059,0.02,0.0613204,6.9398
103,115,0.1301,20.947,0.06,0.008,0.0686003,7.7637
104,116,0.1301,20.948,0.062,0.005,0.0567124,6.4183
105,117,0.1301,20.947,0.062,0.001,0.0645259,7.3026
106,118,0.1301,20.947,0.061,0.006,0.0562823,6.3697
107,119,0.1301,20.946,0.062,0.007,0.0602114,6.8143
108,120,0.1301,20.946,0.061,0.021,0.0306602,3.4699
109,121,0.1301,20.945,0.061,0.031,0.0254394,2.8791
110,122,0.1301,20.945,0.061,0.026,0.034433,3.8969
111,123,0.1301,20.944,0.061,0.011,0.0382259,4.3262
112,124,0.1301,20.944,0.06,0.015,0.0660275,7.4726
113,125,0.1301,20.946,0.061,0.002,0.0660341,7.4733
114,126,0.1401,20.945,0.061,-0.002,0.0713709,8.0773
115,127,0.1401,20.944,0.061,0.005,0.0590607,6.6841
116,128,0.1401,20.945,0.061,0.003,0.0569617,6.4466
117,129,0.1401,20.944,0.06,0.006,0.0376235,4.258
118,130,0.1401,20.945,0.061,0.008,0.021405,2.4225
119,131,0.1401,20.944,0.061,0.025,0.0423502,4.7929
120,132,0.1401,20.946,0.061,0.025,0.0364129,4.121
121,133,0.1401,20.947,0.06,0.021,0.0408936,4.6281
122,134,0.15,20.946,0.06,0.024,0.0619427,7.0103
123,135,0.15,20.945,0.06,-0.008,0.0597558,6.7628
124,136,0.15,20.946,0.061,-0.007,0.0621249,7.0309
125,137,0.15,20.946,0.06,-0.013,0.0572994,6.4848
126,138,0.16,20.946,0.06,0.003,0.0542472,6.1393
127,139,0.16,20.945,0.06,0.007,0.0330413,3.7394
128,140,0.16,20.945,0.06,0.015,0.0478924,5.4201
129,141,0.16,20.947,0.06,0.035,0.0413893,4.6842
130,142,0.16,20.946,0.06,0.015,0.0309978,3.5081
131,143,0.16,20.946,0.06,0.021,0.0556656,6.2999
132,144,0.16,20.946,0.06,0.012,0.0519483,5.8792
133,145,0.16,20.947,0.06,-0.008,0.071038,8.0396
134,146,0.17,20.947,0.06,0.002,0.0443966,5.0245
135,147,0.17,20.945,0.061,0.002,0.0532843,6.0304
136,148,0.17,20.945,0.06,0,0.0404916,4.5826
137,149,0.17,20.946,0.061,0.009,0.035892,4.062
138,150,0.17,20.945,0.061,0.018,0.0281285,3.1834
139,151,0.17,20.947,0.06,0.013,0.0427772,4.8412
140,152,0.17,20.945,0.061,0.021,0.0455957,5.1602
141,153,0.17,20.945,0.06,0.024,0.0333319,3.7723
142,154,0.17,20.946,0.06,0.002,0.0441391,4.9954
143,155,0.17,20.946,0.059,0.002,0.0386899,4.3787
144,156,0.19,20.947,0.06,-0.011,0.0568393,6.4327
145,157,0.2,20.946,0.06,0.009,0.0679325,7.6882
146,158,0.2,20.947,0.06,0.005,0.0438766,4.9657
147,159,0.19,20.946,0.06,0.016,0.0435854,4.9327
148,160,0.18,20.946,0.06,0.016,0.0507562,5.7442
149,161,0.18,20.947,0.06,0.024,0.0472947,5.3525
150,162,0.19,20.947,0.06,0.015,0.047459,5.3711
151,163,0.19,20.946,0.06,0.016,0.0480007,5.4324
152,164,0.2,20.945,0.06,0.024,0.0522682,5.9154
153,165,0.2,20.946,0.06,0.013,0.061156,6.9212
154,166,0.2,20.946,0.061,0.019,0.0643099,7.2782
155,167,0.19,20.946,0.061,0.005,0.0439414,4.973
156,168,0.2,20.945,0.061,-0.005,0.0543937,6.1559
157,169,0.2,20.945,0.061,0.012,0.0459915,5.205
158,170,0.2,20.946,0.06,0.013,0.0463943,5.2506
159,171,0.2,20.946,0.06,0.016,0.0485218,5.4914
160,172,0.2,20.944,0.06,0.011,0.0475369,5.3799
161,173,0.2,20.946,0.06,0.01,0.0360843,4.0838
162,174,0.2,20.946,0.06,0.005,0.0396143,4.4833
163,175,0.2,20.947,0.059,0.001,0.0468718,5.3046
164,176,0.21,20.947,0.06,-0.011,0.0599741,6.7875
165,177,0.21,20.948,0.061,-0.005,0.0707783,8.0102
166,178,0.21,20.946,0.061,0.012,0.0444699,5.0328
167,179,0.21,20.946,0.061,0.008,0.0347331,3.9309
168,180,0.21,20.945,0.061,0.02,0.0327451,3.7059
169,181,0.21,20.944,0.06,0.015,0.0321961,3.6437
170,182,0.21,20.945,0.06,0.013,0.0405831,4.5929
171,183,0.21,20.945,0.06,0.015,0.0377441,4.2716
172,184,0.21,20.945,0.06,0.021,0.0379765,4.2979
173,185,0.21,20.946,0.06,0.018,0.0560548,6.3439
174,186,0.21,20.946,0.06,0.011,0.0749418,8.4814
175,187,0.21,20.946,0.06,-0.002,0.0607798,6.8787
176,188,0.21,20.946,0.06,-0.001,0.0549096,6.2143
177,189,0.2201,20.944,0.059,0.014,0.0372364,4.2142
178,190,0.2201,20.946,0.06,0.023,0.0245274,2.7759
179,191,0.2201,20.946,0.06,0.015,0.0298827,3.3819
180,192,0.2201,20.948,0.06,0.02,0.0376203,4.2576
181,193,0.2201,20.947,0.06,0.022,0.0330315,3.7383
182,194,0.2301,20.945,0.059,0.009,0.0525304,5.945
183,195,0.2301,20.948,0.06,0.011,0.0385583,4.3638
184,196,0.2301,20.948,0.06,0.002,0.0581715,6.5835
185,197,0.2301,20.946,0.06,-0.015,0.0561027,6.3493
186,198,0.2301,20.946,0.06,-0.003,0.0526745,5.9613
187,199,0.2301,20.946,0.06,0.004,0.0513304,5.8092
188,200,0.2301,20.946,0.06,0.025,0.0411972,4.6624
189,201,0.2301,20.945,0.059,0.027,0.0412566,4.6692
190,202,0.2301,20.947,0.059,0.023,0.0218455,2.4723
191,203,0.2301,20.947,0.059,0.006,0.0428061,4.8445
192,204,0.2301,20.949,0.06,0.016,0.0573877,6.4948
193,205,0.2401,20.948,0.06,0.001,0.0566934,6.4162
194,206,0.2401,20.947,0.06,0.014,0.0834095,9.4397
195,207,0.2401,20.947,0.06,0.001,0.0659937,7.4687
196,208,0.2401,20.946,0.059,0.002,0.0550854,6.2342
197,209,0.2401,20.946,0.06,0.007,0.0398819,4.5136
198,210,0.2401,20.946,0.06,0.012,0.0339638,3.8438
199,211,0.2401,20.945,0.059,0.011,0.0374027,4.233
200,212,0.2401,20.947,0.06,0.013,0.0381562,4.3183
201,213,0.25,20.947,0.06,0.02,0.0425522,4.8158
202,214,0.25,20.949,0.06,0.01,0.0595045,6.7343
203,215,0.25,20.947,0.06,0.001,0.0672636,7.6124
204,216,0.25,20.946,0.06,0.007,0.0598876,6.7777
205,217,0.25,20.945,0.06,-0.014,0.0561883,6.359
206,218,0.26,20.944,0.06,-0.002,0.0500931,5.6692
207,219,0.26,20.945,0.059,0.003,0.0494997,5.602
208,220,0.26,20.946,0.059,0.009,0.0305928,3.4623
209,221,0.26,20.948,0.059,0.019,0.0435759,4.9316
210,222,0.26,20.947,0.059,0.021,0.0263272,2.9795
211,223,0.26,20.946,0.059,0.015,0.0227141,2.5706
212,224,0.26,20.947,0.06,0.021,0.0314353,3.5576
213,225,0.26,20.945,0.06,-0.001,0.0512904,5.8047
214,226,0.26,20.946,0.059,-0.008,0.0675915,7.6496
215,227,0.27,20.946,0.059,-0.006,0.033397,3.7797
216,228,0.27,20.947,0.059,-0.001,0.0512995,5.8057
217,229,0.27,20.947,0.059,0.008,0.029561,3.3455
218,230,0.27,20.946,0.059,0.01,0.0243336,2.7539
219,231,0.27,20.946,0.059,0.022,0.0262918,2.9755
220,232,0.27,20.947,0.059,0.01,0.0418319,4.7343
221,233,0.27,20.947,0.059,0.022,0.0450749,5.1013
222,234,0.27,20.948,0.059,0.02,0.0561967,6.36
223,235,0.27,20.949,0.058,0.017,0.0516495,5.8453
224,236,0.27,20.948,0.059,0.004,0.0618232,6.9967
225,237,0.28,20.947,0.059,-0.007,0.0474377,5.3687
226,238,0.28,20.946,0.058,0.015,0.0625925,7.0838
227,239,0.28,20.948,0.059,-0.001,0.0335311,3.7948
228,240,0.29,20.948,0.059,0.019,0.0459466,5.1999
229,241,0.29,20.948,0.059,0.024,0.0452787,5.1243
230,242,0.29,20.948,0.059,0.027,0.0402378,4.5538
231,243,0.29,20.947,0.06,0.021,0.0397628,4.5001
232,244,0.29,20.945,0.059,0.017,0.0670934,7.5932
233,245,0.29,20.945,0.059,0.003,0.0597691,6.7643
234,246,0.29,20.946,0.059,0.008,0.0545816,6.1772
235,247,0.3,20.946,0.058,-0.003,0.049097,5.5565
236,248,0.3,20.946,0.058,0.017,0.0568709,6.4363
237,249,0.3,20.945,0.058,-0.008,0.0673194,7.6188
238,250,0.3,20.947,0.058,0.016,0.0422862,4.7857
239,251,0.3,20.948,0.058,0.008,0.043258,4.8957
240,252,0.3,20.947,0.059,0.01,0.054587,6.1778
241,253,0.3,20.947,0.059,0.023,0.0559716,6.3345
242,254,0.3,20.945,0.058,0.019,0.0406496,4.6005
243,255,0.3,20.946,0.057,-0.007,0.0584828,6.6187
244,256,0.3,20.946,0.058,-0.003,0.0530574,6.0047
245,257,0.3,20.947,0.059,-0.005,0.0752199,8.5129
246,258,0.3,20.948,0.059,0.005,0.0464146,5.2529
247,259,0.3,20.947,0.059,0.002,0.0402333,4.5533
248,260,0.3,20.946,0.059,-0.002,0.0285872,3.2353
249,261,0.31,20.945,0.059,0.016,0.0356431,4.0339
250,262,0.31,20.946,0.059,0.015,0.0285107,3.2267
251,263,0.31,20.946,0.059,0.01,0.0383942,4.3452
252,264,0.31,20.945,0.06,0.013,0.0475129,5.3772
253,265,0.31,20.944,0.059,0.022,0.0626855,7.0943
254,266,0.31,20.945,0.059,0.006,0.0773032,8.7487
255,267,0.31,20.945,0.059,0.002,0.0611315,6.9185
256,268,0.32,20.947,0.059,-0.018,0.0678835,7.6826
257,269,0.32,20.947,0.059,0.008,0.0546739,6.1876
258,270,0.32,20.947,0.059,0.013,0.0641456,7.2596
259,271,0.32,20.947,0.058,0.019,0.0287244,3.2508
260,272,0.32,20.948,0.059,0.019,0.0338737,3.8336
261,273,0.32,20.947,0.06,0.025,0.0362694,4.1047
262,274,0.32,20.947,0.059,0.018,0.0402438,4.5545
263,275,0.33,20.946,0.059,0.011,0.0525164,5.9435
264,276,0.33,20.946,0.059,-0.002,0.0409498,4.6344
265,277,0.33,20.946,0.059,-0.012,0.0543353,6.1493
266,278,0.33,20.945,0.059,0.008,0.0461214,5.2197
267,279,0.33,20.944,0.059,-0.009,0.0600717,6.7985
268,280,0.33,20.946,0.059,0.01,0.0458278,5.1865
269,281,0.33,20.945,0.06,0.006,0.0427992,4.8437
270,282,0.3401,20.944,0.059,0.033,0.043607,4.9352
271,283,0.3401,20.945,0.06,0.024,0.0366469,4.1475
272,284,0.3401,20.946,0.06,0.021,0.0491009,5.5569
273,285,0.3401,20.946,0.06,0.022,0.0615409,6.9648
274,286,0.3401,20.945,0.06,0.011,0.0622833,7.0488
275,287,0.3401,20.945,0.06,0.012,0.0736462,8.3348
276,288,0.3401,20.947,0.06,0.007,0.0642932,7.2763
277,289,0.3499,20.945,0.06,0.011,0.0254785,2.8835
278,290,0.3499,20.946,0.06,0.003,0.0313481,3.5478
279,291,0.3499,20.945,0.06,0.017,0.0438096,4.9581
280,292,0.3499,20.945,0.059,0.019,0.0373451,4.2265
281,293,0.3499,20.945,0.059,0.02,0.0225287,2.5497
282,294,0.3499,20.945,0.059,0.026,0.0594331,6.7262
283,295,0.3499,20.945,0.06,0.014,0.0526097,5.954
284,296,0.3499,20.945,0.06,-0.003,0.0450875,5.1027
285,297,0.3499,20.946,0.06,-0.004,0.070082,7.9314
286,298,0.3499,20.946,0.06,-0.004,0.0440452,4.9847
287,299,0.3499,20.944,0.06,-0.005,0.0603973,6.8354
288,300,0.36,20.946,0.06,0.031,0.0680577,7.7023
289,301,0.36,20.946,0.059,0.021,0.0395775,4.4791
290,302,0.36,20.947,0.059,0.015,0.0327078,3.7016
291,303,0.36,20.946,0.06,0.021,0.0533812,6.0413
292,304,0.36,20.946,0.059,0.034,0.0530222,6.0007
293,305,0.36,20.946,0.059,0.004,0.0470798,5.3282
294,306,0.36,20.945,0.059,0.006,0.044704,5.0593
295,307,0.36,20.946,0.059,0.01,0.0348509,3.9442
296,308,0.36,20.947,0.059,-0.015,0.0487639,5.5188
297,309,0.37,20.947,0.059,0.01,0.0272533,3.0843
298,310,0.37,20.947,0.059,0,0.0325506,3.6839
299,311,0.37,20.946,0.059,-0.003,0.0179054,2.0264
300,312,0.37,20.945,0.059,0.019,0.0396775,4.4904
301,313,0.37,20.946,0.06,0.02,0.0536262,6.0691
302,314,0.37,20.947,0.059,0.009,0.0502897,5.6915
303,315,0.37,20.945,0.059,0.006,0.0619266,7.0084
304,316,0.38,20.946,0.059,0.007,0.0898704,10.1709
305,317,0.38,20.947,0.059,0.004,0.0558615,6.322
306,318,0.38,20.948,0.059,0.009,0.0773993,8.7595
307,319,0.38,20.949,0.059,0.006,0.0518444,5.8674
308,320,0.38,20.947,0.059,0.026,0.0593501,6.7169
309,321,0.38,20.947,0.059,0.02,0.0494581,5.5973
310,322,0.38,20.947,0.059,0.03,0.0502523,5.6872
311,323,0.38,20.948,0.06,0.014,0.0437058,4.9463
312,324,0.38,20.947,0.06,0.004,0.0378893,4.2881
313,325,0.39,20.946,0.059,0.003,0.0352569,3.9901
314,326,0.39,20.947,0.059,-0.007,0.0512561,5.8008
315,327,0.39,20.947,0.06,-0.019,0.0495676,5.6097
316,328,0.4,20.944,0.06,-0.002,0.0551706,6.2438
317,329,0.4,20.947,0.059,-0.018,0.0479674,5.4286
318,330,0.4,20.946,0.059,0.007,0.0534556,6.0498
319,331,0.4,20.946,0.059,-0.005,0.0480317,5.4359
320,332,0.4,20.947,0.059,0.01,0.0578825,6.5508
321,333,0.4,20.946,0.059,0.009,0.0490439,5.5505
322,334,0.4,20.946,0.059,0.005,0.0468548,5.3027
323,335,0.4,20.948,0.059,0.015,0.0578258,6.5443
324,336,0.4,20.947,0.059,0.018,0.0660629,7.4766
325,337,0.41,20.947,0.058,0.003,0.0591498,6.6942
326,338,0.41,20.947,0.059,0.006,0.071475,8.0891
327,339,0.41,20.947,0.059,0.004,0.0574009,6.4963
328,340,0.41,20.946,0.059,0.011,0.0618748,7.0026
329,341,0.41,20.946,0.059,0.01,0.0503105,5.6938
330,342,0.41,20.945,0.059,0.016,0.0474584,5.371
331,343,0.41,20.945,0.059,0.011,0.0652348,7.3828
332,344,0.41,20.944,0.059,0.01,0.0450902,5.103
333,345,0.41,20.946,0.059,0.012,0.063912,7.2331
334,346,0.41,20.946,0.059,0.007,0.0574414,6.5008
335,347,0.41,20.945,0.06,-0.002,0.0298989,3.3838
336,348,0.42,20.945,0.06,0.004,0.0456431,5.1656
337,349,0.42,20.945,0.06,-0.007,0.0404818,4.5815
338,350,0.42,20.945,0.06,0.01,0.0548631,6.209
339,351,0.42,20.944,0.06,0.002,0.0546732,6.1875
340,352,0.42,20.945,0.059,0.017,0.0459532,5.2007
341,353,0.42,20.944,0.059,0.021,0.0519996,5.885
342,354,0.42,20.944,0.06,0,0.041433,4.6891
343,355,0.42,20.945,0.059,0.018,0.0602721,6.8212
344,356,0.43,20.945,0.058,0.01,0.0442376,5.0065
345,357,0.43,20.943,0.059,0.003,0.0470987,5.3303
346,358,0.43,20.946,0.059,0.018,0.0649406,7.3495
347,359,0.43,20.948,0.059,0.004,0.0602749,6.8215
348,360,0.44,20.948,0.06,0.013,0.0701622,7.9405
349,361,0.44,20.947,0.06,0.004,0.0546265,6.1823
350,362,0.44,20.946,0.059,0.009,0.0402268,4.5526
351,363,0.44,20.945,0.059,0.018,0.0475319,5.3793
352,364,0.44,20.945,0.059,0.012,0.0300244,3.398
353,365,0.4499,20.945,0.059,0.012,0.0435026,4.9233
354,366,0.4499,20.947,0.058,0.003,0.0576276,6.5219
355,367,0.4499,20.945,0.058,0.01,0.0658032,7.4472
356,368,0.4499,20.947,0.058,0.007,0.0662656,7.4995
357,369,0.4499,20.947,0.058,-0.004,0.0571852,6.4718
358,370,0.4499,20.946,0.058,-0.004,0.0606037,6.8587
359,371,0.4499,20.947,0.058,-0.013,0.0463744,5.2484
360,372,0.4499,20.947,0.058,0.001,0.0463055,5.2405
361,373,0.4499,20.947,0.058,0.019,0.0362263,4.0999
362,374,0.4499,20.946,0.058,0.013,0.0268247,3.0358
363,375,0.4499,20.946,0.058,0.029,0.0501484,5.6755
364,376,0.4499,20.946,0.059,0.011,0.0445682,5.0439
365,377,0.4499,20.947,0.059,0.006,0.0588168,6.6565
366,378,0.4599,20.945,0.059,-0.001,0.0752508,8.5164
367,379,0.4599,20.945,0.058,-0.006,0.0620919,7.0271
368,380,0.4599,20.946,0.058,-0.001,0.0658009,7.4469
369,381,0.4599,20.947,0.059,-0.001,0.0544058,6.1573
370,382,0.4599,20.946,0.058,0.013,0.0355841,4.0272
371,383,0.4599,20.946,0.059,0.014,0.0645199,7.3019
372,384,0.4599,20.946,0.06,0.017,0.0432034,4.8895
373,385,0.4599,20.947,0.059,0.025,0.0439171,4.9702
374,386,0.4699,20.947,0.059,0.004,0.036363,4.1153
375,387,0.4699,20.947,0.058,0.01,0.0545417,6.1727
376,388,0.4699,20.947,0.059,-0.003,0.0552065,6.2479
377,389,0.4699,20.947,0.059,-0.015,0.0532359,6.0249
378,390,0.4699,20.946,0.058,-0.007,0.0451104,5.1053
379,391,0.4699,20.947,0.058,-0.005,0.0340753,3.8564
380,392,0.4699,20.946,0.058,0.011,0.0367062,4.1542
381,393,0.4799,20.945,0.059,0.019,0.0474883,5.3744
382,394,0.4799,20.947,0.059,-0.006,0.0413738,4.6824
383,395,0.4799,20.946,0.059,0.015,0.052618,5.955
384,396,0.4799,20.946,0.059,0.014,0.0502829,5.6907
385,397,0.4799,20.946,0.059,0.012,0.0593766,6.7199
386,398,0.4799,20.948,0.059,0,0.0645247,7.3025
387,399,0.4799,20.947,0.059,0,0.0606371,6.8625
388,400,0.49,20.947,0.059,0.002,0.061146,6.9201
389,401,0.49,20.947,0.059,0.008,0.0634573,7.1817
390,402,0.49,20.947,0.059,0.02,0.0355831,4.0271
391,403,0.49,20.947,0.058,0.022,0.0342561,3.8769
392,404,0.49,20.946,0.058,0.008,0.0153078,1.7324
393,405,0.49,20.947,0.059,0.023,0.0406469,4.6001
394,406,0.49,20.945,0.059,0.002,0.040403,4.5725
395,407,0.5,20.947,0.059,0.004,0.0547348,6.1945
396,408,0.5,20.947,0.058,0.004,0.0580085,6.565
397,409,0.5,20.945,0.058,-0.003,0.0420986,4.7644
398,410,0.51,20.946,0.059,0,0.053488,6.0534
399,411,0.51,20.946,0.058,-0.006,0.0418953,4.7414
400,412,0.51,20.947,0.057,-0.003,0.0355038,4.0181
401,413,0.51,20.946,0.058,0.015,0.0451446,5.1092
402,414,0.51,20.948,0.058,0.02,0.0504846,5.7135
403,415,0.51,20.947,0.059,0.038,0.0488931,5.5334
404,416,0.51,20.947,0.059,0.013,0.0414229,4.688
405,417,0.51,20.947,0.058,0.013,0.0669879,7.5812
406,418,0.51,20.947,0.059,-0.004,0.0593414,6.7159
407,419,0.51,20.948,0.058,-0.004,0.0669348,7.5752
408,420,0.51,20.947,0.058,0.007,0.054178,6.1315
409,421,0.51,20.948,0.059,0.002,0.0563553,6.3779
410,422,0.51,20.947,0.058,0.007,0.0291759,3.3019
411,423,0.51,20.948,0.058,0.019,0.0336323,3.8063
412,424,0.52,20.947,0.058,0.005,0.0240158,2.7179
413,425,0.52,20.948,0.058,0.01,0.0454138,5.1396
414,426,0.52,20.946,0.058,0.002,0.037111,4.2
415,427,0.52,20.948,0.058,0.009,0.0488908,5.5331
416,428,0.52,20.948,0.059,-0.011,0.0512614,5.8014
417,429,0.52,20.947,0.06,-0.004,0.0499937,5.658
418,430,0.52,20.947,0.059,-0.008,0.0514118,5.8185
419,431,0.52,20.946,0.058,-0.004,0.0457305,5.1755
420,432,0.53,20.948,0.058,0.003,0.0416932,4.7186
421,433,0.54,20.946,0.059,0.02,0.0228942,2.591
422,434,0.54,20.948,0.058,0.025,0.0296059,3.3506
423,435,0.54,20.946,0.058,0.03,0.0488101,5.524
424,436,0.54,20.947,0.059,0.015,0.0416872,4.7179
425,437,0.5499,20.946,0.058,0.021,0.0630792,7.1389
426,438,0.5499,20.946,0.059,0.006,0.0464026,5.2515
427,439,0.5499,20.947,0.059,0.003,0.0457647,5.1793
428,440,0.54,20.947,0.059,0.005,0.0585036,6.621
429,441,0.54,20.947,0.058,0.003,0.0462837,5.2381
430,442,0.54,20.947,0.058,0.009,0.0527957,5.9751
431,443,0.54,20.947,0.058,0.014,0.0441171,4.9929
432,444,0.54,20.947,0.059,0.031,0.0390152,4.4155
433,445,0.5499,20.947,0.059,0.028,0.0332791,3.7663
434,446,0.5499,20.946,0.059,0.01,0.0466353,5.2779
435,447,0.5499,20.946,0.059,0.011,0.0589977,6.677
436,448,0.5499,20.947,0.059,-0.004,0.0502175,5.6833
437,449,0.5499,20.946,0.059,0.008,0.0626719,7.0928
438,450,0.5499,20.947,0.058,0.008,0.0725372,8.2093
439,451,0.5499,20.947,0.058,0.007,0.0560188,6.3398
440,452,0.5499,20.945,0.058,0.009,0.0410747,4.6486
441,453,0.5499,20.947,0.058,0.008,0.0283872,3.2127
442,454,0.5499,20.946,0.058,0.011,0.018771,2.1244
443,455,0.5499,20.947,0.058,0.011,0.0387582,4.3864
444,456,0.5499,20.948,0.059,0.021,0.024921,2.8204
445,457,0.5599,20.947,0.059,0.012,0.04465,5.0532
446,458,0.5599,20.946,0.059,0.005,0.0457765,5.1807
447,459,0.5599,20.945,0.059,0.004,0.0518394,5.8668
448,460,0.5599,20.947,0.058,-0.003,0.0615308,6.9637
449,461,0.5599,20.946,0.059,-0.003,0.0487266,5.5146
450,462,0.5599,20.944,0.059,0.009,0.0501399,5.6745
451,463,0.5599,20.945,0.059,0.017,0.0327807,3.7099
452,464,0.5699,20.946,0.058,0.02,0.0471928,5.341
453,465,0.5699,20.948,0.058,0.03,0.0230897,2.6131
454,466,0.5699,20.948,0.058,0.016,0.0462609,5.2355
455,467,0.5699,20.947,0.058,0.029,0.0448934,5.0807
456,468,0.5699,20.947,0.058,0.015,0.0457016,5.1722
457,469,0.5699,20.946,0.059,0.014,0.0558254,6.3179
458,470,0.5699,20.946,0.058,0.002,0.0385166,4.359
459,471,0.5699,20.947,0.059,-0.005,0.0635881,7.1965
460,472,0.5799,20.947,0.058,0.005,0.0503716,5.7007
461,473,0.5799,20.947,0.058,0.005,0.0354923,4.0168
462,474,0.5799,20.947,0.058,0.022,0.0240368,2.7203
463,475,0.5799,20.947,0.058,0.008,0.041439,4.6898
464,476,0.5799,20.947,0.058,0.026,0.0315538,3.571
465,477,0.5799,20.948,0.057,0.008,0.0518172,5.8643
466,478,0.5799,20.947,0.059,0.011,0.06233,7.0541
467,479,0.5899,20.947,0.059,0.009,0.0599277,6.7822
468,480,0.5899,20.947,0.059,-0.002,0.0486909,5.5105
469,481,0.5899,20.947,0.058,0.015,0.0476444,5.3921
470,482,0.5899,20.947,0.059,-0.002,0.0396599,4.4884
471,483,0.5899,20.946,0.059,0.004,0.0295165,3.3405
472,484,0.5999,20.947,0.058,0.013,0.0311644,3.527
473,485,0.5999,20.948,0.058,0.03,0.0440647,4.9869
474,486,0.61,20.947,0.058,0.018,0.0408984,4.6286
475,487,0.61,20.946,0.058,0.027,0.0475662,5.3832
476,488,0.61,20.946,0.058,0.004,0.0485479,5.4943
477,489,0.61,20.947,0.058,-0.007,0.0643972,7.2881
478,490,0.61,20.947,0.059,-0.008,0.0566769,6.4143
479,491,0.61,20.948,0.058,0.005,0.0608114,6.8822
480,492,0.61,20.947,0.057,0.007,0.0531071,6.0103
481,493,0.5999,20.947,0.057,0.016,0.0483001,5.4663
482,494,0.5999,20.947,0.058,0.021,0.0172404,1.9512
483,495,0.5999,20.948,0.058,0.014,0.0389143,4.4041
484,496,0.61,20.949,0.058,0.016,0.0572682,6.4812
485,497,0.61,20.946,0.059,0.014,0.0656647,7.4315
486,498,0.61,20.947,0.06,0.011,0.0528538,5.9816
487,499,0.61,20.946,0.06,0.01,0.045751,5.1778
488,500,0.61,20.946,0.06,-0.002,0.0573927,6.4953
489,501,0.61,20.945,0.06,0.006,0.0594157,6.7243
490,502,0.61,20.945,0.06,-0.002,0.0547231,6.1932
491,503,0.61,20.946,0.059,0.015,0.0332035,3.7578
492,504,0.6201,20.944,0.059,0.011,0.0362946,4.1076
493,505,0.6201,20.946,0.059,0.035,0.0402388,4.554
494,506,0.6201,20.947,0.058,0.015,0.0361672,4.0932
495,507,0.6201,20.947,0.058,0.004,0.0454057,5.1387
496,508,0.6201,20.946,0.059,0,0.0571962,6.4731
497,509,0.6201,20.945,0.059,0.006,0.0687758,7.7836
498,510,0.6201,20.946,0.058,0.013,0.0536641,6.0733
499,511,0.6201,20.946,0.058,0.004,0.0500492,5.6642
500,512,0.6301,20.946,0.058,0.002,0.0548454,6.207
501,513,0.6301,20.946,0.058,0.001,0.0397178,4.495
502,514,0.6301,20.947,0.058,0.016,0.033619,3.8048
503,515,0.6301,20.948,0.058,0.018,0.0382336,4.327
504,516,0.6301,20.947,0.058,0.019,0.0220242,2.4925
505,517,0.6401,20.946,0.058,0.019,0.029999,3.3951
506,518,0.6401,20.947,0.058,0.014,0.051248,5.7999
507,519,0.6401,20.946,0.059,0.004,0.06491,7.3461
508,520,0.6401,20.946,0.058,-0.009,0.0696454,7.882
509,521,0.6401,20.946,0.058,0.002,0.0722999,8.1824
510,522,0.6401,20.947,0.058,0.001,0.0564011,6.3831
511,523,0.6401,20.948,0.059,0.006,0.049615,5.6151
512,524,0.6401,20.946,0.058,0.024,0.0299903,3.3941
513,525,0.6401,20.945,0.058,0.02,0.0290363,3.2861
514,526,0.6401,20.947,0.058,0.016,0.0302908,3.4281
515,527,0.6401,20.947,0.058,0.027,0.0261776,2.9626
516,528,0.65,20.948,0.059,0.029,0.039535,4.4743
517,529,0.65,20.946,0.058,0.013,0.0631904,7.1515
518,530,0.65,20.945,0.059,-0.004,0.0505868,5.7251
519,531,0.65,20.946,0.059,-0.005,0.0556139,6.294
520,532,0.65,20.945,0.058,-0.007,0.0541021,6.1229
521,533,0.65,20.945,0.058,0.008,0.0409317,4.6324
522,534,0.65,20.945,0.058,0.01,0.0480497,5.4379
523,535,0.65,20.946,0.058,0.029,0.0351916,3.9827
524,536,0.65,20.946,0.058,0.025,0.0317566,3.594
525,537,0.65,20.947,0.058,0.029,0.0391041,4.4255
526,538,0.66,20.946,0.058,0.023,0.0538132,6.0902
527,539,0.66,20.948,0.058,0.011,0.0579225,6.5553
528,540,0.66,20.948,0.058,-0.004,0.051695,5.8505
529,541,0.66,20.946,0.058,0.009,0.0697068,7.889
530,542,0.66,20.946,0.057,0,0.050547,5.7206
531,543,0.66,20.947,0.057,-0.001,0.0487935,5.5221
532,544,0.66,20.948,0.058,0.009,0.0329276,3.7265
533,545,0.66,20.948,0.058,0.012,0.0263888,2.9865
534,546,0.67,20.946,0.058,0.015,0.027091,3.066
535,547,0.67,20.948,0.058,0.027,0.0433895,4.9105
536,548,0.67,20.946,0.058,0.016,0.0599203,6.7814
537,549,0.67,20.947,0.058,0.006,0.0650311,7.3598
538,550,0.67,20.946,0.058,-0.001,0.0607954,6.8804
539,551,0.67,20.947,0.058,0.004,0.0574532,6.5022
540,552,0.67,20.947,0.058,-0.004,0.0802613,9.0834
541,553,0.67,20.945,0.058,0.01,0.0603152,6.8261
542,554,0.68,20.946,0.058,0.015,0.0144805,1.6388
543,555,0.68,20.945,0.058,0.022,0.0249841,2.8275
544,556,0.68,20.947,0.057,0.018,0.0380968,4.3115
545,557,0.68,20.949,0.057,0.023,0.043033,4.8702
546,558,0.68,20.948,0.057,0.013,0.0556777,6.3012
547,559,0.68,20.947,0.057,-0.003,0.0718647,8.1332
548,560,0.69,20.947,0.058,-0.007,0.0480101,5.4335
549,561,0.69,20.947,0.058,0,0.0705601,7.9855
550,562,0.69,20.946,0.057,-0.002,0.0449377,5.0858
551,563,0.69,20.947,0.058,-0.014,0.0460711,5.214
552,564,0.69,20.945,0.058,0,0.0437386,4.95
553,565,0.69,20.946,0.058,0.034,0.0375436,4.2489
554,566,0.69,20.948,0.059,0.029,0.0473786,5.362
555,567,0.69,20.947,0.059,0.02,0.0587428,6.6481
556,568,0.69,20.946,0.057,0.011,0.05427,6.1419
557,569,0.69,20.947,0.058,0.002,0.0563066,6.3724
558,570,0.69,20.947,0.057,-0.01,0.0560325,6.3414
559,571,0.7,20.946,0.058,0.003,0.0749438,8.4816
560,572,0.71,20.948,0.058,-0.014,0.0566692,6.4134
561,573,0.7201,20.947,0.058,0.006,0.0536834,6.0755
562,574,0.7201,20.948,0.058,0.014,0.036131,4.0891
563,575,0.71,20.946,0.058,0.011,0.0407471,4.6115
564,576,0.71,20.947,0.058,0.017,0.0380863,4.3104
565,577,0.71,20.947,0.057,0.007,0.0523144,5.9206
566,578,0.71,20.947,0.057,0.004,0.04227,4.7838
567,579,0.71,20.946,0.057,0.006,0.0569536,6.4456
568,580,0.71,20.946,0.057,0.001,0.0485718,5.497
569,581,0.71,20.947,0.057,0.001,0.0699239,7.9135
570,582,0.71,20.947,0.059,-0.017,0.043058,4.873
571,583,0.71,20.947,0.058,-0.002,0.038577,4.3659
572,584,0.71,20.947,0.059,0.002,0.0391786,4.434
573,585,0.7201,20.947,0.059,0.022,0.0270214,3.0581
574,586,0.7201,20.946,0.058,0.022,0.0255561,2.8923
575,587,0.7201,20.945,0.058,0.026,0.0397261,4.4959
576,588,0.7201,20.945,0.057,0.013,0.0548046,6.2024
577,589,0.7201,20.945,0.057,0.014,0.0627565,7.1024
578,590,0.7301,20.947,0.057,0.005,0.0538902,6.0989
579,591,0.7301,20.946,0.058,0.008,0.0630935,7.1405
580,592,0.7301,20.947,0.058,-0.008,0.0548669,6.2095
581,593,0.7301,20.946,0.058,0.012,0.0500631,5.6658
582,594,0.7301,20.947,0.058,0.021,0.0402337,4.5534
583,595,0.7301,20.946,0.058,0.02,0.0388654,4.3985
584,596,0.7301,20.946,0.057,0.022,0.042776,4.8411
585,597,0.7301,20.948,0.057,0.02,0.046379,5.2489
586,598,0.7301,20.949,0.057,0.011,0.0512613,5.8014
587,599,0.7301,20.948,0.058,0.001,0.0538417,6.0934
588,600,0.7301,20.947,0.058,-0.001,0.0710355,8.0393
589,601,0.7401,20.946,0.059,0.001,0.0600006,6.7905
590,602,0.7401,20.947,0.058,-0.004,0.0633797,7.1729
591,603,0.7401,20.946,0.058,0.005,0.0491456,5.562
592,604,0.7401,20.946,0.058,0.01,0.0332767,3.766
593,605,0.7401,20.946,0.058,0.015,0.0210969,2.3876
594,606,0.7401,20.947,0.057,0.021,0.029141,3.298
595,607,0.7401,20.946,0.058,0.017,0.0330876,3.7446
596,608,0.7401,20.946,0.058,0.019,0.0384111,4.3471
597,609,0.7401,20.945,0.058,0.014,0.0473512,5.3589
598,610,0.75,20.945,0.058,0.006,0.0629971,7.1296
599,611,0.75,20.946,0.058,-0.009,0.0534689,6.0513
600,612,0.75,20.946,0.058,0.001,0.0478298,5.4131
601,613,0.75,20.946,0.057,-0.007,0.0446295,5.0509
602,614,0.75,20.947,0.057,0.006,0.045628,5.1639
603,615,0.76,20.947,0.057,0.022,0.0486887,5.5103
604,616,0.76,20.947,0.057,0.029,0.0336362,3.8067
605,617,0.76,20.948,0.058,0.021,0.0510579,5.7784
606,618,0.76,20.948,0.058,0.021,0.0498341,5.6399
607,619,0.76,20.947,0.057,0.012,0.046619,5.276
608,620,0.76,20.948,0.057,0.004,0.0588699,6.6625
609,621,0.77,20.948,0.057,-0.001,0.0665685,7.5338
610,622,0.77,20.946,0.057,-0.002,0.0734312,8.3105
611,623,0.77,20.948,0.057,0.003,0.0647646,7.3296
612,624,0.77,20.948,0.057,0.012,0.0614271,6.9519
613,625,0.77,20.947,0.057,0.015,0.0313199,3.5446
614,626,0.77,20.946,0.058,0.018,0.0416517,4.7139
615,627,0.77,20.945,0.057,0.026,0.054354,6.1514
616,628,0.77,20.946,0.057,0.019,0.0433996,4.9117
617,629,0.77,20.944,0.057,0.011,0.0587808,6.6524
618,630,0.77,20.946,0.057,0.009,0.06035,6.83
619,631,0.77,20.947,0.057,-0.007,0.0750711,8.4961
620,632,0.78,20.948,0.058,-0.01,0.0446353,5.0515
621,633,0.78,20.947,0.058,-0.011,0.0543223,6.1478
622,634,0.78,20.946,0.057,-0.004,0.047241,5.3464
623,635,0.78,20.946,0.058,-0.004,0.0581903,6.5856
624,636,0.78,20.947,0.058,0.018,0.0442226,5.0048
625,637,0.78,20.948,0.058,0.018,0.0227863,2.5788
626,638,0.78,20.946,0.058,0.015,0.0260691,2.9503
627,639,0.78,20.944,0.058,0.016,0.0477105,5.3996
628,640,0.79,20.946,0.058,0.008,0.0516836,5.8492
629,641,0.79,20.945,0.059,0.009,0.0528641,5.9828
630,642,0.79,20.944,0.059,-0.013,0.0688798,7.7954
631,643,0.79,20.946,0.058,0.009,0.0606706,6.8663
632,644,0.79,20.947,0.058,0.012,0.0509094,5.7616
633,645,0.79,20.945,0.058,0.008,0.0479834,5.4304
634,646,0.79,20.947,0.057,0.003,0.0389154,4.4042
635,647,0.79,20.946,0.057,0.016,0.0473132,5.3546
636,648,0.8,20.946,0.057,0.032,0.0376882,4.2653
637,649,0.8,20.947,0.057,0.019,0.0510498,5.7775
638,650,0.81,20.949,0.056,0.013,0.0568522,6.4342
639,651,0.81,20.946,0.057,0.001,0.075864,8.5858
640,652,0.8,20.948,0.057,-0.006,0.0712705,8.0659
641,653,0.8,20.949,0.057,-0.006,0.0692193,7.8338
642,654,0.8,20.946,0.058,0.005,0.0598873,6.7776
643,655,0.8,20.945,0.058,0.008,0.0626692,7.0925
644,656,0.8,20.946,0.057,0.012,0.0367855,4.1631
645,657,0.8,20.946,0.057,0.022,0.0428816,4.8531
646,658,0.81,20.946,0.057,0.01,0.0424005,4.7986
647,659,0.82,20.947,0.057,0.018,0.0266178,3.0124
648,660,0.83,20.947,0.057,0.01,0.0474886,5.3745
649,661,0.83,20.946,0.058,0.004,0.0631117,7.1426
650,662,0.82,20.946,0.058,-0.014,0.0687085,7.776
651,663,0.82,20.946,0.059,-0.015,0.0656869,7.434
652,664,0.82,20.947,0.058,-0.004,0.0363438,4.1131
653,665,0.82,20.945,0.057,0.001,0.0456321,5.1643
654,666,0.82,20.946,0.057,0,0.0505877,5.7252
655,667,0.82,20.946,0.057,0.019,0.0427499,4.8381
656,668,0.82,20.947,0.057,0.018,0.036081,4.0834
657,669,0.82,20.946,0.058,0.009,0.0419223,4.7445
658,670,0.82,20.948,0.058,0.018,0.0501332,5.6737
659,671,0.83,20.949,0.058,0.013,0.0544799,6.1657
660,672,0.83,20.946,0.059,0.006,0.0685632,7.7595
661,673,0.83,20.944,0.058,-0.004,0.0565548,6.4005
662,674,0.83,20.945,0.057,0,0.0577528,6.5361
663,675,0.83,20.945,0.056,0.019,0.0451882,5.1141
664,676,0.83,20.947,0.057,0.017,0.0447791,5.0678
665,677,0.83,20.946,0.057,0.011,0.009243,1.0461
666,678,0.83,20.946,0.058,0.023,0.0360852,4.0839
667,679,0.83,20.945,0.058,0.018,0.0437375,4.9499
668,680,0.83,20.947,0.057,0.017,0.048844,5.5278
669,681,0.83,20.946,0.057,0.006,0.0658509,7.4526
670,682,0.8401,20.947,0.057,0.001,0.0730054,8.2623
671,683,0.8401,20.947,0.057,-0.01,0.0613168,6.9394
672,684,0.8401,20.947,0.057,0.005,0.0661656,7.4882
673,685,0.8401,20.946,0.057,0,0.0570419,6.4556
674,686,0.8401,20.947,0.057,0.011,0.0458836,5.1928
675,687,0.8401,20.947,0.057,0.015,0.0330904,3.745
676,688,0.8401,20.946,0.058,0.04,0.0445888,5.0463
677,689,0.8401,20.948,0.057,0.014,0.0444197,5.0271
678,690,0.8499,20.948,0.058,0.017,0.0552,6.2472
679,691,0.8499,20.946,0.057,0.006,0.0523792,5.9279
680,692,0.8499,20.947,0.057,-0.004,0.0435186,4.9251
681,693,0.8499,20.946,0.057,-0.015,0.0390134,4.4153
682,694,0.8499,20.947,0.057,-0.003,0.0412669,4.6703
683,695,0.8499,20.947,0.056,-0.009,0.0227545,2.5752
684,696,0.8499,20.947,0.057,0.01,0.0362204,4.0992
685,697,0.86,20.945,0.057,0.011,0.0128309,1.4521
686,698,0.86,20.947,0.057,0.022,0.0333276,3.7718
687,699,0.86,20.947,0.057,0.007,0.0373442,4.2264
688,700,0.86,20.948,0.057,0.012,0.0508179,5.7512
689,701,0.86,20.947,0.057,0.001,0.0533145,6.0338
690,702,0.86,20.947,0.057,0,0.066456,7.521
691,703,0.86,20.948,0.057,0.008,0.0691253,7.8231
692,704,0.86,20.948,0.057,0.017,0.060296,6.8239
693,705,0.86,20.947,0.058,0.02,0.0598448,6.7728
694,706,0.86,20.946,0.058,0.031,0.0587618,6.6503
695,707,0.86,20.947,0.057,0.018,0.0485163,5.4908
696,708,0.87,20.947,0.057,0.041,0.0498843,5.6456
697,709,0.87,20.947,0.056,0.027,0.0351498,3.978
698,710,0.87,20.946,0.057,0.019,0.0552602,6.254
699,711,0.87,20.947,0.058,0.006,0.0703894,7.9662
700,712,0.87,20.947,0.057,0.001,0.0589472,6.6713
701,713,0.87,20.947,0.057,-0.005,0.046486,5.261
702,714,0.88,20.946,0.057,-0.001,0.0417642,4.7266
703,715,0.88,20.945,0.057,-0.003,0.0435865,4.9328
704,716,0.88,20.947,0.058,0.003,0.0411178,4.6534
705,717,0.88,20.946,0.056,0.007,0.0208406,2.3586
706,718,0.88,20.945,0.057,0.013,0.0313087,3.5433
707,719,0.88,20.946,0.057,0.006,0.0409414,4.6335
708,720,0.88,20.947,0.057,0.02,0.0296844,3.3595
709,721,0.88,20.947,0.057,0.001,0.0407346,4.6101
710,722,0.88,20.947,0.057,-0.008,0.0542238,6.1367
711,723,0.89,20.946,0.057,-0.007,0.0597839,6.7659
712,724,0.89,20.948,0.058,0.005,0.0501623,5.677
713,725,0.89,20.948,0.057,0.008,0.0360953,4.085
714,726,0.89,20.948,0.057,0.013,0.025068,2.837
715,727,0.89,20.947,0.058,0.015,0.0248929,2.8172
716,728,0.89,20.947,0.057,0.033,0.0230869,2.6128
717,729,0.89,20.947,0.057,0.029,0.0365927,4.1413
718,730,0.89,20.946,0.057,0.025,0.0412558,4.6691
719,731,0.89,20.945,0.057,0.02,0.0513702,5.8137
720,732,0.89,20.948,0.056,0.005,0.0680947,7.7065
721,733,0.9,20.949,0.057,-0.006,0.0558209,6.3174
722,734,0.9,20.949,0.057,-0.002,0.0549151,6.2149
723,735,0.9,20.947,0.057,-0.004,0.0573645,6.4921
724,736,0.9,20.949,0.057,0.015,0.0390672,4.4214
725,737,0.9,20.948,0.057,0.025,0.0462589,5.2353
726,738,0.9,20.948,0.057,0.025,0.0429176,4.8571
727,739,0.91,20.948,0.057,0.027,0.0406958,4.6057
728,740,0.91,20.948,0.057,0.019,0.0477696,5.4063
729,741,0.91,20.947,0.057,0.015,0.039615,4.4834
730,742,0.91,20.947,0.057,0.005,0.0466019,5.2741
731,743,0.91,20.947,0.057,0,0.0553208,6.2608
732,744,0.91,20.945,0.057,0.001,0.0397838,4.5025
733,745,0.91,20.947,0.057,0.002,0.0416207,4.7104
734,746,0.92,20.947,0.057,0.004,0.029894,3.3832
735,747,0.92,20.946,0.056,0.026,0.0444904,5.0351
736,748,0.92,20.945,0.056,0.011,0.0200051,2.264
737,749,0.92,20.947,0.056,0.005,0.0372929,4.2206
738,750,0.92,20.949,0.056,0.011,0.0321165,3.6347
739,751,0.92,20.948,0.057,0.004,0.0442451,5.0074
740,752,0.92,20.948,0.057,0.007,0.0529655,5.9943
741,753,0.92,20.949,0.057,0.005,0.039623,4.4843
742,754,0.92,20.948,0.057,-0.008,0.0530692,6.006
743,755,0.92,20.949,0.057,0.011,0.051779,5.86
744,756,0.93,20.948,0.057,0.019,0.0262118,2.9665
745,757,0.93,20.946,0.058,0.025,0.0293662,3.3235
746,758,0.93,20.947,0.058,0.01,0.0301956,3.4173
747,759,0.93,20.947,0.058,0.029,0.0281919,3.1906
748,760,0.93,20.948,0.057,0.012,0.044354,5.0197
749,761,0.93,20.948,0.058,0.019,0.0475779,5.3845
750,762,0.93,20.948,0.058,0.021,0.0504459,5.7091
751,763,0.93,20.945,0.057,0.007,0.0538035,6.0891
752,764,0.93,20.946,0.057,0.012,0.0600797,6.7994
753,765,0.93,20.948,0.057,-0.002,0.0284915,3.2245
754,766,0.94,20.948,0.057,0.005,0.028264,3.1987
755,767,0.94,20.947,0.056,0.024,0.0439232,4.9709
756,768,0.94,20.948,0.057,0.022,0.0534184,6.0455
757,769,0.94,20.948,0.057,0.025,0.0505536,5.7213
758,770,0.94,20.947,0.058,0.022,0.0567065,6.4177
759,771,0.94,20.948,0.057,0.006,0.053093,6.0087
760,772,0.94,20.948,0.057,0.009,0.0504378,5.7082
761,773,0.94,20.947,0.057,0.001,0.054966,6.2207
762,774,0.94,20.948,0.056,-0.001,0.0565295,6.3976
763,775,0.94,20.948,0.057,-0.001,0.0444477,5.0303
764,776,0.9499,20.947,0.057,0.017,0.0327389,3.7052
765,777,0.9499,20.949,0.058,0.022,0.0262297,2.9685
766,778,0.9499,20.948,0.058,0.015,0.033259,3.764
767,779,0.9499,20.946,0.058,0.012,0.0270921,3.0661
768,780,0.9499,20.945,0.058,0.01,0.0480201,5.4346
769,781,0.9499,20.946,0.057,0.009,0.0446262,5.0505
770,782,0.9499,20.945,0.058,0.009,0.0624579,7.0686
771,783,0.9499,20.946,0.057,0.004,0.0631113,7.1425
772,784,0.9499,20.947,0.057,0.007,0.0593895,6.7213
773,785,0.9499,20.946,0.057,0.005,0.045999,5.2059
774,786,0.9599,20.946,0.057,0.011,0.0341665,3.8667
775,787,0.9599,20.947,0.057,0.013,0.0353325,3.9987
776,788,0.9699,20.949,0.056,0.024,0.0336941,3.8133
777,789,0.9799,20.948,0.056,0.023,0.0408197,4.6197
778,790,0.9799,20.947,0.056,0.024,0.0473491,5.3587
779,791,0.9799,20.948,0.057,0.005,0.036556,4.1372
780,792,0.9699,20.948,0.057,0.007,0.035684,4.0385
781,793,0.9699,20.948,0.057,0,0.0508486,5.7547
782,794,0.9699,20.946,0.057,-0.011,0.0645793,7.3087
783,795,0.9699,20.948,0.057,-0.007,0.061966,7.0129
784,796,0.9699,20.948,0.057,0.006,0.0486114,5.5015
785,797,0.9699,20.948,0.056,0.017,0.0500955,5.6695
786,798,0.9699,20.948,0.056,0.016,0.0306578,3.4697
787,799,0.9799,20.948,0.057,0.018,0.0339175,3.8386
788,800,0.9799,20.948,0.057,0.014,0.0385905,4.3674
789,801,0.9799,20.947,0.057,0.009,0.029359,3.3227
790,802,0.9699,20.947,0.057,0.019,0.0511176,5.7852
791,803,0.9799,20.947,0.057,0.015,0.0720346,8.1524
792,804,0.9799,20.948,0.058,0.005,0.0583789,6.6069
793,805,0.9799,20.947,0.056,-0.009,0.0527282,5.9674
794,806,0.99,20.947,0.057,0.001,0.0610936,6.9142
795,807,0.99,20.946,0.057,0.007,0.0570526,6.4568
796,808,0.99,20.947,0.057,0.006,0.042509,4.8109
797,809,0.99,20.947,0.057,0.02,0.0296365,3.3541
798,810,0.99,20.948,0.057,0.027,0.0401312,4.5418
799,811,0.99,20.946,0.057,0.022,0.0422643,4.7832
800,812,0.99,20.946,0.057,0.021,0.0762643,8.6311
801,813,0.99,20.948,0.058,0.006,0.0624939,7.0726
802,814,0.99,20.947,0.059,-0.005,0.0711334,8.0504
803,815,0.99,20.945,0.059,0.001,0.0618777,7.0029
804,816,0.99,20.946,0.059,0.011,0.0570208,6.4532
805,817,0.99,20.945,0.059,0.014,0.0448679,5.0779
806,818,0.99,20.943,0.059,0.012,0.0398736,4.5126
807,819,1,20.944,0.06,0.012,0.0412479,4.6682
808,820,1,20.947,0.06,0.032,0.0363532,4.1142
809,821,1,20.945,0.06,0.027,0.0558892,6.3252
810,822,1,20.944,0.06,0.025,0.0689762,7.8063
811,823,1,20.944,0.061,-0.008,0.0735459,8.3234
812,824,1,20.944,0.06,0.005,0.0628463,7.1125
813,825,1,20.944,0.06,-0.007,0.0709818,8.0332
814,826,1.01,20.945,0.06,0.006,0.0627846,7.1055
815,827,1.01,20.944,0.06,0.011,0.0638043,7.2209
816,828,1.01,20.944,0.06,0.023,0.0650421,7.361
817,829,1.01,20.944,0.059,0.028,0.0481248,5.4464
818,830,1.01,20.944,0.06,0.022,0.0535162,6.0566
819,831,1.01,20.945,0.059,0.026,0.0408346,4.6214
820,832,1.01,20.945,0.06,0.004,0.0702288,7.948
821,833,1.01,20.946,0.06,-0.005,0.0696435,7.8818
822,834,1.01,20.945,0.061,-0.005,0.0708428,8.0175
823,835,1.01,20.944,0.061,0.004,0.0527332,5.968
824,836,1.02,20.944,0.06,-0.004,0.0274566,3.1074
825,837,1.02,20.944,0.06,0.002,0.0525092,5.9426
826,838,1.02,20.945,0.06,0.005,0.0322931,3.6547
827,839,1.02,20.944,0.061,0.004,0.0401564,4.5446
828,840,1.02,20.944,0.06,0.018,0.0559726,6.3346
829,841,1.02,20.944,0.06,0.014,0.0563304,6.3751
830,842,1.02,20.944,0.06,0.022,0.0571487,6.4677
831,843,1.02,20.945,0.06,0.003,0.0725884,8.2151
832,844,1.02,20.943,0.059,-0.005,0.0704698,7.9753
833,845,1.03,20.945,0.058,-0.001,0.0530082,5.9991
834,846,1.03,20.944,0.059,0.008,0.0443949,5.0243
835,847,1.03,20.946,0.059,0.021,0.0340213,3.8503
836,848,1.03,20.948,0.06,0.016,0.0454056,5.1387
837,849,1.03,20.944,0.058,0.025,0.0458951,5.1941
838,850,1.03,20.946,0.059,0.024,0.0588853,6.6642
839,851,1.03,20.945,0.058,0.013,0.0698922,7.9099
840,852,1.03,20.944,0.057,0.009,0.0728655,8.2464
841,853,1.03,20.945,0.057,0,0.0665562,7.5324
842,854,1.04,20.947,0.058,-0.005,0.0895048,10.1296
843,855,1.04,20.945,0.058,-0.009,0.0756503,8.5616
844,856,1.02,20.946,0.059,0.003,0.0514808,5.8263
845,857,1.0599,20.947,0.059,0.009,0.0618228,6.9967
846,858,1.0499,20.947,0.059,0.014,0.0850947,9.6305
847,859,1.0499,20.948,0.059,0.009,0.0703993,7.9673
848,860,1.04,20.947,0.059,0.017,0.054703,6.1909
849,861,1.04,20.945,0.059,0.015,0.0558001,6.3151
850,862,1.04,20.943,0.059,0.006,0.053675,6.0746
851,863,1.04,20.943,0.059,0.007,0.0546126,6.1807
852,864,1.04,20.942,0.058,0.012,0.0597667,6.764
853,865,1.04,20.942,0.058,-0.008,0.0384044,4.3464
854,866,1.04,20.942,0.06,-0.005,0.0477451,5.4035
855,867,1.04,20.944,0.061,0.006,0.0587726,6.6515
856,868,1.04,20.946,0.062,0.01,0.0310615,3.5153
857,869,1.04,20.943,0.063,0.002,0.0353874,4.0049
858,870,1.04,20.94,0.063,0.015,0.037005,4.188
859,871,1.04,20.94,0.062,0.024,0.0423565,4.7936
860,872,1.04,20.941,0.062,0.015,0.0513826,5.8151
861,873,1.04,20.943,0.061,0.008,0.0441098,4.9921
862,874,1.04,20.945,0.061,0.012,0.0339373,3.8408
863,875,1.04,20.944,0.06,-0.002,0.0325248,3.6809
864,876,1.04,20.946,0.06,0.01,0.0474804,5.3735
865,877,1.04,20.948,0.059,0.006,0.0428984,4.855
866,878,1.04,20.947,0.059,0.001,0.0279668,3.1651
867,879,1.04,20.946,0.058,0.017,0.0116542,1.3189
868,880,1.04,20.948,0.057,0.01,0.015095,1.7084
869,881,1.04,20.949,0.057,0.019,0.0093695,1.0604
870,882,1.04,20.947,0.057,0.013,0.0241278,2.7306
871,883,1.04,20.947,0.057,-0.003,0.0298158,3.3744
872,884,1.04,20.949,0.056,0.003,0.025168,2.8483
873,885,1.04,20.949,0.056,0.008,0.0125313,1.4182
874,886,1.0499,20.95,0.055,0.005,0.0194423,2.2004
875,887,1.0499,20.951,0.055,-0.008,0.0156198,1.7678
876,888,1.0499,20.951,0.054,0.001,0,0
877,889,1.0499,20.95,0.053,0.011,0,0
878,890,1.0499,20.951,0.054,0.018,0,0
879,891,1.0499,20.953,0.053,0.014,0.0012574,0.1423
880,892,1.0499,20.953,0.052,0.006,0.0101795,1.152
881,893,1.0499,20.956,0.052,0.002,0.0256504,2.9029
882,894,1.04,20.954,0.052,-0.003,0.0450439,5.0978
883,895,1.04,20.954,0.052,-0.003,0.0133047,1.5057
884,896,1.04,20.955,0.052,0.004,0.019986,2.2619
885,897,1.04,20.956,0.052,0.007,0,0
886,898,1.04,20.954,0.051,0.006,0,0
887,899,1.0499,20.955,0.051,0.029,0.0071391,0.808
888,900,1.0499,20.957,0.051,0.022,0,0
889,901,1.04,20.958,0.052,0.023,0.0074797,0.8465
890,902,1.04,20.955,0.052,0.024,0.003167,0.3584
891,903,1.04,20.954,0.051,0.006,0.0193625,2.1913
892,904,1.04,20.956,0.051,-0.002,0.003438,0.3891
893,905,1.04,20.955,0.051,-0.021,0.0066396,0.7514
894,906,1.04,20.955,0.051,0.009,0.0135714,1.5359
895,907,1.04,20.955,0.051,-0.002,0.0198453,2.246
896,908,1.04,20.956,0.051,0.012,0.0226243,2.5605
897,909,1.04,20.958,0.051,0.014,0.0061028,0.6907
898,910,1.04,20.957,0.051,0.01,0,0
899,911,1.04,20.956,0.051,0.024,0,0
900,912,1.04,20.956,0.051,0.005,0.0104818,1.1863
901,913,1.04,20.957,0.051,0.009,0.0183235,2.0737
902,914,1.04,20.957,0.051,-0.006,0.0182775,2.0685
903,915,1.04,20.957,0.051,0.004,0.0187885,2.1264
904,916,1.04,20.958,0.051,0.001,0.0216369,2.4487
905,917,1.04,20.958,0.051,-0.001,0.0082516,0.9339
906,918,1.04,20.957,0.051,0.003,0.0042525,0.4813
907,919,1.04,20.955,0.051,0.005,0,0
908,920,1.04,20.954,0.051,0.011,0.0144654,1.6371
909,921,1.04,20.956,0.051,0.018,0.0247433,2.8003
910,922,1.04,20.957,0.051,0.031,0.0234706,2.6562
911,923,1.04,20.956,0.051,0.007,0.0140854,1.5941
912,924,1.04,20.956,0.051,-0.005,0.0024265,0.2746
913,925,1.04,20.957,0.051,-0.01,0.0084026,0.951
914,926,1.04,20.958,0.05,-0.001,0.0070956,0.803
915,927,1.04,20.956,0.051,-0.008,0,0
916,928,1.04,20.957,0.051,0.009,0.0092869,1.051
917,929,1.04,20.956,0.051,0.008,0,0
918,930,1.04,20.957,0.051,0.012,0.0028217,0.3193
919,931,1.04,20.957,0.051,0.003,0,0
920,932,1.04,20.956,0.051,0.003,0,0
921,933,1.04,20.954,0.051,-0.005,0.0130674,1.4789
922,934,1.04,20.956,0.051,-0.001,0.0282235,3.1941
923,935,1.04,20.957,0.051,0.005,0.0180528,2.0431
924,936,1.04,20.958,0.051,0.004,0.0062975,0.7127
925,937,1.04,20.957,0.051,0.01,0.026125,2.9566
926,938,1.04,20.956,0.051,0.021,0.021995,2.4893
927,939,1.04,20.956,0.051,0.008,0.006816,0.7714
928,940,1.04,20.956,0.051,0.032,0,0
929,941,1.04,20.955,0.051,0.014,0.0007634,0.0864
930,942,1.04,20.956,0.052,0.021,0.036016,4.076
931,943,1.04,20.957,0.051,0.024,0.0283084,3.2038
932,944,1.04,20.957,0.051,0,0.0283914,3.2131
933,945,1.04,20.957,0.051,-0.005,0.0218891,2.4773
934,946,1.04,20.955,0.051,-0.005,0.0177859,2.0129
935,947,1.04,20.957,0.051,0.006,0.0018435,0.2086
936,948,1.04,20.957,0.05,-0.003,0.0152556,1.7265
937,949,1.04,20.955,0.05,-0.003,0,0
938,950,1.04,20.956,0.05,0.016,0.0015636,0.177
939,951,1.04,20.955,0.051,0.017,0,0
940,952,1.04,20.957,0.051,0.016,0.0082613,0.935
941,953,1.04,20.956,0.051,-0.007,0.0226117,2.559
942,954,1.04,20.954,0.051,-0.005,0.0327342,3.7046
943,955,1.04,20.955,0.052,-0.01,0.0113441,1.2838
944,956,1.04,20.956,0.052,0,0.0179015,2.026
945,957,1.04,20.955,0.052,-0.001,0.0154992,1.7541
946,958,1.04,20.956,0.052,0.014,0.0134183,1.5186
947,959,1.04,20.956,0.053,0.006,0.001536,0.1738
948,960,1.04,20.955,0.053,0.023,0.0134336,1.5203
949,961,1.04,20.955,0.053,0.018,0.0235918,2.67
950,962,1.0499,20.955,0.052,0.022,0.0247971,2.8064
951,963,1.0499,20.955,0.053,0.008,0.0315981,3.5761
952,964,1.0499,20.956,0.053,0.008,0.0307674,3.482
953,965,1.0499,20.953,0.052,-0.007,0.0316495,3.5819
954,966,1.04,20.954,0.052,0.005,0.0310935,3.519
955,967,1.04,20.956,0.052,-0.001,0.0313675,3.55
956,968,1.04,20.956,0.052,0.006,0.0306527,3.4691
957,969,1.04,20.955,0.052,0.008,0.0310349,3.5123
958,970,1.04,20.955,0.052,0.019,0.0313554,3.5486
959,971,1.04,20.955,0.051,0.008,0.0307612,3.4814
960,972,1.04,20.955,0.051,0.004,0.0310653,3.5158
961,973,1.04,20.954,0.052,0.003,nan,nan
962,974,1.04,20.954,0.052,-0.004,nan,nan
