# run,2026-08-27_exponat_R2
# scope,TEMPERATURE + event timing only (flux/mass channels dead)
# t_ignition_exp_time_s,74.0
# x_axis,time_from_ignition_s = exp_time_s - t_ignition_exp_time_s
# tc_positions_m,"TC_01:(x=0.12,z=0.05); TC_02:(x=0.12,z=0.16); TC_03:(x=0.12,z=0.23); TC_05:(x=0.35,z=0.23); TC_09:(x=0.7,z=0.015); TC_10:(x=0.7,z=0.075); TC_11:(x=0.7,z=0.14)"
# source,exponat_analysis.py
time_from_ignition_s,exp_time_s,event_number,TC_01_C,TC_02_C,TC_03_C,TC_05_C,TC_09_C,TC_10_C,TC_11_C,dT_upperlayer_T3_T2_C,dT_doorway_T11_T9_C
-74,0,0,26.6,25.6,26.8,25.9,25.5,25.5,25.9,1.2,0.4
-73,1,0,26.6,25.6,26.8,25.9,25.5,25.5,25.9,1.2,0.4
-72,2,0,26.6,25.6,26.9,25.9,25.5,25.4,25.9,1.3,0.4
-71,3,0,26.6,25.6,26.9,25.9,25.5,25.4,25.9,1.3,0.4
-70,4,0,26.6,25.6,26.9,25.9,25.5,25.4,25.9,1.3,0.4
-69,5,0,26.6,25.6,26.9,25.9,25.4,25.4,25.8,1.3,0.400002
-68,6,0,26.6,25.6,26.9,25.9,25.4,25.4,25.8,1.3,0.400002
-67,7,0,26.6,25.6,26.9,25.9,25.4,25.4,25.8,1.3,0.400002
-66,8,0,26.6,25.6,26.9,25.9,25.4,25.3,25.8,1.3,0.400002
-65,9,0,26.6,25.6,26.9,25.9,25.4,25.3,25.8,1.3,0.400002
-64,10,0,26.6,25.6,26.8,25.9,25.4,25.3,25.8,1.2,0.400002
-63,11,0,26.6,25.6,26.8,25.9,25.4,25.3,25.8,1.2,0.400002
-62,12,0,26.6,25.6,26.8,25.9,25.4,25.3,25.8,1.2,0.400002
-61,13,0,26.6,25.7,26.8,25.9,25.4,25.3,25.8,1.1,0.400002
-60,14,0,26.6,25.7,26.8,25.9,25.4,25.4,25.8,1.1,0.400002
-59,15,0,26.6,25.7,26.8,25.9,25.4,25.4,25.8,1.1,0.400002
-58,16,0,26.6,25.7,26.8,25.9,25.4,25.4,25.8,1.1,0.400002
-57,17,0,26.6,25.6,26.8,25.9,25.4,25.4,25.8,1.2,0.400002
-56,18,0,26.6,25.6,26.8,25.9,25.4,25.4,25.8,1.2,0.400002
-55,19,0,26.6,25.6,26.8,25.9,25.4,25.4,25.8,1.2,0.400002
-54,20,0,26.6,25.6,26.7,25.9,25.4,25.5,25.8,1.1,0.400002
-53,21,0,26.6,25.6,26.7,25.9,25.4,25.5,25.8,1.1,0.400002
-52,22,0,26.6,25.6,26.7,25.9,25.4,25.5,25.8,1.1,0.400002
-51,23,0,26.6,25.6,26.6,25.9,25.4,25.5,25.8,1,0.400002
-50,24,1,26.6,25.6,26.6,25.9,25.4,25.6,25.9,1,0.5
-49,25,1,26.6,25.6,26.7,25.9,25.4,25.6,25.9,1.1,0.5
-48,26,1,26.6,25.6,26.7,25.9,25.4,25.6,25.9,1.1,0.5
-47,27,1,26.6,25.6,26.7,25.9,25.4,25.6,25.9,1.1,0.5
-46,28,1,26.6,25.6,26.7,25.9,25.4,25.6,25.9,1.1,0.5
-45,29,1,26.6,25.6,26.8,25.9,25.5,25.6,25.9,1.2,0.4
-44,30,1,26.6,25.6,26.8,25.9,25.5,25.6,25.8,1.2,0.300001
-43,31,1,26.6,25.6,26.7,25.9,25.5,25.5,25.8,1.1,0.300001
-42,32,1,26.6,25.6,26.7,25.9,25.5,25.5,25.8,1.1,0.300001
-41,33,1,26.6,25.6,26.6,25.9,25.4,25.5,25.9,1,0.5
-40,34,1,26.6,25.6,26.6,25.9,25.4,25.4,25.9,1,0.5
-39,35,1,26.6,25.6,26.5,25.9,25.4,25.4,25.9,0.9,0.5
-37,37,1,26.6,25.6,26.5,25.9,25.4,25.4,25.9,0.9,0.5
-36,38,1,26.6,25.6,26.6,25.9,25.4,25.4,25.9,1,0.5
-35,39,1,26.6,25.6,26.6,25.9,25.4,25.4,25.9,1,0.5
-34,40,1,26.6,25.6,26.7,25.9,25.4,25.5,25.9,1.1,0.5
-33,41,1,26.5,25.6,26.7,25.9,25.4,25.5,25.9,1.1,0.5
-32,42,1,26.5,25.6,26.7,25.9,25.4,25.5,25.9,1.1,0.5
-31,43,1,26.5,25.6,26.7,25.9,25.4,25.5,25.9,1.1,0.5
-30,44,1,26.6,25.6,26.7,25.9,25.4,25.5,25.9,1.1,0.5
-29,45,1,26.6,25.6,26.7,25.9,25.4,25.4,25.9,1.1,0.5
-28,46,1,26.5,25.6,26.6,25.9,25.4,25.4,25.9,1,0.5
-27,47,1,26.5,25.6,26.7,25.9,25.4,25.4,25.9,1.1,0.5
-26,48,1,26.5,25.6,26.7,25.9,25.4,25.4,25.9,1.1,0.5
-25,49,1,26.5,25.5,26.7,25.9,25.4,25.4,25.9,1.2,0.5
-24,50,1,26.5,25.5,26.7,25.9,25.4,25.4,25.9,1.2,0.5
-23,51,1,26.5,25.5,26.7,25.9,25.4,25.3,25.9,1.2,0.5
-22,52,1,26.5,25.5,26.7,25.9,25.4,25.3,25.9,1.2,0.5
-21,53,1,26.5,25.5,26.8,25.9,25.4,25.3,25.9,1.3,0.5
-20,54,1,26.5,25.5,26.8,25.9,25.4,25.3,25.9,1.3,0.5
-19,55,1,26.5,25.5,26.8,25.9,25.4,25.3,25.9,1.3,0.5
-18,56,1,26.5,25.5,26.8,25.9,25.4,25.3,25.9,1.3,0.5
-17,57,1,26.5,25.5,26.8,25.9,25.4,25.3,25.9,1.3,0.5
-16,58,1,26.5,25.5,26.8,25.9,25.4,25.4,25.9,1.3,0.5
-15,59,1,26.5,25.6,26.8,25.9,25.4,25.4,25.9,1.2,0.5
-14,60,1,26.5,25.6,26.8,25.9,25.4,25.5,25.9,1.2,0.5
-13,61,1,26.5,25.6,26.9,25.9,25.4,25.5,25.9,1.3,0.5
-12,62,1,26.5,25.6,26.9,25.9,25.4,25.5,25.9,1.3,0.5
-11,63,1,26.5,25.6,26.9,25.9,25.4,25.5,25.9,1.3,0.5
-10,64,1,26.5,25.6,26.9,25.9,25.4,25.6,25.9,1.3,0.5
-9,65,1,26.5,25.6,26.8,25.9,25.4,25.6,25.9,1.2,0.5
-8,66,1,26.6,25.6,26.9,25.9,25.4,25.6,25.9,1.3,0.5
-7,67,1,26.6,25.6,26.9,25.9,25.4,25.6,25.9,1.3,0.5
-6,68,1,26.6,25.6,26.9,25.9,25.5,25.6,25.9,1.3,0.4
-5,69,1,26.6,25.6,26.9,25.9,25.5,25.6,25.9,1.3,0.4
-4,70,1,26.6,25.6,26.9,25.9,25.4,25.6,25.9,1.3,0.5
-3,71,1,26.6,25.6,26.9,25.9,25.4,25.6,25.9,1.3,0.5
-2,72,1,26.8,26.9,29.5,25.9,25.4,25.5,25.9,2.6,0.5
-1,73,2,27.7,27.6,30.9,25.9,25.4,25.5,25.9,3.3,0.5
0,74,2,30.2,27.1,32.7,25.9,25.4,25.5,25.9,5.6,0.5
1,75,2,31.5,27.1,34.5,26.1,25.4,25.5,25.9,7.4,0.5
2,76,2,36.3,26.9,34.1,26.3,25.4,25.5,25.9,7.2,0.5
4,78,2,38,27.4,36.9,26.6,25.4,25.4,25.9,9.5,0.5
5,79,2,39.6,27.5,37.2,26.6,25.4,25.4,25.9,9.7,0.5
6,80,2,40.5,29.6,37,26.8,25.4,25.4,25.9,7.4,0.5
7,81,2,39.7,29.4,36.8,26.9,25.4,25.5,25.9,7.4,0.5
8,82,2,39.7,29.5,35.9,26.9,25.4,25.6,26.8,6.4,1.4
9,83,2,41.3,29.6,37.1,26.7,25.4,25.7,27.4,7.5,2
10,84,2,43.3,30.8,38.7,26.8,25.4,25.8,27.7,7.9,2.3
11,85,2,44.3,31.9,37.8,26.9,25.4,25.6,27.8,5.9,2.4
12,86,2,45.8,33.1,38.1,26.8,25.4,25.5,27.8,5,2.4
13,87,2,46.6,32.2,39.1,26.5,25.4,25.5,27.6,6.9,2.2
14,88,2,46.8,31.3,39.8,26.5,25.4,25.5,27.5,8.5,2.1
15,89,2,46.7,30.2,40.5,26.3,25.4,25.4,27.3,10.3,1.9
16,90,2,47.9,31.8,41,26.3,25.4,25.5,27.2,9.2,1.8
17,91,2,49.4,30.2,40.3,26.6,25.4,25.5,27,10.1,1.6
18,92,2,50.7,29.4,39.7,26.6,25.4,25.6,26.8,10.3,1.4
19,93,2,49.5,28.3,40.2,26.6,25.4,25.6,26.8,11.9,1.4
20,94,2,49.8,28.7,39.7,26.6,25.4,25.6,27,11,1.6
21,95,2,50.7,28.7,39.5,26.7,25.4,25.6,27.1,10.8,1.7
22,96,2,51.1,29.8,39.6,26.8,25.4,25.5,27,9.8,1.6
23,97,2,51.8,29,40.5,26.9,25.4,25.5,27.1,11.5,1.7
24,98,2,53.3,30.6,40.6,27,25.4,25.6,27.3,10,1.9
25,99,2,54.1,32.8,42.3,27,25.4,25.7,27.4,9.5,2
26,100,2,54.7,35.4,43,26.9,25.4,25.8,27.2,7.6,1.8
27,101,2,54.5,38.1,43.5,26.9,25.4,25.8,27.2,5.4,1.8
28,102,2,55.4,36.1,44.1,26.7,25.4,25.7,27.3,8,1.9
29,103,2,55.9,35.4,44.3,26.7,25.4,25.7,27.3,8.9,1.9
30,104,2,55.8,33.5,44.3,26.7,25.4,25.6,27.3,10.8,1.9
31,105,2,56.2,34.3,43.1,26.7,25.4,25.6,27.3,8.8,1.9
32,106,2,57.1,34.6,43.6,26.9,25.4,25.6,27.4,9,2
33,107,2,57.9,34,44.1,27,25.4,25.6,27.5,10.1,2.1
34,108,2,59,34,43.9,27.1,25.4,25.5,27.5,9.9,2.1
35,109,2,59.9,35.3,43.6,26.9,25.4,25.5,27.6,8.3,2.2
36,110,2,62.3,36.3,44,26.8,25.4,25.5,27.8,7.7,2.4
37,111,2,64.1,38.1,44.5,26.7,25.4,25.5,27.7,6.4,2.3
38,112,2,65.1,37.8,45.7,26.9,25.4,25.5,27.7,7.9,2.3
39,113,2,64.1,37,46,27.1,25.4,25.5,27.7,9,2.3
40,114,2,64.6,36.5,44.6,27,25.4,25.5,27.8,8.1,2.4
41,115,2,65.1,36.3,45.7,27.2,25.4,25.5,27.7,9.4,2.3
42,116,2,64.5,35.4,46.3,27.1,25.4,25.5,27.8,10.9,2.4
43,117,2,65.2,33.5,45.9,27.1,25.4,25.5,27.8,12.4,2.4
44,118,2,67.4,34.3,46.3,27.1,25.4,25.5,27.8,12,2.4
45,119,2,66.9,34.2,47.4,27.1,25.4,25.5,27.4,13.2,2
46,120,2,69.2,32.8,50.3,27.3,25.4,25.5,27.4,17.5,2
48,122,2,71.7,34.8,49.9,27.1,25.4,25.5,27.4,15.1,2
49,123,2,72.7,34.9,49.8,27.2,25.4,25.5,27.6,14.9,2.2
50,124,2,71.2,34.1,49.9,27.1,25.4,25.5,27.5,15.8,2.1
51,125,2,72.1,32.6,51.1,27.3,25.4,25.5,27.7,18.5,2.3
52,126,2,75,30.5,52.6,27.2,25.4,25.5,27.8,22.1,2.4
53,127,2,76.6,30.2,51.5,27,25.4,25.5,27.8,21.3,2.4
54,128,2,75.4,31.1,50.8,26.9,25.4,25.6,27.7,19.7,2.3
55,129,2,74.6,31.6,51.5,26.8,25.4,25.6,27.7,19.9,2.3
56,130,2,75.8,31.3,51.2,27,25.4,25.6,27.5,19.9,2.1
57,131,2,76.7,34.6,51.1,27,25.4,25.6,27.7,16.5,2.3
58,132,2,76.3,37.1,49.2,27,25.4,25.5,27.8,12.1,2.4
59,133,2,75.7,38,50.1,27.4,25.4,25.5,27.9,12.1,2.5
60,134,2,76.1,35.5,50.6,27.4,25.4,25.5,27.8,15.1,2.4
61,135,2,77.9,37.6,52,27.3,25.4,25.5,27.8,14.4,2.4
62,136,2,79,37.1,51.2,27.2,25.4,25.5,27.8,14.1,2.4
63,137,2,79.7,38.6,47.8,27.3,25.4,25.5,27.7,9.2,2.3
64,138,2,80.5,39.2,48.7,27.1,25.4,25.6,27.8,9.5,2.4
65,139,2,80.8,39.3,51.7,27.2,25.4,25.6,27.9,12.4,2.5
66,140,2,81.3,36.9,54.4,27.1,25.4,25.6,27.8,17.5,2.4
67,141,2,82.1,41.1,54.8,27.3,25.4,25.7,27.7,13.7,2.3
68,142,2,83,39.7,52,27.5,25.4,25.8,27.8,12.3,2.4
69,143,2,83.8,40.9,51.2,27.8,25.4,25.7,27.9,10.3,2.5
70,144,2,84.8,39.7,51.5,27.5,25.4,25.6,28.1,11.8,2.7
71,145,2,85.4,38.2,50.7,27.5,25.4,25.6,28.2,12.5,2.8
72,146,2,86.3,39.5,50.8,27.6,25.4,25.5,28.3,11.3,2.9
73,147,2,86.2,37.4,51.9,27.4,25.4,25.5,28.3,14.5,2.9
74,148,2,85.7,37.9,52,27.3,25.4,25.5,28.3,14.1,2.9
75,149,2,86,37,53.2,27.4,25.4,25.5,28.2,16.2,2.8
76,150,2,86,37,52,27.5,25.4,25.6,28.2,15,2.8
77,151,2,86.3,34.6,55.9,27.5,25.4,25.8,28.1,21.3,2.7
78,152,2,86.1,33.3,55.9,27.4,25.4,26.1,28.1,22.6,2.7
79,153,2,86.8,33.2,57.6,27.7,25.4,26.1,28,24.4,2.6
80,154,2,86.9,33.6,52.7,27.8,25.4,26,28,19.1,2.6
81,155,2,87.1,33.7,54.9,27.7,25.4,25.8,28,21.2,2.6
82,156,2,87.1,32.4,57.6,27.8,25.4,25.7,28.1,25.2,2.7
83,157,2,86.9,34.7,57.2,27.6,25.4,25.7,28.2,22.5,2.8
84,158,2,87.8,37.1,55.1,27.9,25.4,25.6,28.4,18,3
85,159,2,90,39,52.5,27.7,25.4,25.6,28.4,13.5,3
86,160,2,89.2,37.3,53.4,27.9,25.4,25.6,28.2,16.1,2.8
88,162,2,90,38.4,51.9,27.8,25.4,25.5,28.1,13.5,2.7
89,163,2,89.6,35.8,50.4,27.7,25.4,25.5,27.9,14.6,2.5
90,164,2,89.7,33.8,52.8,27.4,25.4,25.5,28,19,2.6
91,165,2,90,43.4,52.8,27.4,25.4,25.5,28.2,9.4,2.8
92,166,2,90.9,41.9,53.7,27.3,25.4,25.8,28.1,11.8,2.7
93,167,2,90.9,39.4,57.7,27.4,25.4,25.8,28.1,18.3,2.7
94,168,2,91.5,36.6,57.7,27.7,25.4,25.7,28.1,21.1,2.7
95,169,2,91.7,37.5,56.3,27.8,25.4,25.7,28.1,18.8,2.7
96,170,2,92.4,34.8,58.7,27.8,25.4,25.6,28.3,23.9,2.9
97,171,2,92.2,34.9,59.9,27.7,25.4,25.7,27.9,25,2.5
98,172,2,92.2,33.2,59.5,27.7,25.4,25.7,28,26.3,2.6
99,173,2,93.1,34.4,59.7,27.9,25.4,25.6,28.2,25.3,2.8
100,174,2,94.6,37.9,56.3,27.9,25.4,25.5,28.2,18.4,2.8
101,175,2,96.1,40.1,54.4,27.6,25.4,25.5,28.3,14.3,2.9
102,176,2,96,42.4,53.1,27.5,25.4,25.5,28.3,10.7,2.9
103,177,2,95.8,39.9,52.4,27.6,25.4,25.6,28.1,12.5,2.7
104,178,2,92.1,39.7,51.8,27.6,25.4,25.6,28.1,12.1,2.7
105,179,2,91.5,38,51.2,27.7,25.4,25.6,28,13.2,2.6
106,180,2,91.8,36.1,51,27.7,25.4,25.6,27.9,14.9,2.5
107,181,2,93.1,39.9,52.8,27.7,25.4,25.6,28.2,12.9,2.8
108,182,2,95.6,36.6,52.9,27.7,25.4,25.6,28.2,16.3,2.8
109,183,2,94.9,37.6,52.2,27.8,25.4,25.5,28.2,14.6,2.8
110,184,2,95.4,37.6,54.4,27.8,25.4,25.6,28.2,16.8,2.8
111,185,2,95.8,35.6,52.9,27.9,25.4,25.7,28,17.3,2.6
112,186,2,96.1,34.5,54.5,28,25.4,25.7,28.1,20,2.7
113,187,2,96.9,34,58.4,28,25.4,25.6,27.9,24.4,2.5
114,188,2,97.3,33.9,60.5,28,25.4,25.6,28.2,26.6,2.8
115,189,2,97.6,33.3,60.7,27.7,25.4,25.5,28.3,27.4,2.9
116,190,2,97.3,33.7,56.4,27.8,25.4,25.5,28.4,22.7,3
117,191,2,97,32.9,53.2,27.9,25.4,25.6,28.4,20.3,3
118,192,2,97.5,32.4,53.3,27.9,25.4,25.6,28.7,20.9,3.3
119,193,2,98.2,35.4,52.7,27.8,25.4,25.5,28.9,17.3,3.5
120,194,2,99.9,39,51.1,27.8,25.4,25.5,28.9,12.1,3.5
121,195,2,101.6,40.4,51.7,27.8,25.4,25.5,28.9,11.3,3.5
122,196,2,102.1,39.3,51.9,27.8,25.4,25.5,28.7,12.6,3.3
123,197,2,101.5,37.1,53.4,27.9,25.4,25.5,28.5,16.3,3.1
124,198,2,100.3,36.6,49.7,28,25.4,25.5,28.5,13.1,3.1
125,199,2,99.8,38.1,52.1,27.7,25.4,25.6,28.2,14,2.8
126,200,2,99.9,46.1,52.8,27.8,25.4,25.6,28.2,6.7,2.8
127,201,2,100.3,42.1,56.8,27.8,25.4,25.6,28.5,14.7,3.1
128,202,2,99.9,40.1,60.5,28.2,25.4,25.6,28.4,20.4,3
130,204,2,99.9,37.7,60.8,28.6,25.4,25.6,28.6,23.1,3.2
131,205,2,100,37.1,59.2,28.4,25.4,25.7,28.9,22.1,3.5
132,206,2,99.9,36.5,59.6,28.7,25.4,25.8,29,23.1,3.6
133,207,2,100.4,35.6,57.7,28.5,25.4,25.8,28.8,22.1,3.4
134,208,2,101.3,36.3,59.6,28.5,25.4,25.7,28.8,23.3,3.4
135,209,2,101.8,35.9,59.1,28.3,25.4,25.7,28.5,23.2,3.1
136,210,2,102.4,34.8,58.6,28.2,25.5,25.8,28.5,23.8,3
137,211,2,103.1,32.9,59.1,28.2,25.4,25.7,28.6,26.2,3.2
138,212,2,101.6,32.7,58.1,28,25.4,25.6,28.8,25.4,3.4
139,213,2,102.5,35.8,56.8,28.1,25.5,25.6,29,21,3.5
140,214,2,104.9,34.9,56.1,28,25.4,25.6,28.9,21.2,3.5
141,215,2,106.1,37.1,55.7,27.9,25.4,25.5,28.8,18.6,3.4
142,216,2,107.9,35.8,54.1,27.8,25.4,25.6,28.7,18.3,3.3
143,217,2,109.7,38.9,52.1,27.7,25.4,25.6,28.8,13.2,3.4
144,218,2,108.9,36.2,54,28.4,25.4,25.6,28.8,17.8,3.4
145,219,2,109.2,38.4,54.5,28.2,25.4,25.6,29,16.1,3.6
146,220,2,107.6,40.5,53,28.3,25.4,25.6,29.1,12.5,3.7
147,221,2,106.2,46.8,55.3,28.5,25.4,25.6,29,8.5,3.6
148,222,2,105.6,47.8,58.4,28.6,25.4,25.7,28.9,10.6,3.5
149,223,2,105.7,48.2,62.4,28.4,25.4,25.8,28.8,14.2,3.4
150,224,2,105.4,42.6,63,28.8,25.4,25.7,28.8,20.4,3.4
151,225,2,105.1,39.7,59.7,28.8,25.4,25.7,29,20,3.6
152,226,2,105.3,38.6,59.7,28.9,25.4,25.6,29,21.1,3.6
153,227,2,106,35.8,61.1,28.8,25.4,25.6,29,25.3,3.6
154,228,2,106.3,36.4,58.7,28.6,25.4,25.6,28.8,22.3,3.4
155,229,2,106.4,34.6,58.8,28.4,25.4,25.6,28.4,24.2,3
156,230,2,107,34.6,59,28,25.4,25.6,28.3,24.4,2.9
157,231,2,104.1,33.7,59.1,28.5,25.4,25.6,28.5,25.4,3.1
158,232,2,106.1,34.3,57.1,28.7,25.4,25.6,28.5,22.8,3.1
159,233,2,107.6,34.9,56.8,28.5,25.4,25.6,28.4,21.9,3
160,234,2,108.6,38.6,56.9,28.1,25.4,25.6,28.5,18.3,3.1
161,235,2,107,36.1,55.9,28,25.4,25.6,28.8,19.8,3.4
162,236,2,106.4,34.4,54.9,28.2,25.5,25.7,29,20.5,3.5
163,237,2,107.5,33,54.1,28.3,25.4,25.6,28.8,21.1,3.4
164,238,2,109.5,33.1,54.3,28.3,25.4,25.6,28.6,21.2,3.2
165,239,2,113.7,34.4,53.9,28.3,25.5,25.7,28.8,19.5,3.3
166,240,2,114.7,35.8,55.6,28.3,25.5,25.6,28.8,19.8,3.3
167,241,2,112.5,35,56.2,28.5,25.5,25.7,28.4,21.2,2.9
168,242,2,114.8,37.6,55.1,28.6,25.4,25.6,28.9,17.5,3.5
169,243,2,112.2,37.6,54.2,28.7,25.5,25.6,29.2,16.6,3.7
171,245,2,111,36.9,52.8,28.3,25.5,25.6,29,15.9,3.5
172,246,2,110.1,36.8,55.6,28.3,25.4,25.6,29,18.8,3.6
173,247,2,110.1,35.5,59.5,28.7,25.5,25.6,29,24,3.5
174,248,2,110.9,34,60.8,28.7,25.5,25.6,29.1,26.8,3.6
175,249,2,109.8,33.1,59.3,28.6,25.5,25.6,29,26.2,3.5
176,250,2,110.5,36.7,58,28.5,25.5,25.6,28.9,21.3,3.4
177,251,2,112,40,55.2,28.3,25.5,25.7,29,15.2,3.5
178,252,2,113.1,37.6,54.4,28.2,25.5,25.7,29.1,16.8,3.6
179,253,2,115.6,38.1,54.6,28.1,25.5,25.7,29.1,16.5,3.6
180,254,2,116.9,35.6,55.1,28.2,25.4,25.6,29.1,19.5,3.7
181,255,2,115.4,33.1,54.4,28.2,25.5,25.6,29.3,21.3,3.8
182,256,2,113.5,32,56.2,28.6,25.5,25.7,29.1,24.2,3.6
183,257,2,113.4,31.3,56.6,28.7,25.5,25.6,29.1,25.3,3.6
184,258,2,115.2,32.4,56.5,28.4,25.5,25.8,29.3,24.1,3.8
185,259,2,115.2,33.7,57.3,28.6,25.5,25.8,29.3,23.6,3.8
186,260,2,112.6,33.9,57.9,28.3,25.5,25.7,29.4,24,3.9
187,261,2,110.5,37.2,57.3,28.3,25.5,25.7,29.4,20.1,3.9
188,262,2,110.2,35,57.1,28.8,25.5,25.7,29.1,22.1,3.6
189,263,2,110.6,32.9,59,29,25.5,25.6,28.7,26.1,3.2
190,264,2,111.2,33,63.1,28.8,25.5,25.8,28.7,30.1,3.2
191,265,2,107.5,33.2,60.2,28.5,25.5,25.8,28.6,27,3.1
192,266,2,108.5,32.5,57,29,25.5,25.8,28.8,24.5,3.3
193,267,2,112.7,33.8,56.7,28.7,25.5,25.8,29.1,22.9,3.6
194,268,2,112.8,35.2,55.8,28.1,25.5,25.8,29.2,20.6,3.7
195,269,2,112.7,35,56.1,28.2,25.5,25.8,29,21.1,3.5
196,270,2,107.1,32.7,55.4,28.5,25.5,25.8,29.3,22.7,3.8
197,271,2,108.1,33.5,55.4,28.4,25.5,25.7,29.3,21.9,3.8
198,272,2,109.7,31.7,57,28.4,25.5,25.6,29.2,25.3,3.7
199,273,2,115.3,33,58,28.1,25.5,25.6,29,25,3.5
200,274,2,114,34.9,56,28.3,25.5,25.7,29.2,21.1,3.7
201,275,2,113.3,37.5,56,28.8,25.5,25.8,29.4,18.5,3.9
202,276,2,113.4,47,59.8,28.9,25.5,26,29.2,12.8,3.7
203,277,2,113.8,45.6,61.2,29,25.5,25.9,29.3,15.6,3.8
204,278,2,113.6,49.1,61.1,29.2,25.5,25.8,29.3,12,3.8
205,279,2,113.5,47.9,59.7,29.4,25.5,25.7,29.2,11.8,3.7
206,280,2,112.9,45.1,60.2,29.3,25.5,25.8,29.5,15.1,4
207,281,2,112.9,39.8,62.1,29.4,25.5,25.7,29.6,22.3,4.1
208,282,2,112.6,35.3,61.8,29.1,25.5,25.7,29.2,26.5,3.7
209,283,2,109.6,37.7,59.1,29,25.5,25.6,28.9,21.4,3.4
210,284,2,112.9,37,57,29,25.5,25.6,28.6,20,3.1
212,286,2,111.5,39.1,57.4,28.9,25.5,25.7,28.9,18.3,3.4
213,287,2,114.7,38.8,59.5,28.8,25.5,25.8,29.3,20.7,3.8
214,288,2,114.9,35.3,59.1,28.4,25.5,25.8,29.3,23.8,3.8
215,289,2,118.4,33.9,58.6,28.6,25.5,25.7,29.4,24.7,3.9
216,290,2,120.1,34.2,57.2,28.4,25.5,25.7,29.2,23,3.7
217,291,2,120,34.7,57.6,28.5,25.5,25.7,29.1,22.9,3.6
218,292,2,119.1,40.4,59.3,28.5,25.5,25.7,29.3,18.9,3.8
219,293,2,116.9,42.9,58,28.8,25.5,25.8,29.4,15.1,3.9
220,294,2,116.9,43.7,56.9,28.8,25.5,25.8,29.4,13.2,3.9
221,295,2,117.7,42.8,59.6,28.6,25.5,25.8,29.7,16.8,4.2
222,296,2,116.7,49.5,63.5,28.8,25.5,25.9,29.7,14,4.2
223,297,2,115.6,47,63,28.9,25.5,25.8,29.6,16,4.1
224,298,2,115.2,39.3,58.6,29.1,25.5,25.7,29.6,19.3,4.1
225,299,2,116.2,36.6,56.1,29.1,25.5,25.7,29.7,19.5,4.2
226,300,2,117.5,38.2,57.5,29.1,25.5,25.7,29.8,19.3,4.3
227,301,2,116.3,42,55.4,28.9,25.5,25.7,29.7,13.4,4.2
228,302,2,118.4,39,57.9,28.7,25.5,25.8,29.7,18.9,4.2
229,303,2,118.1,40.5,56,28.7,25.5,25.8,29.5,15.5,4
230,304,2,119.7,41.2,57.7,28.6,25.5,25.8,29.3,16.5,3.8
231,305,2,120.4,39.2,58.6,28.7,25.5,25.7,29.5,19.4,4
232,306,2,119.9,41.2,58.1,28.9,25.5,25.8,29.4,16.9,3.9
233,307,2,121.5,39,58.5,28.8,25.5,25.8,29.4,19.5,3.9
234,308,2,120.8,38.4,55.9,28.6,25.5,25.8,29.5,17.5,4
235,309,2,118.8,36.5,56.2,28.5,25.5,25.8,29.6,19.7,4.1
236,310,2,117.7,34.6,57.2,29,25.5,25.7,29.6,22.6,4.1
237,311,2,119.5,33.4,58,29.5,25.5,25.8,29.6,24.6,4.1
238,312,2,121.8,32.5,60.5,29.2,25.5,25.9,29.4,28,3.9
239,313,2,122.5,33,60.3,29.3,25.5,25.8,29.1,27.3,3.6
240,314,2,123.8,32.3,60.5,28.9,25.5,25.8,29.4,28.2,3.9
241,315,2,125.1,34.9,60.4,29,25.5,25.8,29.6,25.5,4.1
242,316,2,126.6,36.8,60.1,29,25.5,25.8,29.6,23.3,4.1
243,317,2,127.4,34.3,58.6,28.7,25.5,25.8,29.4,24.3,3.9
244,318,2,128.4,34.2,57.9,28.8,25.5,25.7,29.5,23.7,4
245,319,2,129.4,32.9,58.8,28.7,25.5,25.7,29.5,25.9,4
246,320,2,128.6,32.5,59.4,28.6,25.5,25.7,29.5,26.9,4
247,321,2,128.3,32.4,58.9,28.7,25.5,25.7,29.5,26.5,4
248,322,2,126.5,35,58.6,28.4,25.5,25.7,29.7,23.6,4.2
249,323,2,124,43.2,56.6,28.6,25.5,25.7,29.8,13.4,4.3
250,324,2,122.1,40.8,57.8,28.5,25.5,25.7,29.8,17,4.3
252,326,2,121.5,39.2,60.1,28.4,25.5,25.9,29.7,20.9,4.2
253,327,2,120.8,37.3,62.2,28.5,25.5,25.9,29.2,24.9,3.7
254,328,2,119.5,37.4,66.9,28.9,25.5,25.8,29,29.5,3.5
255,329,2,118.7,39.5,63.9,29.3,25.5,25.9,28.9,24.4,3.4
256,330,2,119.8,35.1,60.8,29.2,25.5,25.9,29.2,25.7,3.7
257,331,2,118.6,36.4,58.8,29,25.5,25.9,29.7,22.4,4.2
258,332,2,115.8,34.5,59.7,29,25.5,25.8,29.9,25.2,4.4
259,333,2,118.7,33.9,57.4,28.8,25.5,25.7,29.6,23.5,4.1
260,334,2,122.2,34,56.1,28.7,25.5,25.8,29.1,22.1,3.6
261,335,2,121.2,36.6,58.2,28.9,25.5,25.8,29,21.6,3.5
262,336,2,120.7,37.6,57.8,29.2,25.5,25.9,29.5,20.2,4
263,337,2,120.8,37.1,60.5,29.3,25.5,25.9,29.4,23.4,3.9
264,338,2,120.5,39.2,60.4,29.3,25.5,25.8,29.1,21.2,3.6
265,339,2,120.1,42.6,62.6,29.4,25.5,25.8,29.3,20,3.8
266,340,2,118.2,41.9,61.1,29.7,25.5,25.8,29.6,19.2,4.1
267,341,2,117.9,38,62,30.2,25.5,25.8,29.6,24,4.1
268,342,2,119.3,35.6,61.3,29.8,25.5,25.9,29.8,25.7,4.3
269,343,2,121.2,34.9,59.6,29.4,25.5,25.9,29.8,24.7,4.3
270,344,2,125,34.6,59.5,29.1,25.5,25.9,29.5,24.9,4
271,345,2,124.4,34.5,59.3,28.9,25.5,25.9,29.6,24.8,4.1
272,346,2,123,35.4,58.4,29.2,25.5,25.8,29.8,23,4.3
273,347,2,122.7,41.8,60.7,29.1,25.5,25.8,29.5,18.9,4
274,348,2,122.2,42.2,63.6,29.3,25.5,25.8,29.5,21.4,4
275,349,2,122,46.2,61.6,29.4,25.5,25.8,29.6,15.4,4.1
276,350,2,122,41.5,65.5,29.7,25.5,25.9,29.7,24,4.2
277,351,2,121.4,39,68.2,29.3,25.5,25.9,29.8,29.2,4.3
278,352,2,120.8,40.2,68.1,29.3,25.5,25.8,29.8,27.9,4.3
279,353,2,119.9,42.1,68.3,29.4,25.5,25.8,29.7,26.2,4.2
280,354,2,120.9,45,67.8,29.8,25.5,25.8,29.6,22.8,4.1
281,355,2,120.3,43.1,60.8,29.8,25.5,25.8,29.6,17.7,4.1
282,356,2,120.9,43.9,63,29.3,25.5,25.7,29.2,19.1,3.7
283,357,2,120.7,39.3,63.1,28.9,25.5,25.7,29.1,23.8,3.6
284,358,2,122,39.5,60.4,28.8,25.5,25.7,29.3,20.9,3.8
285,359,2,122.7,36.6,59.6,28.7,25.5,25.7,29.3,23,3.8
286,360,2,126.1,35.6,57,28.8,25.5,25.7,29.2,21.4,3.7
287,361,2,127.4,33.8,60.2,29,25.5,25.7,29.1,26.4,3.6
288,362,2,129.5,34.4,59,29,25.5,25.7,28.8,24.6,3.3
289,363,2,131,43.6,58.1,29.3,25.5,25.7,28.7,14.5,3.2
290,364,2,130.8,40.2,57.8,29.6,25.5,25.7,29.1,17.6,3.6
291,365,2,129.9,39.9,61.5,29.7,25.5,25.7,29.3,21.6,3.8
292,366,2,127.8,51.5,61,29.6,25.5,25.7,29.1,9.5,3.6
294,368,2,125.6,56.6,59.7,29.5,25.5,25.7,29.3,3.1,3.8
295,369,2,124.6,47.4,57,29.4,25.5,25.8,29.2,9.6,3.7
296,370,2,123.8,42.4,59.2,29.1,25.5,25.8,29.4,16.8,3.9
297,371,3,123.3,40.6,60.5,29.1,25.5,25.9,29.6,19.9,4.1
298,372,3,122.1,39.5,62.5,29.4,25.5,25.8,29.3,23,3.8
299,373,3,122,36.6,63,29.7,25.5,25.8,29.1,26.4,3.6
300,374,3,121.4,34.9,61.3,29.5,25.5,25.8,29.1,26.4,3.6
301,375,3,119.8,39.7,59,29.6,25.5,25.8,29.2,19.3,3.7
302,376,3,122,37.9,59,29.2,25.5,25.8,29.4,21.1,3.9
303,377,3,121.3,38.9,59.7,28.8,25.5,25.8,29.9,20.8,4.4
304,378,3,122.2,37,59.5,28.9,25.5,25.8,29.5,22.5,4
305,379,3,125.9,37.9,60.9,28.8,25.5,25.7,29.1,23,3.6
306,380,3,126.8,43.5,58.7,29.2,25.5,25.7,29,15.2,3.5
307,381,3,124.6,44,60.7,29.4,25.5,25.8,29.1,16.7,3.6
308,382,3,121.5,44.3,63.2,29.3,25.5,25.8,29.3,18.9,3.8
309,383,3,119.7,42.4,62.6,29.3,25.5,25.8,29.4,20.2,3.9
310,384,3,120.6,41.7,63.3,29,25.5,25.8,30,21.6,4.5
311,385,3,124.1,38.4,61.2,29,25.5,25.7,30.2,22.8,4.7
312,386,3,125,40.1,61.5,29.1,25.5,25.7,30.2,21.4,4.7
313,387,3,125,42.1,63.4,29.5,25.5,25.7,30.1,21.3,4.6
314,388,3,123.5,45.5,66.5,29.3,25.5,25.7,30,21,4.5
315,389,3,120.4,51.3,68.9,29.6,25.5,25.7,29.9,17.6,4.4
316,390,3,118.8,47,70,29.4,25.5,25.7,30,23,4.5
317,391,3,117.6,44.2,70.7,29.3,25.5,25.7,29.8,26.5,4.3
318,392,3,117.9,46.2,68.7,29,25.5,25.7,29.9,22.5,4.4
319,393,3,119.9,49,66.6,28.7,25.5,25.7,29.7,17.6,4.2
320,394,3,121.1,44.9,65.5,29.3,25.5,25.7,29.9,20.6,4.4
321,395,3,123.5,40.8,65,29.1,25.5,25.7,29.7,24.2,4.2
322,396,3,124.9,42.4,63.3,29.4,25.5,25.8,29.5,20.9,4
323,397,3,123.8,43,60.4,29.5,25.5,25.8,29.5,17.4,4
324,398,3,124.2,41.8,62.2,29.6,25.5,25.7,29.6,20.4,4.1
325,399,3,125.9,46.1,63.6,29.9,25.5,25.7,29.4,17.5,3.9
326,400,3,127.3,47.4,66.8,29.8,25.5,25.8,29.6,19.4,4.1
327,401,3,130.8,47.1,67.3,29.7,25.5,25.8,29.7,20.2,4.2
328,402,3,129.7,42.5,65.7,29.7,25.5,25.7,29.8,23.2,4.3
329,403,3,125.8,40.7,66.5,29.8,25.5,25.8,29.8,25.8,4.3
330,404,3,124.4,45.6,65.9,29.4,25.5,25.8,30,20.3,4.5
331,405,3,124.1,47.2,66.7,29.4,25.5,25.8,29.9,19.5,4.4
332,406,3,118.2,45.8,62.3,29.4,25.5,25.8,29.8,16.5,4.3
334,408,3,115.7,42.7,59.5,29.2,25.5,25.8,30,16.8,4.5
335,409,3,120.4,43.1,58.3,29.3,25.5,25.7,29.6,15.2,4.1
336,410,3,123.1,45.6,62.3,29.3,25.5,25.7,29.5,16.7,4
337,411,3,122.6,50.1,64.5,29.1,25.5,25.8,29.6,14.4,4.1
338,412,3,123.9,45.5,61.5,29.3,25.5,26.3,29.8,16,4.3
339,413,3,122.8,46.7,59.6,29.4,25.5,26.3,29.9,12.9,4.4
340,414,3,123.2,42.4,59.8,29.4,25.5,26.1,29.9,17.4,4.4
341,415,3,122.8,39,61.8,29,25.5,26.1,30.1,22.8,4.6
342,416,3,123.1,45.8,61.2,28.8,25.5,26,30,15.4,4.5
343,417,3,123.8,51,63.5,28.8,25.5,25.9,30,12.5,4.5
344,418,3,123.3,53.9,66.8,29,25.5,25.8,30.2,12.9,4.7
345,419,3,123.3,52.8,67.4,29.6,25.5,25.8,30,14.6,4.5
346,420,3,122.9,48.1,65,29.8,25.5,25.7,30,16.9,4.5
347,421,3,123.2,52.5,64.5,29.8,25.5,25.7,29.8,12,4.3
348,422,3,122.8,52,63.2,29.4,25.5,25.8,29.9,11.2,4.4
349,423,3,122.9,47,63,29.7,25.5,25.8,29.6,16,4.1
350,424,3,121.9,43.8,61.5,29.7,25.5,25.9,29.6,17.7,4.1
351,425,3,122.6,40.3,60.2,29.6,25.5,25.8,29.3,19.9,3.8
352,426,3,125.1,36.8,59.9,29.8,25.5,25.8,29.4,23.1,3.9
353,427,3,126.9,37.2,60.5,29.5,25.5,25.9,29.5,23.3,4
354,428,3,126.8,34.5,61.9,29.3,25.5,25.9,29.6,27.4,4.1
355,429,3,129.4,34.1,62.3,29.6,25.5,26,29.9,28.2,4.4
356,430,3,129.6,40.2,60.5,29.3,25.5,26,29.7,20.3,4.2
357,431,3,130.6,42.6,60.9,29.3,25.5,25.9,29.8,18.3,4.3
358,432,3,126.8,48,63.9,29.3,25.5,25.9,30,15.9,4.5
359,433,3,122.3,51,62,29.4,25.5,25.8,30,11,4.5
360,434,3,117.2,49.3,62.1,29.5,25.5,25.9,29.9,12.8,4.4
361,435,3,114.9,45.6,62.6,29.4,25.5,26.2,30.1,17,4.6
362,436,3,120.1,44.5,65.9,29.5,25.5,26.4,30,21.4,4.5
363,437,3,123.3,43.7,65.2,29.3,25.5,26.1,29.8,21.5,4.3
364,438,3,125.1,51.7,64.9,29.5,25.5,26,30,13.2,4.5
365,439,3,124.7,54.4,62.2,29.4,25.5,25.9,29.9,7.8,4.4
366,440,3,124.1,51.7,63.6,29.6,25.5,25.9,29.6,11.9,4.1
367,441,3,123.2,51.6,61.3,29.6,25.5,25.8,29.7,9.7,4.2
368,442,3,123.1,46.5,58.9,29.4,25.5,25.9,30,12.4,4.5
369,443,3,123.5,46.2,60.4,29.6,25.5,25.9,30.1,14.2,4.6
370,444,3,124.3,45.4,62.5,29.5,25.5,25.9,29.8,17.1,4.3
371,445,3,124,46.3,66.9,29.4,25.5,25.9,30.1,20.6,4.6
372,446,3,123.6,48.3,69.5,29.6,25.5,25.8,30.2,21.2,4.7
374,448,3,123.5,43.1,72.5,29.5,25.5,25.8,30.1,29.4,4.6
375,449,3,123.9,44.4,71.3,30.1,25.5,25.8,29.8,26.9,4.3
376,450,3,125,46.4,70.2,30.1,25.5,25.8,29.9,23.8,4.4
377,451,3,126.1,52.6,67.5,29.7,25.5,25.7,30,14.9,4.5
378,452,3,124.7,47,66,29.9,25.5,25.7,29.5,19,4
379,453,3,122.7,49.9,67.6,29.7,25.5,25.7,29.3,17.7,3.8
380,454,3,121.1,52.5,68.4,29.6,25.5,25.7,29.5,15.9,4
381,455,3,120.5,47.5,67.9,29.5,25.5,25.7,29.9,20.4,4.4
382,456,3,120.6,48.8,67.1,29.7,25.5,25.7,29.6,18.3,4.1
383,457,3,122.8,56.3,65.4,29.3,25.5,25.8,29.7,9.1,4.2
384,458,3,127.3,48.5,62.9,29.2,25.5,25.8,29.6,14.4,4.1
385,459,3,126.6,47.2,61.2,29.3,25.5,25.8,29.7,14,4.2
386,460,3,126,44.2,60.5,29.3,25.5,25.8,29.7,16.3,4.2
387,461,3,127.6,43.2,62.4,29.3,25.5,25.8,29,19.2,3.5
388,462,3,125.8,44.1,65.1,29.6,25.5,25.8,29.2,21,3.7
389,463,3,121.6,40.6,65.9,29.9,25.5,25.9,29.4,25.3,3.9
390,464,3,115.1,41.7,64.3,30,25.5,25.8,29.8,22.6,4.3
391,465,3,113.4,41.1,59,29.7,25.5,25.8,29.8,17.9,4.3
392,466,3,118.2,42.3,60.5,29.5,25.5,25.8,30,18.2,4.5
393,467,3,122.3,46.9,59.4,29.9,25.5,25.7,30.1,12.5,4.6
394,468,3,124.5,45.9,62,29.6,25.5,25.7,30.2,16.1,4.7
395,469,3,124.3,44.8,63.7,29.7,25.5,25.8,29.9,18.9,4.4
396,470,3,122.5,48,64,29.5,25.5,26,29.9,16,4.4
397,471,3,121.6,45.5,67,29.6,25.5,25.9,30.2,21.5,4.7
398,472,3,119.9,46.7,69.1,29.6,25.5,25.8,30.3,22.4,4.8
399,473,3,119,45.7,70.7,29.5,25.5,25.8,30.4,25,4.9
400,474,3,118.7,46,70.2,29.2,25.5,25.8,30.4,24.2,4.9
401,475,3,119.5,49.9,67.6,29.3,25.5,25.8,30.2,17.7,4.7
402,476,3,120.5,49.9,66.3,29.2,25.5,25.8,29.9,16.4,4.4
403,477,3,123.1,47.6,66.7,30.1,25.5,25.8,29.8,19.1,4.3
404,478,3,127.3,46.9,64.4,29.8,25.5,25.8,30.1,17.5,4.6
405,479,3,129.9,42.6,62.7,29.3,25.5,25.8,29.7,20.1,4.2
406,480,3,129.9,50.3,63.6,29.3,25.5,25.8,29.5,13.3,4
407,481,3,125.7,42.3,63.3,29.4,25.5,25.8,29.5,21,4
408,482,3,128.4,42.6,61.2,29.1,25.5,25.8,29.7,18.6,4.2
409,483,3,130.3,45.2,63.1,29.6,25.5,25.8,29.8,17.9,4.3
410,484,3,129.4,47.7,67.1,29.6,25.5,25.9,29.9,19.4,4.4
411,485,3,129.4,43.1,68.7,30.5,25.5,25.8,29.7,25.6,4.2
412,486,3,131.3,46.7,64.1,30.1,25.5,25.8,29.9,17.4,4.4
413,487,3,133.8,46.3,64.1,30.2,25.5,25.8,30,17.8,4.5
414,488,3,135.4,45.4,62.7,29.9,25.5,25.8,30.3,17.3,4.8
416,490,3,136.8,47.5,61.9,29.9,25.5,25.7,30.4,14.4,4.9
417,491,3,133.9,50,66.5,30.1,25.5,25.7,30.2,16.5,4.7
418,492,3,130.3,50,69.3,30.2,25.5,25.7,30,19.3,4.5
419,493,3,129.1,51.4,67.1,30.3,25.5,25.7,29.3,15.7,3.8
420,494,3,127.3,50,66.2,29.8,25.5,25.7,29.4,16.2,3.9
421,495,3,127.1,49.4,63.3,30,25.5,25.8,29.5,13.9,4
422,496,3,124.7,47.7,62.7,30.2,25.5,25.8,30.1,15,4.6
423,497,3,125,42.8,65,30.2,25.5,25.7,30.1,22.2,4.6
424,498,3,121.5,45.4,63.8,30.2,25.5,25.7,30,18.4,4.5
425,499,3,121.5,45,63.2,30.3,25.5,25.7,29.9,18.2,4.4
426,500,3,120.9,44.5,60.9,29.7,25.5,25.9,30.1,16.4,4.6
427,501,3,110.8,41.7,60.3,29.6,25.5,25.9,30.2,18.6,4.7
428,502,3,110.5,41.1,59,29.2,25.5,25.9,30,17.9,4.5
429,503,3,119.1,48.5,61.4,29.3,25.5,25.8,30,12.9,4.5
430,504,3,123.8,47.5,63.6,29.4,25.5,25.8,29.9,16.1,4.4
431,505,3,126.3,49.2,62.9,29.4,25.5,25.8,29.9,13.7,4.4
432,506,3,126.2,50.4,64.5,29.5,25.5,25.8,29.8,14.1,4.3
433,507,3,124.8,51.6,66.7,29.6,25.5,25.8,29.5,15.1,4
434,508,3,123.6,48.7,69.2,30,25.5,25.8,29,20.5,3.5
435,509,3,121.5,50.7,70.9,30.1,25.5,25.9,29.6,20.2,4.1
436,510,3,120.2,48.9,73.5,30.6,25.5,25.8,29.8,24.6,4.3
437,511,3,118.8,48.2,73.2,30.7,25.5,25.7,29.9,25,4.4
438,512,3,118.7,48.4,73.4,30.9,25.5,25.7,30.1,25,4.6
439,513,3,119.7,50.3,72.6,30.8,25.5,25.7,29.8,22.3,4.3
440,514,3,122,52.3,73,30.4,25.5,25.8,29.8,20.7,4.3
441,515,3,115.9,52.3,70.1,30.8,25.5,25.8,29.9,17.8,4.4
442,516,3,111.2,43.5,62.4,30.4,25.5,25.8,29.8,18.9,4.3
443,517,3,107.3,39.7,61.5,30.3,25.5,25.8,29.8,21.8,4.3
444,518,3,106.4,38.2,62.1,29.7,25.5,25.9,29.9,23.9,4.4
445,519,3,113.5,39.5,64.6,29.6,25.5,25.9,29.8,25.1,4.3
446,520,3,118.7,40.3,64,29.7,25.5,25.8,30,23.7,4.5
447,521,3,125.2,45.2,62.8,30.1,25.5,25.8,30.1,17.6,4.6
448,522,3,124.7,50.3,65.1,30.1,25.5,25.8,30.1,14.8,4.6
449,523,3,120.2,45.9,67.8,30.1,25.5,25.8,30.1,21.9,4.6
450,524,3,112.5,44.4,64.1,30.2,25.5,25.9,30,19.7,4.5
451,525,3,108.6,40.9,63,29.8,25.5,25.9,29.5,22.1,4
452,526,3,103.7,36,64.3,30.2,25.5,25.8,30,28.3,4.5
453,527,3,103.8,36.5,66.5,30,25.5,25.7,30,30,4.5
454,528,3,108.9,39.5,67.9,29.9,25.5,25.7,29.9,28.4,4.4
455,529,3,115.2,41.5,67.2,29.9,25.5,25.8,29.8,25.7,4.3
457,531,3,117.8,44.9,68.8,29.7,25.5,25.9,29.9,23.9,4.4
458,532,3,117.3,47.3,69.2,30.2,25.5,25.9,29.9,21.9,4.4
459,533,3,117.5,42.8,69.9,30,25.5,25.8,29.9,27.1,4.4
460,534,3,116.6,45.4,67.6,30,25.5,25.8,29.7,22.2,4.2
461,535,3,116.8,43.4,66.9,29.7,25.5,25.8,29.4,23.5,3.9
462,536,3,118.8,45.4,64.4,30.2,25.5,25.9,29.8,19,4.3
463,537,3,118.8,53.4,62,30.1,25.5,25.9,29.9,8.6,4.4
464,538,3,114.9,48.9,61.9,30,25.5,26,29.9,13,4.4
465,539,3,108.3,42.4,59.6,29.9,25.5,25.9,30.1,17.2,4.6
466,540,3,104,42.3,60,30.1,25.5,25.9,30.3,17.7,4.8
467,541,3,99.5,39.5,59.7,29.9,25.5,25.9,29.7,20.2,4.2
468,542,3,97.5,38.3,59.6,29.7,25.5,25.9,29.3,21.3,3.8
469,543,3,104.8,37.2,62.2,29.8,25.5,26,29.1,25,3.6
470,544,3,112.8,45.7,62.8,30,25.5,26,29.6,17.1,4.1
471,545,3,118.5,48.7,65.9,29.4,25.5,25.9,29.8,17.2,4.3
472,546,3,120,45.2,69.1,29.4,25.5,25.8,29.3,23.9,3.8
473,547,3,121.1,50.3,67.8,30,25.5,25.8,29.5,17.5,4
474,548,3,120.8,47.1,69.2,30.1,25.5,25.8,29.5,22.1,4
475,549,3,118.1,48.8,69.1,30.3,25.5,25.8,30.2,20.3,4.7
476,550,3,118.3,41.5,66,30.1,25.5,25.8,30.5,24.5,5
477,551,3,120,38.3,68.6,29.8,25.5,25.7,30.5,30.3,5
478,552,3,118.7,39.7,65,29.5,25.5,25.7,30.2,25.3,4.7
479,553,3,119.4,38.9,63.6,29.3,25.5,25.7,29.7,24.7,4.2
480,554,3,121.8,42.7,62.9,29.2,25.5,25.8,29.8,20.2,4.3
481,555,3,122.6,48.4,64.9,29.3,25.5,25.8,30,16.5,4.5
482,556,3,125.6,49.7,64.9,29.2,25.5,25.8,30.1,15.2,4.6
483,557,3,120.3,50.7,66.6,29.4,25.5,25.8,29.8,15.9,4.3
484,558,3,111.4,43.2,61.3,30.2,25.5,25.8,29.8,18.1,4.3
485,559,3,106,39.9,60.8,30.1,25.5,25.9,29.9,20.9,4.4
486,560,3,100.4,36.3,59.9,30.1,25.5,25.9,30.1,23.6,4.6
487,561,3,98.7,36.3,59.1,29.9,25.5,25.9,29.8,22.8,4.3
488,562,3,101.3,42.7,60.6,29.5,25.5,25.9,30.1,17.9,4.6
489,563,3,102.3,44.9,63.3,29.6,25.5,25.8,30.1,18.4,4.6
490,564,3,104.7,45.5,63.6,29.4,25.6,25.9,30.2,18.1,4.6
491,565,3,103.2,41.8,62.8,29.4,25.5,25.8,30.1,21,4.6
492,566,3,113.2,47.3,61.6,29.2,25.5,25.8,29.7,14.3,4.2
493,567,3,117.5,47.9,67.4,29.6,25.5,25.8,29.8,19.5,4.3
494,568,3,117.8,46.9,65.9,30.2,25.5,25.8,29.8,19,4.3
495,569,3,120.1,42.6,67.2,30.1,25.5,25.8,29.7,24.6,4.2
497,571,3,119.8,41.9,65.8,30.1,25.5,25.9,29.7,23.9,4.2
498,572,3,120.2,44,61.5,30.1,25.5,25.8,30.1,17.5,4.6
499,573,3,112.7,39.9,60.8,29.6,25.5,25.8,30.3,20.9,4.8
500,574,3,107.7,39,59,30.1,25.6,25.8,29.8,20,4.2
501,575,3,106.5,38.5,61.7,29.8,25.5,25.8,29.9,23.2,4.4
502,576,3,110.2,44.5,64.1,29.7,25.5,25.8,30.2,19.6,4.7
503,577,3,112.1,42.2,66,29.7,25.6,25.8,30.3,23.8,4.7
504,578,3,123.5,42.8,65.4,29.7,25.5,25.8,30.4,22.6,4.9
505,579,3,124.7,43.9,67.5,29.6,25.5,25.8,29.8,23.6,4.3
506,580,3,122.8,46.6,66.3,29.6,25.5,25.8,29.8,19.7,4.3
507,581,3,121.7,43.5,68,30.4,25.6,25.8,29.4,24.5,3.8
508,582,3,119.3,42.2,64.7,30.1,25.6,25.8,29.6,22.5,4
509,583,3,119.8,40,67.6,29.7,25.5,25.8,29.9,27.6,4.4
510,584,3,120.2,47.6,68.3,29.6,25.6,25.8,29.8,20.7,4.2
511,585,3,121.3,43.2,66.1,29.5,25.6,25.8,30.1,22.9,4.5
512,586,3,127.7,44.1,66.2,29.9,25.6,25.8,30.1,22.1,4.5
513,587,3,128.9,49.4,64.1,29.9,25.5,25.8,30,14.7,4.5
514,588,3,129.9,46.8,66.7,30,25.6,25.9,29.9,19.9,4.3
515,589,3,123.8,50.8,66.6,30.2,25.5,25.9,30.1,15.8,4.6
516,590,3,116.6,45.2,63.1,30,25.6,25.9,30.4,17.9,4.8
517,591,3,111.5,39.9,64.1,29.7,25.6,25.9,30.2,24.2,4.6
518,592,3,111.8,44.1,64.7,29.6,25.6,25.9,30.3,20.6,4.7
519,593,3,111.2,44.5,64.2,29.6,25.6,25.9,30.3,19.7,4.7
520,594,3,107.1,41.2,61.9,30.1,25.6,25.9,30.2,20.7,4.6
521,595,3,106.2,37.9,64.1,29.9,25.6,25.9,30.5,26.2,4.9
522,596,3,106.6,35.4,64.1,29.9,25.6,25.9,30.3,28.7,4.7
523,597,3,103.5,36.6,61.9,29.9,25.6,25.9,30.1,25.3,4.5
524,598,3,110.6,34.5,63.3,30,25.6,25.9,30.1,28.8,4.5
525,599,3,114.5,40.5,64,29.9,25.6,26.1,30.3,23.5,4.7
526,600,3,116.4,43.6,65.7,29.6,25.6,26,30.2,22.1,4.6
527,601,3,118.3,45.4,69.7,29.8,25.6,26,30,24.3,4.4
528,602,3,119.3,46.2,69.5,30,25.6,25.9,30,23.3,4.4
529,603,3,114.9,41.4,63.6,30.1,25.6,25.9,30.1,22.2,4.5
530,604,3,108.3,38,61.6,29.8,25.6,25.9,30.2,23.6,4.6
531,605,3,104.8,37.6,61.8,29.8,25.6,25.9,30.2,24.2,4.6
532,606,3,110.9,37.1,62.5,30,25.6,25.8,29.6,25.4,4
533,607,3,116.5,44.9,62.8,29.9,25.6,25.8,29.2,17.9,3.6
534,608,3,117.7,43.8,62.6,30,25.6,25.8,29.7,18.8,4.1
535,609,3,120.3,42.3,63.9,30.1,25.6,25.8,30.1,21.6,4.5
537,611,3,118.1,49,64,29.8,25.6,25.8,30,15,4.4
538,612,3,111.5,44.7,60.3,29.9,25.6,25.9,29.9,15.6,4.3
539,613,3,109.4,41.7,62.5,29.5,25.6,25.9,30.2,20.8,4.6
540,614,3,116.1,45,62,29.5,25.6,26,30.6,17,5
541,615,3,120.6,47.6,60.7,29.7,25.6,26,30.7,13.1,5.1
542,616,3,122.7,50.4,61.6,29.4,25.6,25.9,30.6,11.2,5
543,617,3,123.4,49,67.2,29.6,25.6,25.9,30.3,18.2,4.7
544,618,3,121.2,53.4,66.4,30.3,25.6,25.9,30,13,4.4
545,619,3,118.1,44,65.7,30.1,25.6,26,29.9,21.7,4.3
546,620,3,110,39.5,63.5,29.6,25.6,26,30.1,24,4.5
547,621,3,114.6,42.2,65.6,29.6,25.6,25.9,30,23.4,4.4
548,622,3,120.1,45.1,64.3,29.6,25.6,25.9,30.1,19.2,4.5
549,623,3,120.9,47.1,68.9,29.7,25.6,25.9,30.1,21.8,4.5
550,624,3,120.6,52,66.9,30.1,25.6,25.9,30,14.9,4.4
551,625,3,121.4,49.9,70.4,30.6,25.6,25.9,30.2,20.5,4.6
552,626,3,117.7,50.1,64.9,30.4,25.6,25.9,30.4,14.8,4.8
553,627,3,107.7,46.3,63.7,30.5,25.6,26,30.3,17.4,4.7
554,628,3,113.7,43.7,63.7,30.2,25.6,26,30.1,20,4.5
555,629,3,120.7,45.8,64.6,30.1,25.6,26,30.5,18.8,4.9
556,630,3,123.1,47.3,68.5,29.6,25.6,26,30.5,21.2,4.9
557,631,3,120.2,50.8,65,29.6,25.6,25.9,30.3,14.2,4.7
558,632,3,116.5,45.2,61.7,30.3,25.6,25.9,30.2,16.5,4.6
559,633,3,107.2,40.9,61.5,30.2,25.6,25.9,30,20.6,4.4
560,634,3,106,40.9,62.4,29.9,25.6,26,30.2,21.5,4.6
561,635,3,115.6,47.3,64,30.3,25.6,26,30.2,16.7,4.6
562,636,3,119.3,50,62.9,30.1,25.6,25.9,30.1,12.9,4.5
563,637,3,120.6,49.2,67.4,29.9,25.6,25.9,30.1,18.2,4.5
564,638,3,120.6,48.9,63.4,30.4,25.6,25.9,30.2,14.5,4.6
565,639,3,122.4,42.6,64.9,30.2,25.6,26,30,22.3,4.4
566,640,3,121,49.5,64.9,30.2,25.6,26,30.1,15.4,4.5
567,641,3,118.9,45,65.7,30.3,25.6,26,30.1,20.7,4.5
568,642,3,120.2,43.9,64.5,30.1,25.6,26,30,20.6,4.4
569,643,3,123.2,43.7,64.8,30,25.6,25.9,30,21.1,4.4
570,644,3,121.5,46.3,65.8,29.9,25.6,26,29.9,19.5,4.3
571,645,3,122.2,41.9,65.5,29.9,25.6,26,30.1,23.6,4.5
572,646,3,123.5,52.2,66,30,25.6,26,30.1,13.8,4.5
573,647,3,120.4,51.1,64.7,29.8,25.6,25.9,30.3,13.6,4.7
574,648,3,117.7,44.5,62.1,30.1,25.6,25.9,30.4,17.6,4.8
575,649,3,113.4,40.3,63.7,30,25.6,25.9,30.5,23.4,4.9
577,651,3,111.6,37.5,62.2,29.9,25.6,25.9,30.4,24.7,4.8
578,652,3,110.5,39.6,62.6,29.6,25.6,25.9,30.1,23,4.5
579,653,3,111.7,42.4,62.2,29.8,25.6,25.9,30.1,19.8,4.5
580,654,3,114.4,44,62.8,29.8,25.6,25.9,30.3,18.8,4.7
581,655,3,114.9,43.2,64.1,29.6,25.6,26,30.2,20.9,4.6
582,656,3,111.7,40,62.8,29.7,25.6,26,30.2,22.8,4.6
583,657,3,105.9,40.4,60.7,29.4,25.6,25.9,30.2,20.3,4.6
584,658,3,102.7,38.9,61.6,29.3,25.6,25.9,30.2,22.7,4.6
585,659,3,99.5,36.8,63.8,29.5,25.6,25.9,30.2,27,4.6
586,660,3,99.7,36.3,65.7,29.4,25.6,25.9,30.1,29.4,4.5
587,661,3,101.8,40.7,64.3,29.4,25.6,25.9,29.9,23.6,4.3
588,662,3,101.3,39.4,63.6,29.5,25.6,25.9,29.8,24.2,4.2
589,663,3,102.6,39.4,61.5,29.6,25.6,25.9,29.9,22.1,4.3
590,664,3,104.1,37.4,61.7,29.6,25.6,25.9,30,24.3,4.4
591,665,3,106,36.7,60.1,29.5,25.6,25.9,29.8,23.4,4.2
592,666,3,104.4,34.5,60.1,29.4,25.6,25.9,29.8,25.6,4.2
593,667,3,100.8,36.1,61.7,29.2,25.6,25.9,29.9,25.6,4.3
594,668,3,102.3,36.7,62.8,29.3,25.6,25.9,30.1,26.1,4.5
595,669,3,103.9,37.9,62.4,29.6,25.6,25.9,30.2,24.5,4.6
596,670,3,109,44.1,61.2,29.7,25.6,25.9,30.2,17.1,4.6
597,671,3,115.4,49.6,61,29.9,25.6,26,30.3,11.4,4.7
598,672,3,118.5,46.5,64.8,29.5,25.6,25.9,30.2,18.3,4.6
599,673,3,119.8,51.7,64.2,30.5,25.6,25.9,30.2,12.5,4.6
600,674,3,118.8,51.6,64.5,30.7,25.6,26,30.3,12.9,4.7
601,675,3,116.8,47.4,63.1,30,25.6,26,30.4,15.7,4.8
602,676,3,115.7,45.9,64.1,30.4,25.6,26,30.1,18.2,4.5
603,677,3,114.3,43.3,61.6,30.3,25.6,26.2,30,18.3,4.4
604,678,3,112,38.4,61.9,30,25.6,26.3,29.7,23.5,4.1
605,679,3,111.9,42.3,62,30.4,25.6,26.2,29.5,19.7,3.9
606,680,3,109.8,48.1,62.9,30.2,25.6,26.2,29.7,14.8,4.1
607,681,3,103.4,44.7,58,29.8,25.6,26.1,29.7,13.3,4.1
608,682,3,100.1,41.5,59,29.9,25.6,26,30,17.5,4.4
609,683,3,98,41.1,62,29.8,25.6,26,30,20.9,4.4
610,684,3,101.6,43.6,62.8,29.7,25.6,26,30,19.2,4.4
611,685,3,108,53.3,62.8,29.8,25.6,26,30.3,9.5,4.7
612,686,3,115.5,57.3,61,30.3,25.6,26,30.3,3.7,4.7
613,687,3,117.3,51.8,66.6,30.1,25.6,26,30.1,14.8,4.5
614,688,3,118.1,50.9,63.5,29.8,25.6,26,30.1,12.6,4.5
616,690,3,119.7,45.1,68,29.8,25.6,26,30.3,22.9,4.7
617,691,3,112.9,50,65.4,30.3,25.6,25.9,30.1,15.4,4.5
618,692,3,109.2,43.8,63.1,29.6,25.6,25.9,29.9,19.3,4.3
619,693,3,104.5,40.4,64.1,29.5,25.6,25.9,30.1,23.7,4.5
620,694,3,109.9,39.8,62.7,29.8,25.6,25.9,30.2,22.9,4.6
621,695,3,115,44.7,64.9,29.9,25.6,26,30.3,20.2,4.7
622,696,3,117.7,45.1,66.6,29.8,25.6,26,30.4,21.5,4.8
623,697,3,116.9,51,62.6,30,25.6,26,30.3,11.6,4.7
624,698,3,113.1,43.5,62.9,30.1,25.6,26,30.3,19.4,4.7
625,699,3,107.4,39.2,61.7,30,25.6,26,30.4,22.5,4.8
626,700,3,112.1,39.9,63.6,29.8,25.6,25.9,30.6,23.7,5
627,701,3,118,45.9,62.4,30.2,25.6,25.9,30.4,16.5,4.8
628,702,3,121.7,48.4,63.1,29.8,25.6,25.9,30.2,14.7,4.6
629,703,3,121.1,49.6,64.6,30.5,25.6,25.9,30.2,15,4.6
630,704,3,122.8,49.2,66.4,30.7,25.6,26,30.1,17.2,4.5
631,705,3,118.4,50.3,64.2,30.9,25.6,26,30.3,13.9,4.7
632,706,3,112.1,41.3,61.1,30.5,25.6,26,30.4,19.8,4.8
633,707,3,108.9,37.7,62.1,30.4,25.6,26,29.8,24.4,4.2
634,708,3,112,34.9,61.8,30,25.6,25.9,30,26.9,4.4
635,709,3,116.3,35.4,59.9,29.9,25.6,25.9,30.1,24.5,4.5
636,710,3,119,40.7,62.8,29.6,25.6,25.9,30,22.1,4.4
637,711,3,120.9,40.6,65.4,29.7,25.6,25.9,30,24.8,4.4
638,712,3,123.3,41.6,65.3,29.5,25.6,26,30,23.7,4.4
639,713,3,124.6,51.9,64.5,29.5,25.6,25.9,30,12.6,4.4
640,714,3,117.8,52.2,61.9,29.3,25.6,25.9,29.5,9.7,3.9
641,715,3,116.9,46.3,61.1,29.4,25.6,25.9,29.9,14.8,4.3
642,716,3,112.2,45.2,60.3,29.6,25.6,26,29.4,15.1,3.8
643,717,3,111.8,44.9,60.5,29.9,25.6,26,29.6,15.6,4
644,718,3,111.9,49.6,62.9,30.1,25.6,26.1,29.8,13.3,4.2
645,719,3,111.1,51.5,63.8,29.9,25.6,26.1,29.9,12.3,4.3
646,720,3,113.4,48.1,64.6,30.5,25.6,26,30.1,16.5,4.5
647,721,3,117.4,49.5,64.1,30.1,25.6,26,30.1,14.6,4.5
648,722,3,118.7,51.8,63.2,30.5,25.6,26,30.1,11.4,4.5
649,723,3,117.3,45.2,63.8,30.9,25.6,26,29.9,18.6,4.3
650,724,3,116.2,43.3,62.2,30.4,25.6,26,30.2,18.9,4.6
651,725,3,117.3,46.3,68.7,30.2,25.6,25.9,30.3,22.4,4.7
652,726,3,119.4,48.7,69.2,30,25.6,25.9,30.3,20.5,4.7
653,727,3,121.1,43.1,65.3,30,25.6,25.9,30.4,22.2,4.8
654,728,3,119.6,41.3,64.2,30.2,25.6,25.9,30.2,22.9,4.6
656,730,3,123.6,39.7,65.6,29.8,25.6,25.9,30.2,25.9,4.6
657,731,3,125.1,42.2,65.7,29.5,25.6,25.9,30.3,23.5,4.7
658,732,3,121.2,41.9,67,29.6,25.6,25.9,30.1,25.1,4.5
659,733,3,119.5,46.8,63,29.5,25.6,25.9,30,16.2,4.4
660,734,3,118,53,64.7,29.7,25.6,25.9,29.9,11.7,4.3
661,735,3,113.1,50.4,63.8,29.6,25.6,25.9,29.9,13.4,4.3
662,736,3,106.9,45.2,64.5,29.9,25.6,26,30,19.3,4.4
663,737,3,103.2,44.1,64.2,30,25.6,25.9,30.1,20.1,4.5
664,738,3,99.2,39.8,64.4,30.1,25.6,25.9,30.3,24.6,4.7
665,739,3,97.4,40.2,64.5,30.2,25.6,25.9,30.6,24.3,5
666,740,3,99.4,44.1,64.3,30.2,25.6,25.9,30.2,20.2,4.6
667,741,3,102.3,45.7,65.7,29.9,25.6,25.9,30.2,20,4.6
668,742,3,106.4,50.8,63.5,29.9,25.6,25.9,30.1,12.7,4.5
669,743,3,107.9,47.3,64.2,29.7,25.6,25.9,30.2,16.9,4.6
670,744,3,108.1,48.9,63.6,29.6,25.6,25.9,30.3,14.7,4.7
671,745,3,106.6,46,62.8,29.8,25.6,25.9,30.4,16.8,4.8
672,746,3,110.4,45.5,62.2,29.9,25.6,25.9,30.3,16.7,4.7
673,747,3,115,42.4,64.9,29.9,25.6,25.9,30,22.5,4.4
674,748,3,113.8,41.7,65.7,29.8,25.6,25.9,29.9,24,4.3
675,749,3,112.5,41.2,65.5,30.2,25.6,25.9,30,24.3,4.4
676,750,3,112,42,65.9,30.2,25.6,25.9,30,23.9,4.4
677,751,3,107.7,44,61.6,30.1,25.6,25.9,29.8,17.6,4.2
678,752,3,102.2,39.4,61.3,29.9,25.6,26,29.9,21.9,4.3
679,753,3,96.4,36.8,60.3,29.8,25.6,26,29.8,23.5,4.2
680,754,3,92.4,34.7,58,30,25.6,26,29.8,23.3,4.2
681,755,3,88.5,34.2,57.7,30.2,25.6,26,30.2,23.5,4.6
682,756,3,88.1,33.7,60.6,30,25.6,26,30.4,26.9,4.8
683,757,3,97.3,39.6,63.2,29.9,25.6,26,30.2,23.6,4.6
684,758,3,103.4,40.9,62.6,30.3,25.6,26,30,21.7,4.4
685,759,3,112.5,45,64.2,30,25.6,26,30.3,19.2,4.7
686,760,3,116,47.3,65.2,30.5,25.6,25.9,30.4,17.9,4.8
687,761,3,116.8,46.2,66.1,30.2,25.6,25.9,30.5,19.9,4.9
688,762,3,116.4,47.4,64.5,30,25.6,25.9,30.5,17.1,4.9
689,763,3,119.2,49.9,61.8,29.9,25.6,25.9,30.6,11.9,5
690,764,3,122.1,48.4,63.5,29.8,25.6,25.9,30.4,15.1,4.8
691,765,3,122.2,45.4,62.6,29.7,25.6,25.9,30,17.2,4.4
692,766,3,121.4,40.7,66.6,29.7,25.6,25.9,30,25.9,4.4
693,767,3,119.6,43.6,65.1,29.9,25.6,25.9,29.9,21.5,4.3
694,768,3,121.8,42.7,61.7,29.8,25.6,25.9,29.9,19,4.3
695,769,3,122,44.3,60.4,29.6,25.6,26,29.9,16.1,4.3
696,770,3,122.1,54.5,59.6,29.9,25.6,26,29.9,5.1,4.3
698,772,4,120.1,57,59.6,29.9,25.6,26,30,2.6,4.4
699,773,4,112.6,50.3,60.6,29.8,25.6,26,30.1,10.3,4.5
700,774,4,106.8,43.8,58.9,30,25.6,26,30.1,15.1,4.5
701,775,4,100.3,42,59.7,29.7,25.6,26,30.3,17.7,4.7
702,776,4,98.1,39,63,29.8,25.6,26,30.3,24,4.7
703,777,4,100.9,42.9,65.4,29.8,25.6,26,30.2,22.5,4.6
704,778,4,107.3,44.7,62.6,30.1,25.6,25.9,30.3,17.9,4.7
705,779,4,109.9,42.1,64,30.2,25.6,25.9,30.2,21.9,4.6
706,780,4,108.6,38.6,60.4,30.1,25.6,26,30.1,21.8,4.5
707,781,4,106.9,35.6,62.7,30.1,25.6,26,30.1,27.1,4.5
708,782,4,107.8,36.7,59.7,30.2,25.6,25.9,30.2,23,4.6
709,783,4,106.5,38.9,59.7,30.3,25.6,26,30.1,20.8,4.5
710,784,4,109.8,44.2,61.8,29.8,25.6,26.6,30.2,17.6,4.6
711,785,4,115.8,47.6,64,29.9,25.6,26.4,30.1,16.4,4.5
712,786,4,118.6,44.2,63.2,29.9,25.6,26.2,30.1,19,4.5
713,787,4,117,43.6,65.2,30.3,25.6,26.1,30.1,21.6,4.5
714,788,4,114.4,42.1,66.5,30.1,25.6,26.1,30.2,24.4,4.6
715,789,4,110.4,40.3,64.9,30.1,25.6,26,30.3,24.6,4.7
716,790,4,108.5,37.6,65.2,30.1,25.6,26,30.5,27.6,4.9
717,791,4,105.9,41.5,61.4,29.5,25.6,26,30.4,19.9,4.8
718,792,4,102.5,40.3,59.3,29.4,25.6,26,30.3,19,4.7
719,793,4,101.7,40.9,61.7,29.4,25.6,26,30,20.8,4.4
720,794,4,103.8,41.3,61.8,29.5,25.6,26,29.9,20.5,4.3
721,795,4,104.8,40.3,59.7,29.6,25.6,26,29.8,19.4,4.2
722,796,4,102.5,43,59.5,29.5,25.6,26,29.9,16.5,4.3
723,797,4,101.7,41.9,58.2,29.6,25.6,26,30.2,16.3,4.6
724,798,4,107.9,43.3,60.6,29.6,25.6,26,30.3,17.3,4.7
725,799,4,111.8,45.5,64.1,29.7,25.6,26,30.3,18.6,4.7
726,800,4,113.6,47.6,63.7,29.7,25.6,26,30,16.1,4.4
727,801,4,113.8,47.4,63.2,30,25.6,26,30.1,15.8,4.5
728,802,4,112.3,41.5,61.8,29.9,25.6,26,30.3,20.3,4.7
729,803,4,107.4,42.1,60.8,30.2,25.6,26,30.1,18.7,4.5
730,804,4,102.1,37.9,61.5,30.2,25.6,26,30.2,23.6,4.6
731,805,4,101.3,39.4,60.3,29.9,25.6,26,30.3,20.9,4.7
732,806,4,101,42.7,61,30,25.6,26,30.1,18.3,4.5
733,807,4,105,40.5,58.4,29.6,25.6,26.1,30.1,17.9,4.5
734,808,4,111.1,40.7,60.3,29.7,25.6,26.1,30.2,19.6,4.6
735,809,4,110.3,37.7,63.3,29.5,25.6,26.2,30.3,25.6,4.7
736,810,4,110.3,41.5,59.8,29.4,25.6,26.1,30.3,18.3,4.7
737,811,4,108.8,46.5,63,29.3,25.6,26.1,30.4,16.5,4.8
739,813,4,102.2,41.1,57,29.9,25.6,26,30.3,15.9,4.7
740,814,4,101.4,38.7,42.5,30,25.6,26,30.1,3.8,4.5
741,815,4,105.7,43.1,37.9,30.1,25.6,26.1,30.1,-5.2,4.5
742,816,4,108.8,51.3,34.7,30.2,25.6,26.1,30.2,-16.6,4.6
743,817,4,110.6,47.5,33.5,30.7,25.6,26.1,30.1,-14,4.5
744,818,4,110.7,43,32.4,30.6,25.6,26,30.3,-10.6,4.7
745,819,4,107.7,48.9,31.9,30.2,25.6,26,30.1,-17,4.5
746,820,4,104.5,40.6,31.6,30.1,25.6,25.9,30.3,-9,4.7
