s,C,C,C,C,C,C,C,C,C,C,C,C,C,C,C,C,C,C,C,C,C,C,C,C,C,C,C,C,C,C,C,C,C,C,C,C,C,C,C,kW,mol/mol,Pa
Time,T1,T2,T3,T5,T9,T10,T11,rk_x075_z020,rk_x075_z035,rk_x075_z050,rk_x075_z070,rk_x075_z100,rk_x090_z020,rk_x090_z035,rk_x090_z050,rk_x090_z070,rk_x090_z100,rk_x105_z020,rk_x105_z035,rk_x105_z050,rk_x105_z070,rk_x105_z100,rk_x120_z020,rk_x120_z035,rk_x120_z050,rk_x120_z070,rk_x120_z100,rk_x135_z020,rk_x135_z035,rk_x135_z050,rk_x135_z070,rk_x135_z100,rk_x150_z020,rk_x150_z035,rk_x150_z050,rk_x150_z070,rk_x150_z100,Tmax_core,Tmax_T1cell,HRR,O2_room,p_box
 0.00000E+000, 2.50000E+001, 2.50000E+001, 2.50000E+001, 2.50000E+001, 2.50000E+001, 2.50000E+001, 2.50000E+001, 2.50000E+001, 2.50000E+001, 2.50000E+001, 2.50000E+001, 2.50000E+001, 2.50000E+001, 2.50000E+001, 2.50000E+001, 2.50000E+001, 2.50000E+001, 2.50000E+001, 2.50000E+001, 2.50000E+001, 2.50000E+001, 2.50000E+001, 2.50000E+001, 2.50000E+001, 2.50000E+001, 2.50000E+001, 2.50000E+001, 2.50000E+001, 2.50000E+001, 2.50000E+001, 2.50000E+001, 2.50000E+001, 2.50000E+001, 2.50000E+001, 2.50000E+001, 2.50000E+001, 2.50000E+001, 2.50000E+001, 2.50000E+001, 0.00000E+000, 2.06860E-001,-7.53443E-006
 1.00307E+000, 2.50000E+001, 2.50000E+001, 2.50000E+001, 2.50000E+001, 2.50000E+001, 2.50000E+001, 2.50000E+001, 2.50126E+001, 2.50001E+001, 2.50000E+001, 2.50000E+001, 2.50000E+001, 2.50158E+001, 2.50001E+001, 2.50000E+001, 2.50000E+001, 2.50000E+001, 2.50214E+001, 2.50001E+001, 2.50000E+001, 2.50000E+001, 2.50000E+001, 2.50003E+001, 2.50000E+001, 2.50000E+001, 2.50000E+001, 2.50000E+001, 2.50000E+001, 2.50000E+001, 2.50000E+001, 2.50000E+001, 2.50000E+001, 2.50000E+001, 2.50000E+001, 2.50000E+001, 2.50000E+001, 2.50000E+001, 2.51504E+001, 2.50007E+001, 1.80057E-005, 2.06860E-001, 4.91495E-003
 2.00163E+000, 2.50001E+001, 2.50001E+001, 2.50000E+001, 2.50000E+001, 2.50001E+001, 2.50000E+001, 2.50000E+001, 2.52969E+001, 2.50051E+001, 2.50001E+001, 2.50001E+001, 2.50000E+001, 2.53987E+001, 2.50074E+001, 2.50002E+001, 2.50001E+001, 2.50001E+001, 2.53567E+001, 2.50060E+001, 2.50001E+001, 2.50001E+001, 2.50000E+001, 2.50109E+001, 2.50005E+001, 2.50001E+001, 2.50001E+001, 2.50001E+001, 2.50015E+001, 2.50001E+001, 2.50001E+001, 2.50001E+001, 2.50000E+001, 2.50001E+001, 2.50001E+001, 2.50001E+001, 2.50001E+001, 2.50001E+001, 2.63493E+001, 2.50359E+001, 1.30704E-004, 2.06860E-001, 5.77887E-002
 3.00020E+000, 2.50005E+001, 2.50002E+001, 2.50002E+001, 2.50001E+001, 2.50002E+001, 2.50002E+001, 2.50002E+001, 2.66573E+001, 2.51407E+001, 2.50021E+001, 2.50003E+001, 2.50002E+001, 2.79508E+001, 2.53140E+001, 2.50032E+001, 2.50003E+001, 2.50002E+001, 2.67002E+001, 2.51424E+001, 2.50021E+001, 2.50003E+001, 2.50002E+001, 2.50657E+001, 2.50074E+001, 2.50005E+001, 2.50003E+001, 2.50002E+001, 2.50113E+001, 2.50016E+001, 2.50003E+001, 2.50003E+001, 2.50002E+001, 2.50006E+001, 2.50003E+001, 2.50003E+001, 2.50002E+001, 2.50002E+001, 2.92640E+001, 2.60360E+001, 3.58290E-004, 2.06860E-001, 2.19714E-001
 4.00327E+000, 2.50172E+001, 2.50006E+001, 2.50005E+001, 2.50004E+001, 2.50005E+001, 2.50005E+001, 2.50005E+001, 2.74842E+001, 2.64816E+001, 2.58215E+001, 2.52366E+001, 2.50007E+001, 3.14507E+001, 2.93528E+001, 2.72479E+001, 2.58553E+001, 2.50007E+001, 2.74455E+001, 2.64694E+001, 2.57813E+001, 2.52105E+001, 2.50006E+001, 2.51086E+001, 2.50786E+001, 2.50172E+001, 2.50016E+001, 2.50006E+001, 2.50254E+001, 2.50133E+001, 2.50024E+001, 2.50008E+001, 2.50006E+001, 2.50019E+001, 2.50011E+001, 2.50007E+001, 2.50007E+001, 2.50006E+001, 3.28670E+001, 3.03148E+001, 7.02095E-004, 2.06860E-001, 6.02631E-001
 5.00183E+000, 2.50881E+001, 2.50012E+001, 2.50010E+001, 2.50007E+001, 2.50010E+001, 2.50011E+001, 2.50010E+001, 2.77572E+001, 2.62624E+001, 2.60935E+001, 2.62214E+001, 2.58318E+001, 3.53649E+001, 3.21395E+001, 3.03412E+001, 2.92699E+001, 2.73238E+001, 2.77191E+001, 2.62012E+001, 2.60501E+001, 2.61675E+001, 2.57810E+001, 2.50939E+001, 2.50881E+001, 2.50881E+001, 2.50724E+001, 2.50273E+001, 2.50244E+001, 2.50240E+001, 2.50174E+001, 2.50111E+001, 2.50034E+001, 2.50035E+001, 2.50027E+001, 2.50019E+001, 2.50015E+001, 2.50013E+001, 3.77805E+001, 3.34580E+001, 1.16156E-003, 2.06860E-001, 1.27898E+000
 6.00040E+000, 2.50768E+001, 2.50509E+001, 2.50115E+001, 2.50012E+001, 2.50017E+001, 2.50019E+001, 2.50018E+001, 2.82916E+001, 2.66703E+001, 2.64030E+001, 2.62790E+001, 2.61429E+001, 3.98746E+001, 3.55298E+001, 3.31043E+001, 3.15812E+001, 2.96834E+001, 2.80347E+001, 2.65217E+001, 2.62617E+001, 2.61327E+001, 2.60086E+001, 2.51031E+001, 2.50772E+001, 2.50768E+001, 2.50808E+001, 2.50955E+001, 2.50255E+001, 2.50231E+001, 2.50224E+001, 2.50224E+001, 2.50216E+001, 2.50050E+001, 2.50045E+001, 2.50038E+001, 2.50033E+001, 2.50027E+001, 4.42815E+001, 3.73868E+001, 1.73585E-003, 2.06860E-001, 2.30763E+000
 7.00347E+000, 2.50830E+001, 2.51182E+001, 2.62442E+001, 2.50018E+001, 2.50026E+001, 2.50031E+001, 2.50029E+001, 2.93465E+001, 2.70968E+001, 2.68584E+001, 2.67506E+001, 2.66150E+001, 4.51586E+001, 3.92123E+001, 3.61092E+001, 3.41811E+001, 3.17789E+001, 2.88951E+001, 2.68682E+001, 2.66131E+001, 2.64929E+001, 2.63371E+001, 2.51215E+001, 2.50824E+001, 2.50830E+001, 2.50875E+001, 2.51005E+001, 2.50292E+001, 2.50244E+001, 2.50248E+001, 2.50263E+001, 2.50308E+001, 2.50070E+001, 2.50064E+001, 2.50059E+001, 2.50056E+001, 2.50053E+001, 5.19716E+001, 4.15408E+001, 2.42857E-003, 2.06860E-001, 3.75335E+000
 8.00203E+000, 2.50919E+001, 2.51350E+001, 2.68297E+001, 2.50025E+001, 2.50037E+001, 2.50044E+001, 2.50042E+001, 3.06269E+001, 2.76593E+001, 2.73730E+001, 2.72511E+001, 2.71125E+001, 5.08213E+001, 4.30036E+001, 3.92294E+001, 3.68723E+001, 3.38861E+001, 2.99646E+001, 2.73201E+001, 2.70000E+001, 2.68564E+001, 2.66889E+001, 2.51427E+001, 2.50918E+001, 2.50919E+001, 2.50988E+001, 2.51148E+001, 2.50338E+001, 2.50269E+001, 2.50275E+001, 2.50299E+001, 2.50362E+001, 2.50094E+001, 2.50086E+001, 2.50081E+001, 2.50080E+001, 2.50079E+001, 6.05895E+001, 4.60329E+001, 3.24039E-003, 2.06860E-001, 5.49450E+000
 9.00060E+000, 2.51016E+001, 2.51586E+001, 2.74208E+001, 2.50033E+001, 2.50048E+001, 2.50060E+001, 2.50056E+001, 3.21041E+001, 2.81962E+001, 2.78499E+001, 2.77413E+001, 2.76315E+001, 5.65532E+001, 4.72429E+001, 4.25923E+001, 3.97274E+001, 3.61591E+001, 3.11641E+001, 2.77272E+001, 2.73461E+001, 2.71977E+001, 2.70331E+001, 2.51612E+001, 2.51022E+001, 2.51016E+001, 2.51096E+001, 2.51284E+001, 2.50383E+001, 2.50301E+001, 2.50305E+001, 2.50332E+001, 2.50402E+001, 2.50121E+001, 2.50111E+001, 2.50105E+001, 2.50104E+001, 2.50104E+001, 7.02121E+001, 5.12220E+001, 4.16990E-003, 2.06860E-001, 7.51448E+000
 1.00037E+001, 2.51096E+001, 2.51792E+001, 2.79896E+001, 2.50041E+001, 2.50061E+001, 2.50078E+001, 2.50071E+001, 3.31458E+001, 2.88259E+001, 2.84468E+001, 2.83132E+001, 2.82249E+001, 6.26113E+001, 5.17409E+001, 4.62427E+001, 4.28684E+001, 3.86331E+001, 3.20198E+001, 2.81578E+001, 2.77079E+001, 2.75331E+001, 2.73512E+001, 2.51629E+001, 2.51105E+001, 2.51096E+001, 2.51185E+001, 2.51395E+001, 2.50418E+001, 2.50333E+001, 2.50335E+001, 2.50363E+001, 2.50433E+001, 2.50152E+001, 2.50141E+001, 2.50133E+001, 2.50130E+001, 2.50129E+001, 8.08566E+001, 5.76495E+001, 5.22474E-003, 2.06860E-001, 9.82907E+000
 1.10022E+001, 2.51161E+001, 2.51947E+001, 2.85692E+001, 2.50050E+001, 2.50074E+001, 2.50097E+001, 2.50088E+001, 3.44304E+001, 2.95114E+001, 2.90482E+001, 2.89262E+001, 2.88543E+001, 6.76309E+001, 5.54831E+001, 4.93281E+001, 4.55816E+001, 4.08178E+001, 3.25261E+001, 2.85822E+001, 2.81200E+001, 2.79011E+001, 2.76973E+001, 2.51338E+001, 2.51129E+001, 2.51161E+001, 2.51265E+001, 2.51492E+001, 2.50403E+001, 2.50359E+001, 2.50364E+001, 2.50391E+001, 2.50460E+001, 2.50187E+001, 2.50174E+001, 2.50164E+001, 2.50159E+001, 2.50156E+001, 9.27819E+001, 6.42816E+001, 6.40188E-003, 2.06860E-001, 1.24127E+001
 1.20008E+001, 2.51200E+001, 2.52081E+001, 2.91444E+001, 2.50060E+001, 2.50089E+001, 2.50120E+001, 2.50107E+001, 3.59504E+001, 3.01448E+001, 2.97209E+001, 2.96421E+001, 2.95908E+001, 7.47595E+001, 6.07783E+001, 5.35105E+001, 4.90920E+001, 4.35241E+001, 3.39663E+001, 2.90883E+001, 2.85379E+001, 2.82705E+001, 2.80501E+001, 2.51365E+001, 2.51143E+001, 2.51200E+001, 2.51316E+001, 2.51578E+001, 2.50419E+001, 2.50383E+001, 2.50389E+001, 2.50416E+001, 2.50485E+001, 2.50226E+001, 2.50212E+001, 2.50199E+001, 2.50192E+001, 2.50185E+001, 1.05206E+002, 7.15974E+001, 7.70560E-003, 2.06860E-001, 1.54251E+001
 1.30039E+001, 2.51254E+001, 2.52151E+001, 2.97782E+001, 2.50072E+001, 2.50106E+001, 2.50146E+001, 2.50130E+001, 3.79536E+001, 3.10747E+001, 3.04261E+001, 3.03198E+001, 3.02859E+001, 8.23932E+001, 6.65307E+001, 5.80817E+001, 5.29836E+001, 4.65655E+001, 3.62662E+001, 2.96791E+001, 2.89507E+001, 2.86452E+001, 2.84078E+001, 2.51622E+001, 2.51212E+001, 2.51254E+001, 2.51364E+001, 2.51624E+001, 2.50479E+001, 2.50422E+001, 2.50421E+001, 2.50442E+001, 2.50503E+001, 2.50270E+001, 2.50255E+001, 2.50239E+001, 2.50229E+001, 2.50218E+001, 1.18516E+002, 7.96806E+001, 9.13836E-003, 2.06860E-001, 1.89835E+001
 1.40029E+001, 2.51328E+001, 2.52167E+001, 3.04262E+001, 2.50084E+001, 2.50126E+001, 2.50176E+001, 2.50155E+001, 3.99324E+001, 3.21231E+001, 3.13850E+001, 3.12881E+001, 3.12902E+001, 9.04047E+001, 7.24452E+001, 6.20591E+001, 5.63571E+001, 4.92801E+001, 3.79699E+001, 3.02675E+001, 2.94034E+001, 2.90212E+001, 2.86930E+001, 2.51925E+001, 2.51318E+001, 2.51328E+001, 2.51418E+001, 2.51646E+001, 2.50554E+001, 2.50473E+001, 2.50463E+001, 2.50474E+001, 2.50521E+001, 2.50318E+001, 2.50303E+001, 2.50285E+001, 2.50272E+001, 2.50257E+001, 1.32453E+002, 8.76172E+001, 1.06990E-002, 2.06860E-001, 2.30428E+001
 1.50027E+001, 2.51357E+001, 2.52094E+001, 3.10840E+001, 2.50099E+001, 2.50148E+001, 2.50209E+001, 2.50184E+001, 4.21074E+001, 3.28075E+001, 3.22965E+001, 3.22473E+001, 3.23655E+001, 9.82006E+001, 7.85569E+001, 6.68401E+001, 6.04035E+001, 5.24161E+001, 3.94250E+001, 3.07624E+001, 2.97382E+001, 2.93014E+001, 2.89249E+001, 2.52160E+001, 2.51381E+001, 2.51357E+001, 2.51434E+001, 2.51641E+001, 2.50624E+001, 2.50523E+001, 2.50503E+001, 2.50507E+001, 2.50540E+001, 2.50369E+001, 2.50356E+001, 2.50335E+001, 2.50319E+001, 2.50300E+001, 1.46752E+002, 9.60392E+001, 1.23873E-002, 2.06860E-001, 2.76521E+001
 1.60008E+001, 2.51355E+001, 2.51932E+001, 3.17269E+001, 2.50200E+001, 2.50171E+001, 2.50246E+001, 2.50215E+001, 4.44384E+001, 3.41175E+001, 3.34645E+001, 3.34144E+001, 3.35787E+001, 1.05978E+002, 8.45896E+001, 7.11897E+001, 6.39683E+001, 5.51957E+001, 4.07179E+001, 3.09956E+001, 2.99263E+001, 2.94535E+001, 2.90263E+001, 2.52317E+001, 2.51415E+001, 2.51355E+001, 2.51410E+001, 2.51576E+001, 2.50687E+001, 2.50573E+001, 2.50544E+001, 2.50538E+001, 2.50554E+001, 2.50422E+001, 2.50411E+001, 2.50390E+001, 2.50372E+001, 2.50348E+001, 1.61343E+002, 1.04265E+002, 1.41939E-002, 2.06860E-001, 3.27823E+001
 1.70025E+001, 2.51362E+001, 2.51646E+001, 3.23488E+001, 2.51017E+001, 2.50196E+001, 2.50286E+001, 2.50247E+001, 4.69527E+001, 3.58243E+001, 3.49288E+001, 3.49253E+001, 3.52487E+001, 1.13740E+002, 9.06781E+001, 7.55654E+001, 6.74951E+001, 5.78201E+001, 4.20085E+001, 3.10027E+001, 2.99002E+001, 2.93965E+001, 2.88520E+001, 2.52505E+001, 2.51521E+001, 2.51362E+001, 2.51328E+001, 2.51431E+001, 2.50757E+001, 2.50633E+001, 2.50591E+001, 2.50569E+001, 2.50565E+001, 2.50479E+001, 2.50472E+001, 2.50450E+001, 2.50429E+001, 2.50401E+001, 1.76240E+002, 1.12699E+002, 1.61354E-002, 2.06860E-001, 3.83670E+001
 1.80019E+001, 2.51455E+001, 2.51302E+001, 3.30591E+001, 2.52830E+001, 2.50223E+001, 2.50329E+001, 2.50283E+001, 4.89948E+001, 3.75487E+001, 3.65919E+001, 3.66539E+001, 3.71147E+001, 1.21819E+002, 9.70150E+001, 8.04475E+001, 7.13482E+001, 6.07234E+001, 4.29000E+001, 3.11552E+001, 2.99643E+001, 2.93922E+001, 2.87267E+001, 2.52677E+001, 2.51716E+001, 2.51455E+001, 2.51323E+001, 2.51294E+001, 2.50830E+001, 2.50712E+001, 2.50653E+001, 2.50612E+001, 2.50583E+001, 2.50537E+001, 2.50535E+001, 2.50514E+001, 2.50490E+001, 2.50459E+001, 1.91466E+002, 1.20959E+002, 1.82144E-002, 2.06860E-001, 4.45974E+001
 1.90024E+001, 2.51523E+001, 2.51074E+001, 3.38104E+001, 2.54879E+001, 2.50250E+001, 2.50376E+001, 2.50320E+001, 5.02063E+001, 3.84984E+001, 3.78652E+001, 3.81125E+001, 3.88535E+001, 1.30533E+002, 1.04360E+002, 8.61531E+001, 7.54352E+001, 6.35192E+001, 4.23748E+001, 3.11155E+001, 2.99401E+001, 2.93592E+001, 2.85286E+001, 2.53052E+001, 2.51846E+001, 2.51523E+001, 2.51389E+001, 2.51248E+001, 2.50921E+001, 2.50789E+001, 2.50721E+001, 2.50674E+001, 2.50621E+001, 2.50596E+001, 2.50601E+001, 2.50582E+001, 2.50557E+001, 2.50522E+001, 2.06535E+002, 1.29059E+002, 2.04188E-002, 2.06860E-001, 5.13001E+001
 2.00007E+001, 2.51592E+001, 2.51058E+001, 3.46983E+001, 2.57703E+001, 2.50279E+001, 2.50425E+001, 2.50358E+001, 5.36874E+001, 4.02963E+001, 3.90401E+001, 3.92913E+001, 4.01181E+001, 1.39831E+002, 1.11425E+002, 9.16432E+001, 7.95416E+001, 6.64864E+001, 3.96251E+001, 3.10310E+001, 2.99263E+001, 2.93563E+001, 2.83197E+001, 2.53230E+001, 2.51917E+001, 2.51592E+001, 2.51455E+001, 2.51284E+001, 2.51008E+001, 2.50861E+001, 2.50791E+001, 2.50743E+001, 2.50680E+001, 2.50656E+001, 2.50669E+001, 2.50653E+001, 2.50628E+001, 2.50589E+001, 2.21648E+002, 1.36363E+002, 2.27395E-002, 2.06860E-001, 5.85085E+001
 2.10019E+001, 2.51618E+001, 2.52497E+001, 3.56033E+001, 2.62509E+001, 2.50310E+001, 2.50478E+001, 2.50398E+001, 5.58097E+001, 4.11228E+001, 3.97614E+001, 4.02973E+001, 4.14096E+001, 1.50028E+002, 1.19248E+002, 9.78283E+001, 8.44175E+001, 6.98006E+001, 3.64894E+001, 3.08238E+001, 2.96955E+001, 2.91798E+001, 2.80252E+001, 2.53035E+001, 2.51861E+001, 2.51618E+001, 2.51501E+001, 2.51307E+001, 2.51058E+001, 2.50917E+001, 2.50860E+001, 2.50814E+001, 2.50746E+001, 2.50721E+001, 2.50740E+001, 2.50728E+001, 2.50702E+001, 2.50661E+001, 2.36738E+002, 1.44314E+002, 2.51726E-002, 2.06860E-001, 6.62929E+001
 2.20004E+001, 2.51654E+001, 2.56127E+001, 3.65926E+001, 2.66962E+001, 2.50342E+001, 2.50534E+001, 2.50440E+001, 5.72903E+001, 4.19882E+001, 4.06323E+001, 4.12511E+001, 4.23395E+001, 1.59998E+002, 1.27514E+002, 1.04366E+002, 8.90169E+001, 7.27148E+001, 3.60610E+001, 3.08850E+001, 2.97280E+001, 2.91826E+001, 2.80158E+001, 2.52827E+001, 2.51874E+001, 2.51654E+001, 2.51549E+001, 2.51324E+001, 2.51107E+001, 2.50981E+001, 2.50934E+001, 2.50890E+001, 2.50815E+001, 2.50790E+001, 2.50816E+001, 2.50808E+001, 2.50783E+001, 2.50739E+001, 2.51393E+002, 1.51597E+002, 2.77665E-002, 2.06859E-001, 7.46925E+001
 2.30015E+001, 2.51684E+001, 2.57798E+001, 3.68574E+001, 2.71200E+001, 2.50377E+001, 2.50595E+001, 2.50483E+001, 5.88303E+001, 4.25206E+001, 4.18315E+001, 4.24531E+001, 4.40998E+001, 1.69870E+002, 1.35686E+002, 1.10597E+002, 9.34149E+001, 7.34522E+001, 3.54221E+001, 3.07214E+001, 2.96495E+001, 2.91052E+001, 2.86897E+001, 2.52219E+001, 2.51837E+001, 2.51684E+001, 2.51554E+001, 2.51261E+001, 2.51123E+001, 2.51048E+001, 2.51016E+001, 2.50969E+001, 2.50882E+001, 2.50867E+001, 2.50898E+001, 2.50895E+001, 2.50870E+001, 2.50824E+001, 2.66580E+002, 1.60960E+002, 3.04928E-002, 2.06854E-001, 8.38306E+001
 2.40000E+001, 2.51694E+001, 2.58858E+001, 3.72112E+001, 2.74461E+001, 2.50416E+001, 2.50662E+001, 2.50527E+001, 6.00698E+001, 4.28248E+001, 4.26233E+001, 4.32032E+001, 4.53808E+001, 1.81086E+002, 1.45632E+002, 1.18284E+002, 9.88546E+001, 7.43153E+001, 3.65657E+001, 3.09920E+001, 2.97922E+001, 2.91864E+001, 2.98961E+001, 2.52400E+001, 2.51891E+001, 2.51694E+001, 2.51501E+001, 2.51495E+001, 2.51212E+001, 2.51130E+001, 2.51100E+001, 2.51048E+001, 2.50982E+001, 2.50948E+001, 2.50986E+001, 2.50988E+001, 2.50963E+001, 2.50920E+001, 2.82510E+002, 1.73209E+002, 3.33496E-002, 2.06845E-001, 9.38649E+001
 2.50003E+001, 2.51858E+001, 2.59231E+001, 3.90481E+001, 2.69925E+001, 2.50457E+001, 2.50733E+001, 2.50570E+001, 6.14593E+001, 4.29282E+001, 4.28248E+001, 4.35421E+001, 4.62817E+001, 1.92443E+002, 1.55758E+002, 1.26731E+002, 1.05486E+002, 7.80581E+001, 3.80661E+001, 3.18550E+001, 3.04544E+001, 2.98953E+001, 3.07416E+001, 2.52780E+001, 2.52096E+001, 2.51858E+001, 2.51643E+001, 2.51817E+001, 2.51333E+001, 2.51235E+001, 2.51205E+001, 2.51148E+001, 2.51128E+001, 2.51033E+001, 2.51077E+001, 2.51087E+001, 2.51064E+001, 2.51034E+001, 3.04405E+002, 1.85750E+002, 3.63384E-002, 2.06839E-001, 1.04691E+002
 2.60016E+001, 2.52044E+001, 2.60611E+001, 3.91550E+001, 2.72532E+001, 2.50497E+001, 2.50805E+001, 2.50606E+001, 6.29054E+001, 4.37729E+001, 4.31326E+001, 4.37357E+001, 4.66979E+001, 1.98841E+002, 1.61349E+002, 1.31498E+002, 1.09955E+002, 8.09352E+001, 3.92500E+001, 3.26215E+001, 3.10403E+001, 3.04328E+001, 3.15279E+001, 2.53156E+001, 2.52328E+001, 2.52044E+001, 2.51838E+001, 2.52084E+001, 2.51455E+001, 2.51344E+001, 2.51315E+001, 2.51261E+001, 2.51278E+001, 2.51117E+001, 2.51168E+001, 2.51187E+001, 2.51166E+001, 2.51169E+001, 3.13346E+002, 1.92943E+002, 3.79591E-002, 2.06835E-001, 1.15825E+002
 2.70006E+001, 2.52195E+001, 2.61667E+001, 3.90242E+001, 2.77670E+001, 2.50525E+001, 2.50863E+001, 2.50620E+001, 6.23085E+001, 4.30345E+001, 4.29977E+001, 4.34979E+001, 4.67835E+001, 1.98772E+002, 1.61563E+002, 1.31922E+002, 1.10694E+002, 8.19255E+001, 3.99281E+001, 3.30411E+001, 3.13899E+001, 3.06913E+001, 3.15135E+001, 2.53417E+001, 2.52484E+001, 2.52195E+001, 2.51999E+001, 2.52240E+001, 2.51551E+001, 2.51429E+001, 2.51407E+001, 2.51359E+001, 2.51392E+001, 2.51183E+001, 2.51241E+001, 2.51270E+001, 2.51256E+001, 2.51277E+001, 3.13556E+002, 1.93235E+002, 3.79764E-002, 2.06833E-001, 1.25660E+002
 2.80019E+001, 2.52330E+001, 2.62080E+001, 3.78972E+001, 2.76123E+001, 2.50544E+001, 2.50910E+001, 2.50613E+001, 6.15640E+001, 4.20615E+001, 4.24378E+001, 4.29130E+001, 4.55219E+001, 1.98825E+002, 1.61827E+002, 1.32196E+002, 1.11298E+002, 8.37074E+001, 4.05257E+001, 3.35013E+001, 3.18839E+001, 3.09343E+001, 3.14953E+001, 2.53599E+001, 2.52620E+001, 2.52330E+001, 2.52131E+001, 2.52317E+001, 2.51628E+001, 2.51496E+001, 2.51483E+001, 2.51444E+001, 2.51464E+001, 2.51236E+001, 2.51298E+001, 2.51339E+001, 2.51332E+001, 2.51349E+001, 3.13609E+002, 1.93358E+002, 3.79865E-002, 2.06834E-001, 1.34350E+002
 2.90008E+001, 2.52466E+001, 2.60950E+001, 3.70184E+001, 2.75953E+001, 2.50560E+001, 2.50949E+001, 2.50558E+001, 6.07727E+001, 4.11210E+001, 4.18064E+001, 4.22900E+001, 4.46781E+001, 1.98458E+002, 1.61728E+002, 1.32359E+002, 1.11663E+002, 8.47605E+001, 4.28409E+001, 3.41546E+001, 3.24178E+001, 3.14896E+001, 3.16449E+001, 2.53834E+001, 2.52778E+001, 2.52466E+001, 2.52255E+001, 2.52408E+001, 2.51700E+001, 2.51556E+001, 2.51549E+001, 2.51518E+001, 2.51523E+001, 2.51281E+001, 2.51345E+001, 2.51396E+001, 2.51399E+001, 2.51407E+001, 3.13384E+002, 1.92798E+002, 3.80059E-002, 2.06836E-001, 1.42285E+002
 3.00021E+001, 2.52645E+001, 2.58971E+001, 3.73061E+001, 2.76309E+001, 2.50575E+001, 2.50954E+001, 2.50435E+001, 6.03473E+001, 4.06300E+001, 4.12973E+001, 4.18130E+001, 4.33780E+001, 1.95860E+002, 1.60519E+002, 1.31985E+002, 1.11843E+002, 8.68619E+001, 4.96948E+001, 3.50097E+001, 3.33437E+001, 3.22807E+001, 3.17168E+001, 2.54244E+001, 2.53020E+001, 2.52645E+001, 2.52432E+001, 2.52486E+001, 2.51775E+001, 2.51618E+001, 2.51611E+001, 2.51587E+001, 2.51581E+001, 2.51320E+001, 2.51383E+001, 2.51444E+001, 2.51457E+001, 2.51461E+001, 3.13369E+002, 1.90758E+002, 3.80643E-002, 2.06838E-001, 1.49502E+002
 3.10018E+001, 2.52866E+001, 2.57061E+001, 3.73692E+001, 2.78849E+001, 2.50602E+001, 2.50753E+001, 2.50490E+001, 6.01246E+001, 4.04169E+001, 4.10693E+001, 4.15115E+001, 4.24761E+001, 1.91719E+002, 1.57539E+002, 1.30690E+002, 1.11326E+002, 8.88471E+001, 5.80279E+001, 3.62478E+001, 3.43527E+001, 3.32439E+001, 3.17418E+001, 2.54468E+001, 2.53411E+001, 2.52866E+001, 2.52663E+001, 2.52549E+001, 2.51836E+001, 2.51694E+001, 2.51673E+001, 2.51657E+001, 2.51632E+001, 2.51355E+001, 2.51416E+001, 2.51484E+001, 2.51508E+001, 2.51513E+001, 3.13314E+002, 1.87867E+002, 3.81194E-002, 2.06841E-001, 1.56111E+002
 3.20002E+001, 2.53088E+001, 2.56029E+001, 3.84791E+001, 2.80298E+001, 2.50730E+001, 2.51372E+001, 2.50916E+001, 6.05408E+001, 4.06398E+001, 4.12873E+001, 4.16258E+001, 4.24812E+001, 1.90382E+002, 1.55062E+002, 1.28869E+002, 1.10237E+002, 8.94788E+001, 5.84797E+001, 3.81396E+001, 3.53658E+001, 3.38457E+001, 3.20441E+001, 2.54252E+001, 2.53422E+001, 2.53088E+001, 2.52880E+001, 2.52577E+001, 2.51824E+001, 2.51728E+001, 2.51730E+001, 2.51720E+001, 2.51675E+001, 2.51386E+001, 2.51443E+001, 2.51518E+001, 2.51550E+001, 2.51562E+001, 3.13511E+002, 1.87758E+002, 3.81224E-002, 2.06843E-001, 1.62112E+002
 3.30001E+001, 2.52911E+001, 2.55230E+001, 3.89916E+001, 2.76479E+001, 2.51140E+001, 2.53541E+001, 2.52602E+001, 6.03479E+001, 4.07547E+001, 4.14865E+001, 4.19084E+001, 4.29689E+001, 1.89450E+002, 1.55006E+002, 1.29217E+002, 1.10523E+002, 8.94135E+001, 6.04039E+001, 3.75618E+001, 3.45410E+001, 3.33385E+001, 3.17835E+001, 2.54245E+001, 2.53476E+001, 2.52911E+001, 2.52756E+001, 2.52564E+001, 2.51833E+001, 2.51730E+001, 2.51735E+001, 2.51743E+001, 2.51721E+001, 2.51417E+001, 2.51470E+001, 2.51547E+001, 2.51587E+001, 2.51606E+001, 3.13458E+002, 1.87749E+002, 3.81230E-002, 2.06845E-001, 1.67674E+002
 3.40012E+001, 2.53148E+001, 2.55199E+001, 3.85711E+001, 2.74951E+001, 2.51818E+001, 2.57597E+001, 2.56492E+001, 6.04540E+001, 4.09019E+001, 4.14554E+001, 4.18322E+001, 4.27484E+001, 1.90540E+002, 1.55612E+002, 1.29266E+002, 1.10531E+002, 8.95511E+001, 5.83935E+001, 3.74322E+001, 3.53499E+001, 3.39007E+001, 3.19507E+001, 2.54357E+001, 2.53359E+001, 2.53148E+001, 2.52987E+001, 2.52588E+001, 2.51882E+001, 2.51766E+001, 2.51790E+001, 2.51796E+001, 2.51758E+001, 2.51445E+001, 2.51491E+001, 2.51574E+001, 2.51621E+001, 2.51649E+001, 3.13508E+002, 1.87701E+002, 3.81032E-002, 2.06846E-001, 1.73040E+002
 3.50020E+001, 2.53230E+001, 2.55521E+001, 3.90745E+001, 2.81437E+001, 2.52966E+001, 2.61722E+001, 2.56650E+001, 6.02873E+001, 4.06564E+001, 4.12714E+001, 4.16820E+001, 4.25345E+001, 1.90157E+002, 1.55140E+002, 1.29059E+002, 1.10388E+002, 8.92604E+001, 6.01487E+001, 3.89233E+001, 3.53347E+001, 3.33688E+001, 3.16401E+001, 2.54427E+001, 2.54103E+001, 2.53230E+001, 2.52867E+001, 2.52537E+001, 2.51926E+001, 2.51834E+001, 2.51807E+001, 2.51807E+001, 2.51792E+001, 2.51472E+001, 2.51512E+001, 2.51597E+001, 2.51651E+001, 2.51690E+001, 3.13450E+002, 1.88144E+002, 3.81147E-002, 2.06847E-001, 1.78093E+002
 3.60006E+001, 2.53013E+001, 2.56295E+001, 3.88710E+001, 2.79915E+001, 2.52671E+001, 2.62492E+001, 2.56941E+001, 6.06597E+001, 4.10872E+001, 4.17476E+001, 4.22299E+001, 4.30760E+001, 1.88536E+002, 1.54462E+002, 1.28709E+002, 1.10090E+002, 8.91373E+001, 6.04896E+001, 3.62790E+001, 3.46866E+001, 3.35032E+001, 3.18279E+001, 2.54530E+001, 2.53370E+001, 2.53013E+001, 2.52930E+001, 2.52690E+001, 2.51948E+001, 2.51790E+001, 2.51819E+001, 2.51846E+001, 2.51840E+001, 2.51497E+001, 2.51529E+001, 2.51617E+001, 2.51677E+001, 2.51729E+001, 3.13412E+002, 1.87299E+002, 3.81211E-002, 2.06845E-001, 1.82862E+002
 3.70014E+001, 2.53434E+001, 2.57447E+001, 3.87992E+001, 2.84313E+001, 2.52066E+001, 2.62111E+001, 2.59935E+001, 6.04709E+001, 4.09635E+001, 4.14982E+001, 4.18383E+001, 4.28115E+001, 1.90220E+002, 1.55009E+002, 1.28706E+002, 1.10167E+002, 8.92108E+001, 5.87490E+001, 3.76588E+001, 3.58772E+001, 3.41996E+001, 3.18378E+001, 2.54550E+001, 2.53807E+001, 2.53434E+001, 2.53139E+001, 2.52630E+001, 2.51990E+001, 2.51864E+001, 2.51872E+001, 2.51878E+001, 2.51866E+001, 2.51519E+001, 2.51545E+001, 2.51636E+001, 2.51702E+001, 2.51766E+001, 3.13526E+002, 1.87782E+002, 3.81061E-002, 2.06839E-001, 1.87407E+002
 3.80012E+001, 2.53253E+001, 2.58117E+001, 3.98436E+001, 2.78818E+001, 2.51674E+001, 2.62045E+001, 2.62192E+001, 6.04028E+001, 4.07701E+001, 4.13585E+001, 4.17139E+001, 4.26757E+001, 1.89530E+002, 1.54734E+002, 1.28906E+002, 1.10324E+002, 8.90398E+001, 6.06667E+001, 3.90442E+001, 3.53417E+001, 3.31834E+001, 3.18662E+001, 2.54562E+001, 2.54234E+001, 2.53253E+001, 2.52843E+001, 2.52634E+001, 2.52008E+001, 2.51884E+001, 2.51857E+001, 2.51872E+001, 2.51901E+001, 2.51541E+001, 2.51559E+001, 2.51651E+001, 2.51723E+001, 2.51803E+001, 3.13474E+002, 1.88083E+002, 3.81123E-002, 2.06820E-001, 1.91764E+002
 3.90018E+001, 2.53110E+001, 2.58753E+001, 4.00060E+001, 2.80866E+001, 2.51116E+001, 2.61754E+001, 2.63098E+001, 6.06846E+001, 4.11310E+001, 4.16715E+001, 4.21141E+001, 4.30130E+001, 1.88756E+002, 1.54269E+002, 1.28613E+002, 1.10145E+002, 8.90682E+001, 6.12891E+001, 3.69275E+001, 3.49256E+001, 3.37603E+001, 3.20570E+001, 2.54586E+001, 2.53564E+001, 2.53110E+001, 2.52974E+001, 2.52742E+001, 2.52031E+001, 2.51850E+001, 2.51874E+001, 2.51907E+001, 2.51938E+001, 2.51563E+001, 2.51573E+001, 2.51665E+001, 2.51743E+001, 2.51839E+001, 3.13332E+002, 1.87525E+002, 3.81215E-002, 2.06769E-001, 1.96015E+002
 4.00007E+001, 2.53577E+001, 2.59031E+001, 3.90295E+001, 2.87260E+001, 2.50736E+001, 2.60516E+001, 2.62177E+001, 6.04990E+001, 4.11106E+001, 4.14226E+001, 4.17042E+001, 4.26067E+001, 1.88764E+002, 1.54186E+002, 1.28343E+002, 1.10043E+002, 8.93885E+001, 6.03199E+001, 3.76748E+001, 3.60046E+001, 3.43311E+001, 3.22783E+001, 2.54657E+001, 2.53851E+001, 2.53577E+001, 2.53267E+001, 2.52784E+001, 2.52068E+001, 2.51908E+001, 2.51931E+001, 2.51946E+001, 2.51972E+001, 2.51587E+001, 2.51588E+001, 2.51680E+001, 2.51762E+001, 2.51877E+001, 3.13510E+002, 1.87941E+002, 3.81154E-002, 2.06683E-001, 2.00026E+002
 4.10018E+001, 2.53726E+001, 2.59649E+001, 4.06478E+001, 2.82726E+001, 2.50560E+001, 2.57897E+001, 2.57711E+001, 6.05110E+001, 4.13091E+001, 4.12467E+001, 4.16141E+001, 4.24032E+001, 1.89842E+002, 1.54167E+002, 1.28237E+002, 1.09960E+002, 8.93195E+001, 6.07866E+001, 3.86530E+001, 3.67507E+001, 3.46331E+001, 3.19970E+001, 2.54791E+001, 2.54129E+001, 2.53726E+001, 2.53227E+001, 2.52825E+001, 2.52101E+001, 2.51941E+001, 2.51954E+001, 2.51960E+001, 2.52022E+001, 2.51616E+001, 2.51609E+001, 2.51701E+001, 2.51786E+001, 2.51925E+001, 3.13520E+002, 1.88130E+002, 3.81101E-002, 2.06605E-001, 2.03898E+002
 4.20006E+001, 2.53624E+001, 2.61213E+001, 4.00071E+001, 2.81030E+001, 2.50479E+001, 2.54950E+001, 2.58717E+001, 6.04876E+001, 4.10214E+001, 4.09738E+001, 4.13091E+001, 4.21104E+001, 1.88098E+002, 1.52905E+002, 1.27601E+002, 1.09648E+002, 8.93776E+001, 6.16701E+001, 3.87040E+001, 3.68491E+001, 3.49330E+001, 3.29608E+001, 2.55080E+001, 2.53822E+001, 2.53624E+001, 2.53290E+001, 2.53069E+001, 2.52161E+001, 2.51945E+001, 2.51982E+001, 2.52009E+001, 2.52108E+001, 2.51655E+001, 2.51640E+001, 2.51732E+001, 2.51822E+001, 2.52010E+001, 3.13501E+002, 1.88345E+002, 3.81131E-002, 2.06586E-001, 2.07548E+002
 4.30017E+001, 2.53883E+001, 2.64791E+001, 4.05971E+001, 2.83394E+001, 2.50442E+001, 2.59618E+001, 2.63261E+001, 6.00434E+001, 4.06483E+001, 4.07577E+001, 4.09822E+001, 4.17381E+001, 1.88542E+002, 1.52953E+002, 1.27188E+002, 1.09206E+002, 8.91874E+001, 6.40350E+001, 3.94196E+001, 3.67586E+001, 3.58639E+001, 3.39094E+001, 2.55469E+001, 2.53940E+001, 2.53883E+001, 2.53775E+001, 2.53417E+001, 2.52258E+001, 2.52002E+001, 2.52057E+001, 2.52098E+001, 2.52270E+001, 2.51708E+001, 2.51686E+001, 2.51780E+001, 2.51877E+001, 2.52186E+001, 3.13405E+002, 1.88483E+002, 3.81116E-002, 2.06619E-001, 2.11041E+002
 4.40005E+001, 2.54196E+001, 2.69307E+001, 4.09824E+001, 2.83505E+001, 2.50418E+001, 2.60966E+001, 2.64265E+001, 5.95101E+001, 3.96702E+001, 3.98754E+001, 4.01668E+001, 4.06414E+001, 1.87614E+002, 1.51416E+002, 1.25693E+002, 1.07961E+002, 8.82573E+001, 6.41735E+001, 4.24691E+001, 3.89536E+001, 3.64505E+001, 3.60419E+001, 2.55905E+001, 2.54710E+001, 2.54196E+001, 2.54176E+001, 2.55348E+001, 2.52393E+001, 2.52123E+001, 2.52158E+001, 2.52233E+001, 2.52787E+001, 2.51776E+001, 2.51748E+001, 2.51846E+001, 2.51957E+001, 2.52705E+001, 3.13440E+002, 1.88608E+002, 3.81011E-002, 2.06628E-001, 2.14388E+002
 4.50016E+001, 2.54979E+001, 2.74661E+001, 4.09870E+001, 2.83150E+001, 2.50402E+001, 2.60744E+001, 2.59613E+001, 5.93484E+001, 3.93067E+001, 3.91815E+001, 3.91715E+001, 4.01028E+001, 1.87384E+002, 1.51808E+002, 1.25980E+002, 1.07852E+002, 8.81099E+001, 6.60871E+001, 4.12602E+001, 3.92974E+001, 3.89029E+001, 3.60578E+001, 2.56444E+001, 2.54911E+001, 2.54979E+001, 2.55076E+001, 2.57506E+001, 2.52560E+001, 2.52274E+001, 2.52324E+001, 2.52438E+001, 2.53973E+001, 2.51862E+001, 2.51819E+001, 2.51921E+001, 2.52066E+001, 2.53855E+001, 3.13351E+002, 1.88565E+002, 3.81107E-002, 2.06555E-001, 2.17558E+002
 4.60005E+001, 2.55250E+001, 2.73703E+001, 4.17951E+001, 2.92245E+001, 2.50389E+001, 2.60063E+001, 2.58492E+001, 5.91635E+001, 3.81788E+001, 3.82555E+001, 3.80885E+001, 3.84315E+001, 1.87945E+002, 1.51549E+002, 1.25739E+002, 1.08094E+002, 8.91529E+001, 6.69556E+001, 4.36076E+001, 4.07136E+001, 3.91197E+001, 3.77540E+001, 2.57215E+001, 2.55465E+001, 2.55250E+001, 2.55439E+001, 2.59783E+001, 2.52741E+001, 2.52447E+001, 2.52467E+001, 2.52685E+001, 2.55374E+001, 2.51952E+001, 2.51890E+001, 2.51994E+001, 2.52218E+001, 2.54945E+001, 3.13488E+002, 1.88716E+002, 3.81090E-002, 2.06485E-001, 2.20320E+002
 4.70015E+001, 2.55570E+001, 2.72338E+001, 4.25810E+001, 2.93048E+001, 2.50384E+001, 2.63019E+001, 2.58128E+001, 5.92483E+001, 3.80204E+001, 3.79979E+001, 3.77604E+001, 3.77140E+001, 1.88777E+002, 1.52169E+002, 1.26144E+002, 1.08369E+002, 8.95424E+001, 6.66003E+001, 4.33070E+001, 4.03456E+001, 3.93218E+001, 3.82826E+001, 2.57603E+001, 2.55543E+001, 2.55570E+001, 2.56155E+001, 2.59204E+001, 2.52872E+001, 2.52565E+001, 2.52598E+001, 2.52919E+001, 2.55874E+001, 2.52030E+001, 2.51952E+001, 2.52055E+001, 2.52362E+001, 2.55283E+001, 3.13571E+002, 1.88855E+002, 3.81002E-002, 2.06443E-001, 2.22653E+002
 4.80004E+001, 2.55505E+001, 2.71633E+001, 4.18596E+001, 2.89842E+001, 2.50385E+001, 2.65194E+001, 2.57185E+001, 5.94776E+001, 3.82074E+001, 3.79530E+001, 3.76522E+001, 3.74904E+001, 1.89160E+002, 1.52652E+002, 1.26567E+002, 1.08641E+002, 8.96508E+001, 6.61753E+001, 4.34223E+001, 4.00119E+001, 3.94059E+001, 3.85027E+001, 2.57602E+001, 2.55543E+001, 2.55505E+001, 2.56359E+001, 2.58707E+001, 2.52929E+001, 2.52613E+001, 2.52656E+001, 2.53067E+001, 2.55772E+001, 2.52086E+001, 2.52000E+001, 2.52095E+001, 2.52446E+001, 2.55146E+001, 3.13632E+002, 1.88783E+002, 3.81003E-002, 2.06375E-001, 2.24715E+002
 4.90014E+001, 2.55427E+001, 2.70631E+001, 4.18370E+001, 2.88835E+001, 2.50376E+001, 2.64111E+001, 2.58246E+001, 5.96861E+001, 3.85047E+001, 3.82758E+001, 3.79331E+001, 3.76746E+001, 1.89215E+002, 1.52864E+002, 1.26847E+002, 1.08943E+002, 8.98871E+001, 6.55274E+001, 4.29173E+001, 3.98254E+001, 3.91700E+001, 3.79954E+001, 2.57459E+001, 2.55442E+001, 2.55427E+001, 2.56448E+001, 2.58760E+001, 2.52940E+001, 2.52626E+001, 2.52671E+001, 2.53151E+001, 2.55671E+001, 2.52116E+001, 2.52031E+001, 2.52118E+001, 2.52480E+001, 2.54985E+001, 3.13622E+002, 1.88543E+002, 3.80847E-002, 2.06249E-001, 2.26430E+002
 5.00003E+001, 2.55295E+001, 2.69968E+001, 4.22704E+001, 2.90408E+001, 2.50356E+001, 2.61133E+001, 2.60957E+001, 5.99812E+001, 3.88683E+001, 3.87285E+001, 3.84421E+001, 3.80779E+001, 1.89437E+002, 1.53359E+002, 1.27351E+002, 1.09316E+002, 9.00832E+001, 6.45483E+001, 4.21109E+001, 3.94642E+001, 3.87742E+001, 3.76710E+001, 2.57210E+001, 2.55265E+001, 2.55295E+001, 2.56297E+001, 2.58664E+001, 2.52917E+001, 2.52613E+001, 2.52662E+001, 2.53147E+001, 2.55613E+001, 2.52125E+001, 2.52048E+001, 2.52131E+001, 2.52488E+001, 2.54934E+001, 3.13439E+002, 1.88256E+002, 3.80820E-002, 2.06119E-001, 2.27886E+002
 5.10013E+001, 2.55164E+001, 2.68697E+001, 4.20888E+001, 2.94025E+001, 2.50334E+001, 2.60685E+001, 2.62369E+001, 6.02893E+001, 3.90153E+001, 3.88775E+001, 3.87373E+001, 3.85363E+001, 1.89898E+002, 1.53873E+002, 1.27792E+002, 1.09597E+002, 9.01462E+001, 6.35443E+001, 4.10139E+001, 3.91319E+001, 3.85868E+001, 3.72549E+001, 2.56946E+001, 2.55082E+001, 2.55164E+001, 2.56105E+001, 2.58410E+001, 2.52883E+001, 2.52593E+001, 2.52647E+001, 2.53116E+001, 2.55553E+001, 2.52121E+001, 2.52058E+001, 2.52142E+001, 2.52496E+001, 2.54915E+001, 3.13319E+002, 1.88082E+002, 3.80792E-002, 2.06072E-001, 2.29230E+002
 5.20002E+001, 2.55002E+001, 2.68258E+001, 4.20322E+001, 2.94337E+001, 2.50323E+001, 2.62191E+001, 2.62830E+001, 6.06768E+001, 3.97049E+001, 3.92270E+001, 3.90322E+001, 3.89071E+001, 1.89906E+002, 1.53676E+002, 1.27572E+002, 1.09472E+002, 9.01395E+001, 6.25557E+001, 4.02260E+001, 3.86590E+001, 3.78565E+001, 3.69174E+001, 2.56768E+001, 2.54929E+001, 2.55002E+001, 2.55865E+001, 2.58381E+001, 2.52853E+001, 2.52575E+001, 2.52637E+001, 2.53103E+001, 2.55605E+001, 2.52113E+001, 2.52065E+001, 2.52159E+001, 2.52524E+001, 2.54997E+001, 3.13233E+002, 1.87774E+002, 3.80775E-002, 2.05989E-001, 2.30531E+002
 5.30012E+001, 2.54872E+001, 2.68360E+001, 4.20056E+001, 2.92010E+001, 2.50319E+001, 2.62571E+001, 2.66131E+001, 6.12258E+001, 4.03852E+001, 3.97312E+001, 3.96243E+001, 3.93814E+001, 1.89470E+002, 1.53226E+002, 1.27153E+002, 1.09079E+002, 8.98346E+001, 6.14826E+001, 3.92146E+001, 3.82948E+001, 3.75096E+001, 3.62488E+001, 2.56556E+001, 2.54756E+001, 2.54872E+001, 2.55698E+001, 2.58311E+001, 2.52820E+001, 2.52558E+001, 2.52638E+001, 2.53127E+001, 2.55748E+001, 2.52106E+001, 2.52074E+001, 2.52188E+001, 2.52583E+001, 2.55171E+001, 3.13241E+002, 1.87452E+002, 3.80765E-002, 2.05942E-001, 2.31816E+002
 5.40001E+001, 2.54695E+001, 2.68355E+001, 4.20526E+001, 2.92197E+001, 2.50314E+001, 2.61279E+001, 2.64884E+001, 6.25530E+001, 4.20530E+001, 4.04767E+001, 4.03710E+001, 4.01081E+001, 1.88712E+002, 1.52559E+002, 1.26655E+002, 1.08644E+002, 8.93689E+001, 6.04901E+001, 3.83451E+001, 3.75338E+001, 3.68176E+001, 3.57183E+001, 2.56294E+001, 2.54558E+001, 2.54695E+001, 2.55569E+001, 2.58289E+001, 2.52784E+001, 2.52542E+001, 2.52651E+001, 2.53193E+001, 2.55891E+001, 2.52101E+001, 2.52090E+001, 2.52230E+001, 2.52678E+001, 2.55307E+001, 3.13544E+002, 1.87223E+002, 3.80773E-002, 2.05925E-001, 2.33101E+002
 5.50012E+001, 2.54528E+001, 2.68561E+001, 4.17007E+001, 2.92380E+001, 2.50309E+001, 2.57752E+001, 2.64385E+001, 6.38993E+001, 4.33491E+001, 4.12316E+001, 4.11845E+001, 4.11119E+001, 1.87953E+002, 1.51729E+002, 1.25932E+002, 1.08078E+002, 8.88952E+001, 5.98661E+001, 3.80317E+001, 3.69471E+001, 3.60181E+001, 3.52019E+001, 2.56035E+001, 2.54403E+001, 2.54528E+001, 2.55439E+001, 2.58204E+001, 2.52752E+001, 2.52533E+001, 2.52681E+001, 2.53301E+001, 2.55952E+001, 2.52102E+001, 2.52114E+001, 2.52290E+001, 2.52808E+001, 2.55324E+001, 3.13603E+002, 1.86824E+002, 3.80797E-002, 2.05907E-001, 2.34346E+002
 5.60000E+001, 2.54482E+001, 2.68715E+001, 4.19144E+001, 2.91929E+001, 2.50301E+001, 2.54117E+001, 2.64274E+001, 6.49831E+001, 4.46081E+001, 4.20705E+001, 4.19794E+001, 4.19698E+001, 1.87724E+002, 1.51573E+002, 1.25697E+002, 1.07821E+002, 8.85861E+001, 5.93676E+001, 3.78175E+001, 3.66537E+001, 3.55486E+001, 3.46337E+001, 2.55812E+001, 2.54301E+001, 2.54482E+001, 2.55385E+001, 2.57949E+001, 2.52726E+001, 2.52537E+001, 2.52746E+001, 2.53440E+001, 2.55844E+001, 2.52108E+001, 2.52146E+001, 2.52368E+001, 2.52959E+001, 2.55195E+001, 3.13678E+002, 1.86547E+002, 3.80818E-002, 2.05887E-001, 2.35559E+002
 5.70011E+001, 2.54634E+001, 2.69244E+001, 4.18180E+001, 2.90484E+001, 2.50294E+001, 2.58630E+001, 2.62301E+001, 6.59096E+001, 4.53118E+001, 4.26594E+001, 4.25763E+001, 4.26569E+001, 1.87901E+002, 1.51727E+002, 1.25687E+002, 1.07717E+002, 8.84024E+001, 5.89317E+001, 3.76835E+001, 3.65152E+001, 3.52913E+001, 3.42395E+001, 2.55634E+001, 2.54296E+001, 2.54634E+001, 2.55442E+001, 2.57642E+001, 2.52710E+001, 2.52566E+001, 2.52854E+001, 2.53592E+001, 2.55658E+001, 2.52117E+001, 2.52186E+001, 2.52462E+001, 2.53109E+001, 2.55054E+001, 3.13759E+002, 1.86499E+002, 3.80820E-002, 2.05881E-001, 2.36745E+002
 5.80021E+001, 2.54807E+001, 2.69872E+001, 4.15347E+001, 2.90202E+001, 2.50292E+001, 2.65715E+001, 2.63700E+001, 6.63515E+001, 4.55996E+001, 4.29917E+001, 4.28925E+001, 4.30056E+001, 1.87821E+002, 1.51549E+002, 1.25454E+002, 1.07470E+002, 8.81480E+001, 5.85330E+001, 3.79169E+001, 3.62251E+001, 3.47328E+001, 3.40380E+001, 2.55487E+001, 2.54424E+001, 2.54807E+001, 2.55529E+001, 2.57489E+001, 2.52706E+001, 2.52624E+001, 2.52983E+001, 2.53740E+001, 2.55562E+001, 2.52130E+001, 2.52235E+001, 2.52570E+001, 2.53245E+001, 2.54992E+001, 3.13812E+002, 1.86541E+002, 3.80817E-002, 2.05877E-001, 2.37860E+002
 5.90010E+001, 2.54827E+001, 2.69828E+001, 4.13467E+001, 2.93320E+001, 2.50287E+001, 2.62803E+001, 2.63996E+001, 6.68875E+001, 4.61157E+001, 4.34057E+001, 4.33422E+001, 4.34164E+001, 1.87347E+002, 1.51104E+002, 1.25139E+002, 1.07142E+002, 8.77929E+001, 5.86198E+001, 3.74867E+001, 3.51881E+001, 3.43452E+001, 3.38203E+001, 2.55360E+001, 2.54477E+001, 2.54827E+001, 2.55668E+001, 2.57501E+001, 2.52709E+001, 2.52690E+001, 2.53118E+001, 2.53882E+001, 2.55585E+001, 2.52144E+001, 2.52294E+001, 2.52689E+001, 2.53366E+001, 2.55020E+001, 3.13803E+002, 1.86368E+002, 3.80803E-002, 2.05861E-001, 2.38908E+002
 6.00020E+001, 2.55167E+001, 2.70098E+001, 4.15950E+001, 2.94989E+001, 2.50276E+001, 2.58303E+001, 2.67807E+001, 6.74181E+001, 4.69116E+001, 4.39956E+001, 4.37579E+001, 4.36074E+001, 1.87047E+002, 1.51222E+002, 1.24812E+002, 1.06766E+002, 8.76731E+001, 5.77425E+001, 3.62378E+001, 3.52170E+001, 3.43999E+001, 3.39088E+001, 2.55327E+001, 2.54449E+001, 2.55167E+001, 2.55913E+001, 2.57540E+001, 2.52726E+001, 2.52776E+001, 2.53292E+001, 2.54021E+001, 2.55695E+001, 2.52162E+001, 2.52364E+001, 2.52819E+001, 2.53481E+001, 2.55134E+001, 3.13760E+002, 1.85832E+002, 3.80772E-002, 2.05843E-001, 2.39838E+002
 6.10009E+001, 2.55438E+001, 2.70766E+001, 4.16267E+001, 2.95106E+001, 2.50268E+001, 2.59551E+001, 2.68250E+001, 6.75607E+001, 4.69287E+001, 4.37679E+001, 4.35770E+001, 4.36414E+001, 1.87146E+002, 1.50670E+002, 1.24565E+002, 1.06708E+002, 8.75553E+001, 5.75321E+001, 3.77277E+001, 3.53938E+001, 3.41635E+001, 3.33943E+001, 2.55331E+001, 2.55166E+001, 2.55438E+001, 2.55922E+001, 2.57646E+001, 2.52763E+001, 2.52925E+001, 2.53437E+001, 2.54126E+001, 2.55892E+001, 2.52188E+001, 2.52448E+001, 2.52953E+001, 2.53597E+001, 2.55333E+001, 3.13870E+002, 1.86441E+002, 3.80756E-002, 2.05829E-001, 2.40719E+002
 6.20019E+001, 2.55311E+001, 2.71111E+001, 4.16455E+001, 2.92039E+001, 2.50262E+001, 2.60539E+001, 2.67794E+001, 6.75234E+001, 4.69295E+001, 4.40440E+001, 4.39757E+001, 4.41253E+001, 1.86205E+002, 1.50925E+002, 1.24874E+002, 1.06847E+002, 8.75651E+001, 5.85971E+001, 3.57108E+001, 3.43103E+001, 3.39568E+001, 3.35648E+001, 2.55438E+001, 2.54830E+001, 2.55311E+001, 2.56200E+001, 2.58051E+001, 2.52798E+001, 2.52983E+001, 2.53573E+001, 2.54292E+001, 2.56168E+001, 2.52223E+001, 2.52538E+001, 2.53082E+001, 2.53712E+001, 2.55573E+001, 3.13746E+002, 1.85749E+002, 3.80754E-002, 2.05797E-001, 2.41619E+002
 6.30008E+001, 2.56034E+001, 2.71196E+001, 4.15764E+001, 2.90153E+001, 2.50256E+001, 2.57539E+001, 2.68336E+001, 6.75932E+001, 4.71732E+001, 4.39834E+001, 4.37189E+001, 4.35914E+001, 1.87865E+002, 1.51388E+002, 1.24754E+002, 1.06740E+002, 8.76598E+001, 5.62681E+001, 3.69244E+001, 3.54148E+001, 3.45028E+001, 3.37516E+001, 2.55438E+001, 2.55396E+001, 2.56034E+001, 2.56533E+001, 2.58239E+001, 2.52847E+001, 2.53159E+001, 2.53760E+001, 2.54417E+001, 2.56380E+001, 2.52261E+001, 2.52628E+001, 2.53195E+001, 2.53815E+001, 2.55758E+001, 3.13891E+002, 1.86281E+002, 3.80707E-002, 2.05752E-001, 2.42509E+002
 6.40019E+001, 2.55561E+001, 2.71132E+001, 4.16883E+001, 2.89107E+001, 2.50251E+001, 2.54480E+001, 2.66404E+001, 6.74343E+001, 4.68189E+001, 4.38098E+001, 4.37715E+001, 4.40711E+001, 1.86604E+002, 1.51366E+002, 1.25280E+002, 1.07193E+002, 8.77858E+001, 5.85251E+001, 3.59669E+001, 3.42270E+001, 3.36216E+001, 3.35725E+001, 2.55673E+001, 2.55421E+001, 2.55561E+001, 2.56358E+001, 2.58563E+001, 2.52899E+001, 2.53203E+001, 2.53793E+001, 2.54514E+001, 2.56525E+001, 2.52299E+001, 2.52703E+001, 2.53286E+001, 2.53908E+001, 2.55849E+001, 3.13875E+002, 1.86216E+002, 3.80747E-002, 2.05720E-001, 2.43422E+002
 6.50007E+001, 2.56134E+001, 2.70846E+001, 4.13832E+001, 2.88173E+001, 2.50246E+001, 2.52419E+001, 2.66901E+001, 6.79574E+001, 4.76868E+001, 4.44860E+001, 4.42624E+001, 4.40592E+001, 1.88357E+002, 1.52018E+002, 1.25057E+002, 1.06925E+002, 8.76981E+001, 5.57567E+001, 3.63205E+001, 3.48306E+001, 3.42397E+001, 3.36230E+001, 2.55454E+001, 2.55299E+001, 2.56134E+001, 2.56786E+001, 2.58586E+001, 2.52913E+001, 2.53290E+001, 2.53946E+001, 2.54627E+001, 2.56555E+001, 2.52329E+001, 2.52769E+001, 2.53367E+001, 2.53993E+001, 2.55892E+001, 3.13916E+002, 1.85960E+002, 3.80706E-002, 2.05727E-001, 2.44293E+002
 6.60018E+001, 2.55727E+001, 2.70734E+001, 4.16421E+001, 2.88532E+001, 2.50241E+001, 2.52786E+001, 2.63843E+001, 6.77102E+001, 4.72678E+001, 4.42334E+001, 4.42152E+001, 4.45516E+001, 1.86968E+002, 1.51972E+002, 1.25697E+002, 1.07452E+002, 8.78370E+001, 5.76667E+001, 3.53467E+001, 3.40329E+001, 3.34480E+001, 3.32505E+001, 2.55841E+001, 2.55543E+001, 2.55727E+001, 2.56453E+001, 2.58596E+001, 2.52968E+001, 2.53331E+001, 2.53944E+001, 2.54676E+001, 2.56623E+001, 2.52358E+001, 2.52824E+001, 2.53442E+001, 2.54084E+001, 2.55987E+001, 3.13951E+002, 1.85900E+002, 3.80744E-002, 2.05754E-001, 2.45102E+002
 6.70006E+001, 2.56114E+001, 2.70942E+001, 4.11020E+001, 2.88164E+001, 2.50235E+001, 2.53684E+001, 2.61524E+001, 6.85545E+001, 4.83103E+001, 4.48593E+001, 4.46392E+001, 4.46228E+001, 1.87687E+002, 1.51186E+002, 1.24617E+002, 1.06651E+002, 8.76118E+001, 5.67552E+001, 3.61400E+001, 3.42059E+001, 3.37988E+001, 3.34363E+001, 2.55427E+001, 2.55515E+001, 2.56114E+001, 2.56859E+001, 2.58664E+001, 2.52973E+001, 2.53404E+001, 2.54077E+001, 2.54807E+001, 2.56734E+001, 2.52382E+001, 2.52880E+001, 2.53525E+001, 2.54187E+001, 2.56125E+001, 3.13947E+002, 1.85723E+002, 3.80693E-002, 2.05749E-001, 2.45891E+002
 6.80017E+001, 2.55826E+001, 2.70796E+001, 4.12115E+001, 2.88481E+001, 2.50231E+001, 2.59805E+001, 2.58470E+001, 6.87507E+001, 4.85250E+001, 4.51023E+001, 4.50223E+001, 4.52714E+001, 1.86462E+002, 1.51524E+002, 1.25047E+002, 1.06831E+002, 8.74872E+001, 5.66784E+001, 3.45487E+001, 3.34903E+001, 3.30937E+001, 3.28082E+001, 2.55846E+001, 2.55371E+001, 2.55826E+001, 2.56716E+001, 2.58697E+001, 2.53003E+001, 2.53419E+001, 2.54107E+001, 2.54899E+001, 2.56875E+001, 2.52410E+001, 2.52929E+001, 2.53608E+001, 2.54297E+001, 2.56269E+001, 3.14101E+002, 1.85042E+002, 3.80774E-002, 2.05714E-001, 2.46640E+002
 6.90006E+001, 2.56205E+001, 2.70740E+001, 4.08056E+001, 2.86987E+001, 2.50226E+001, 2.65551E+001, 2.60150E+001, 6.87673E+001, 4.86232E+001, 4.50241E+001, 4.48117E+001, 4.50673E+001, 1.85429E+002, 1.50654E+002, 1.24535E+002, 1.06547E+002, 8.74096E+001, 5.71029E+001, 3.50353E+001, 3.38299E+001, 3.33989E+001, 3.29825E+001, 2.55899E+001, 2.55742E+001, 2.56205E+001, 2.56961E+001, 2.58729E+001, 2.53079E+001, 2.53525E+001, 2.54241E+001, 2.55023E+001, 2.56998E+001, 2.52433E+001, 2.52983E+001, 2.53696E+001, 2.54407E+001, 2.56396E+001, 3.14052E+002, 1.85304E+002, 3.80776E-002, 2.05682E-001, 2.47390E+002
 7.00016E+001, 2.56141E+001, 2.70823E+001, 4.08916E+001, 2.88215E+001, 2.50224E+001, 2.66798E+001, 2.60565E+001, 6.92372E+001, 4.91341E+001, 4.54174E+001, 4.52848E+001, 4.53995E+001, 1.85323E+002, 1.50524E+002, 1.24285E+002, 1.06336E+002, 8.72440E+001, 5.71518E+001, 3.48269E+001, 3.35213E+001, 3.31497E+001, 3.27800E+001, 2.55790E+001, 2.55629E+001, 2.56141E+001, 2.57047E+001, 2.58828E+001, 2.53077E+001, 2.53556E+001, 2.54307E+001, 2.55132E+001, 2.57100E+001, 2.52457E+001, 2.53033E+001, 2.53778E+001, 2.54503E+001, 2.56475E+001, 3.14119E+002, 1.85018E+002, 3.80795E-002, 2.05670E-001, 2.48144E+002
 7.10005E+001, 2.56214E+001, 2.70973E+001, 4.06902E+001, 2.87810E+001, 2.50219E+001, 2.66517E+001, 2.60674E+001, 6.92221E+001, 4.92614E+001, 4.56463E+001, 4.54238E+001, 4.56403E+001, 1.85468E+002, 1.50918E+002, 1.24649E+002, 1.06556E+002, 8.72752E+001, 5.69227E+001, 3.46996E+001, 3.34948E+001, 3.30261E+001, 3.26571E+001, 2.55861E+001, 2.55715E+001, 2.56214E+001, 2.57044E+001, 2.58791E+001, 2.53100E+001, 2.53605E+001, 2.54378E+001, 2.55193E+001, 2.57134E+001, 2.52480E+001, 2.53077E+001, 2.53848E+001, 2.54579E+001, 2.56522E+001, 3.14165E+002, 1.84873E+002, 3.80797E-002, 2.05665E-001, 2.48871E+002
 7.20022E+001, 2.56241E+001, 2.70813E+001, 4.06771E+001, 2.89300E+001, 2.50215E+001, 2.66021E+001, 2.65778E+001, 6.92943E+001, 4.94620E+001, 4.57178E+001, 4.56681E+001, 4.61356E+001, 1.86271E+002, 1.51315E+002, 1.24678E+002, 1.06465E+002, 8.74351E+001, 5.53322E+001, 3.43189E+001, 3.32527E+001, 3.28535E+001, 3.23637E+001, 2.56044E+001, 2.55674E+001, 2.56241E+001, 2.57075E+001, 2.58734E+001, 2.53137E+001, 2.53636E+001, 2.54439E+001, 2.55246E+001, 2.57139E+001, 2.52499E+001, 2.53118E+001, 2.53909E+001, 2.54637E+001, 2.56549E+001, 3.14028E+002, 1.84503E+002, 3.80787E-002, 2.05619E-001, 2.49572E+002
 7.30002E+001, 2.56264E+001, 2.70685E+001, 4.06580E+001, 2.88179E+001, 2.50212E+001, 2.64044E+001, 2.63213E+001, 6.92325E+001, 4.95762E+001, 4.55645E+001, 4.57338E+001, 4.64019E+001, 1.88434E+002, 1.52399E+002, 1.25206E+002, 1.06725E+002, 8.74021E+001, 5.21029E+001, 3.46278E+001, 3.30553E+001, 3.25713E+001, 3.21324E+001, 2.56153E+001, 2.55635E+001, 2.56264E+001, 2.57046E+001, 2.58622E+001, 2.53170E+001, 2.53661E+001, 2.54491E+001, 2.55283E+001, 2.57134E+001, 2.52516E+001, 2.53157E+001, 2.53964E+001, 2.54686E+001, 2.56585E+001, 3.14067E+002, 1.84812E+002, 3.80894E-002, 2.05529E-001, 2.50263E+002
 7.40006E+001, 2.56204E+001, 2.70805E+001, 4.04784E+001, 2.89168E+001, 2.50208E+001, 2.62262E+001, 2.62945E+001, 6.92909E+001, 4.98570E+001, 4.57082E+001, 4.59675E+001, 4.68524E+001, 1.90732E+002, 1.53543E+002, 1.25609E+002, 1.06843E+002, 8.76872E+001, 4.82029E+001, 3.40619E+001, 3.25819E+001, 3.21946E+001, 3.16945E+001, 2.55961E+001, 2.55468E+001, 2.56204E+001, 2.56985E+001, 2.58529E+001, 2.53173E+001, 2.53669E+001, 2.54530E+001, 2.55309E+001, 2.57152E+001, 2.52534E+001, 2.53194E+001, 2.54013E+001, 2.54726E+001, 2.56630E+001, 3.13866E+002, 1.84430E+002, 3.80580E-002, 2.05455E-001, 2.50982E+002
 7.50009E+001, 2.56092E+001, 2.70958E+001, 4.05428E+001, 2.89181E+001, 2.50207E+001, 2.60979E+001, 2.68850E+001, 6.93729E+001, 5.01721E+001, 4.59117E+001, 4.63476E+001, 4.73626E+001, 1.92025E+002, 1.53956E+002, 1.25700E+002, 1.06750E+002, 8.74238E+001, 4.48213E+001, 3.34475E+001, 3.20670E+001, 3.16694E+001, 3.11820E+001, 2.55726E+001, 2.55289E+001, 2.56092E+001, 2.56832E+001, 2.58379E+001, 2.53165E+001, 2.53672E+001, 2.54550E+001, 2.55310E+001, 2.57137E+001, 2.52551E+001, 2.53227E+001, 2.54049E+001, 2.54752E+001, 2.56623E+001, 3.14001E+002, 1.84808E+002, 3.80297E-002, 2.05425E-001, 2.51671E+002
 7.60013E+001, 2.56007E+001, 2.71576E+001, 4.00279E+001, 2.87622E+001, 2.50204E+001, 2.63892E+001, 2.67067E+001, 6.92486E+001, 5.03340E+001, 4.61086E+001, 4.64662E+001, 4.75132E+001, 1.92675E+002, 1.54301E+002, 1.25929E+002, 1.06852E+002, 8.68190E+001, 4.28693E+001, 3.31447E+001, 3.17654E+001, 3.13722E+001, 3.08536E+001, 2.55586E+001, 2.55196E+001, 2.56007E+001, 2.56705E+001, 2.58194E+001, 2.53163E+001, 2.53681E+001, 2.54562E+001, 2.55301E+001, 2.57091E+001, 2.52567E+001, 2.53257E+001, 2.54075E+001, 2.54769E+001, 2.56634E+001, 3.14053E+002, 1.85400E+002, 3.80136E-002, 2.05399E-001, 2.52381E+002
 7.70017E+001, 2.55922E+001, 2.71820E+001, 4.06204E+001, 2.88645E+001, 2.50202E+001, 2.63079E+001, 2.59141E+001, 6.95431E+001, 5.06747E+001, 4.63928E+001, 4.68729E+001, 4.85860E+001, 1.93254E+002, 1.54280E+002, 1.25727E+002, 1.06432E+002, 8.48148E+001, 4.01386E+001, 3.27300E+001, 3.13953E+001, 3.09839E+001, 3.07467E+001, 2.55398E+001, 2.55110E+001, 2.55922E+001, 2.56580E+001, 2.58210E+001, 2.53160E+001, 2.53691E+001, 2.54566E+001, 2.55284E+001, 2.57142E+001, 2.52584E+001, 2.53284E+001, 2.54092E+001, 2.54781E+001, 2.56707E+001, 3.14120E+002, 1.85705E+002, 3.79940E-002, 2.05383E-001, 2.53145E+002
 7.80021E+001, 2.55803E+001, 2.71952E+001, 4.07871E+001, 2.86308E+001, 2.50201E+001, 2.60651E+001, 2.58816E+001, 6.98763E+001, 5.10652E+001, 4.67845E+001, 4.71875E+001, 4.94944E+001, 1.93527E+002, 1.54295E+002, 1.25510E+002, 1.05828E+002, 8.17790E+001, 3.89661E+001, 3.23330E+001, 3.10012E+001, 3.05735E+001, 3.11899E+001, 2.55218E+001, 2.55029E+001, 2.55803E+001, 2.56447E+001, 2.58336E+001, 2.53154E+001, 2.53697E+001, 2.54560E+001, 2.55267E+001, 2.57235E+001, 2.52601E+001, 2.53307E+001, 2.54104E+001, 2.54797E+001, 2.56755E+001, 3.14233E+002, 1.86093E+002, 3.79796E-002, 2.05377E-001, 2.53923E+002
 7.90001E+001, 2.55688E+001, 2.72317E+001, 4.17079E+001, 2.89053E+001, 2.50203E+001, 2.64251E+001, 2.61605E+001, 7.00528E+001, 5.13081E+001, 4.71167E+001, 4.78942E+001, 4.99683E+001, 1.93390E+002, 1.53868E+002, 1.25060E+002, 1.04479E+002, 7.92231E+001, 3.84748E+001, 3.20136E+001, 3.06714E+001, 3.04042E+001, 3.12056E+001, 2.55112E+001, 2.54949E+001, 2.55688E+001, 2.56518E+001, 2.58407E+001, 2.53151E+001, 2.53702E+001, 2.54552E+001, 2.55284E+001, 2.57311E+001, 2.52618E+001, 2.53328E+001, 2.54118E+001, 2.54819E+001, 2.56829E+001, 3.14108E+002, 1.86202E+002, 3.79726E-002, 2.05394E-001, 2.54777E+002
 8.00012E+001, 2.55639E+001, 2.72499E+001, 4.25732E+001, 2.92908E+001, 2.50207E+001, 2.65205E+001, 2.61929E+001, 7.06223E+001, 5.18019E+001, 4.76022E+001, 4.82551E+001, 5.19601E+001, 1.93210E+002, 1.53561E+002, 1.24449E+002, 1.03670E+002, 7.74546E+001, 3.79749E+001, 3.16548E+001, 3.03678E+001, 3.03156E+001, 3.15383E+001, 2.55004E+001, 2.54865E+001, 2.55639E+001, 2.56555E+001, 2.58485E+001, 2.53146E+001, 2.53706E+001, 2.54554E+001, 2.55312E+001, 2.57431E+001, 2.52631E+001, 2.53348E+001, 2.54137E+001, 2.54845E+001, 2.56999E+001, 3.20647E+002, 1.86269E+002, 3.79652E-002, 2.05418E-001, 2.55682E+002
 8.10014E+001, 2.55567E+001, 2.72500E+001, 4.30568E+001, 2.98932E+001, 2.50211E+001, 2.65181E+001, 2.62908E+001, 7.09773E+001, 5.22881E+001, 4.82129E+001, 4.88546E+001, 5.16832E+001, 1.92932E+002, 1.52884E+002, 1.23838E+002, 1.02143E+002, 7.64706E+001, 3.74561E+001, 3.12925E+001, 2.99764E+001, 3.00892E+001, 3.09090E+001, 2.54869E+001, 2.54779E+001, 2.55567E+001, 2.56415E+001, 2.58480E+001, 2.53134E+001, 2.53711E+001, 2.54560E+001, 2.55322E+001, 2.57540E+001, 2.52643E+001, 2.53371E+001, 2.54169E+001, 2.54886E+001, 2.57125E+001, 3.15319E+002, 1.86372E+002, 3.79510E-002, 2.05417E-001, 2.56573E+002
 8.20022E+001, 2.55512E+001, 2.72672E+001, 4.25988E+001, 3.01865E+001, 2.50212E+001, 2.65463E+001, 2.61370E+001, 7.12767E+001, 5.27398E+001, 4.86966E+001, 4.94480E+001, 5.26322E+001, 1.92964E+002, 1.52968E+002, 1.23354E+002, 1.01347E+002, 7.58613E+001, 3.70691E+001, 3.09390E+001, 2.97713E+001, 2.98226E+001, 3.07598E+001, 2.54746E+001, 2.54722E+001, 2.55512E+001, 2.56302E+001, 2.58398E+001, 2.53124E+001, 2.53728E+001, 2.54580E+001, 2.55337E+001, 2.57541E+001, 2.52659E+001, 2.53405E+001, 2.54210E+001, 2.54921E+001, 2.57126E+001, 3.14218E+002, 1.86460E+002, 3.79485E-002, 2.05396E-001, 2.57418E+002
 8.30023E+001, 2.55493E+001, 2.72375E+001, 4.22724E+001, 2.98645E+001, 2.50214E+001, 2.65645E+001, 2.61576E+001, 7.12125E+001, 5.27897E+001, 4.87444E+001, 4.94563E+001, 5.31785E+001, 1.92665E+002, 1.52795E+002, 1.22816E+002, 1.00873E+002, 7.55553E+001, 3.68448E+001, 3.06838E+001, 2.96158E+001, 2.96885E+001, 3.06849E+001, 2.54681E+001, 2.54704E+001, 2.55493E+001, 2.56233E+001, 2.58251E+001, 2.53132E+001, 2.53762E+001, 2.54606E+001, 2.55330E+001, 2.57426E+001, 2.52684E+001, 2.53442E+001, 2.54236E+001, 2.54910E+001, 2.57007E+001, 3.14230E+002, 1.86849E+002, 3.79436E-002, 2.05370E-001, 2.58237E+002
 8.40024E+001, 2.55477E+001, 2.72092E+001, 4.19551E+001, 2.98885E+001, 2.50216E+001, 2.64818E+001, 2.62138E+001, 7.13576E+001, 5.29943E+001, 4.91015E+001, 4.98113E+001, 5.33706E+001, 1.92430E+002, 1.52488E+002, 1.22287E+002, 1.00557E+002, 7.54073E+001, 3.66520E+001, 3.04552E+001, 2.94727E+001, 2.95652E+001, 3.03860E+001, 2.54645E+001, 2.54702E+001, 2.55477E+001, 2.56153E+001, 2.58053E+001, 2.53152E+001, 2.53796E+001, 2.54612E+001, 2.55289E+001, 2.57292E+001, 2.52702E+001, 2.53456E+001, 2.54224E+001, 2.54863E+001, 2.56929E+001, 3.14321E+002, 1.87324E+002, 3.79411E-002, 2.05328E-001, 2.59028E+002
 8.50001E+001, 2.55418E+001, 2.71849E+001, 4.11566E+001, 2.99179E+001, 2.50216E+001, 2.61564E+001, 2.63270E+001, 7.17097E+001, 5.34244E+001, 4.95206E+001, 5.04714E+001, 5.40103E+001, 1.92266E+002, 1.52446E+002, 1.21855E+002, 1.00046E+002, 7.54147E+001, 3.64203E+001, 3.01861E+001, 2.93526E+001, 2.93275E+001, 3.01365E+001, 2.54591E+001, 2.54669E+001, 2.55418E+001, 2.56045E+001, 2.57929E+001, 2.53156E+001, 2.53802E+001, 2.54587E+001, 2.55234E+001, 2.57249E+001, 2.52687E+001, 2.53434E+001, 2.54185E+001, 2.54821E+001, 2.56946E+001, 3.14434E+002, 1.87257E+002, 3.79369E-002, 2.05280E-001, 2.59778E+002
 8.60002E+001, 2.55325E+001, 2.71618E+001, 4.07663E+001, 2.96741E+001, 2.50218E+001, 2.59158E+001, 2.66875E+001, 7.20788E+001, 5.40692E+001, 5.01892E+001, 5.13999E+001, 5.44393E+001, 1.92374E+002, 1.52680E+002, 1.21656E+002, 9.92392E+001, 7.53235E+001, 3.59935E+001, 2.98992E+001, 2.91028E+001, 2.91822E+001, 2.97334E+001, 2.54496E+001, 2.54593E+001, 2.55325E+001, 2.55939E+001, 2.57889E+001, 2.53128E+001, 2.53775E+001, 2.54547E+001, 2.55201E+001, 2.57265E+001, 2.52645E+001, 2.53395E+001, 2.54150E+001, 2.54815E+001, 2.56960E+001, 3.14508E+002, 1.86376E+002, 3.79342E-002, 2.05237E-001, 2.60530E+002
 8.70003E+001, 2.55234E+001, 2.71476E+001, 4.11242E+001, 2.90018E+001, 2.50220E+001, 2.55154E+001, 2.64094E+001, 7.30330E+001, 5.51087E+001, 5.16681E+001, 5.27114E+001, 5.60020E+001, 1.92184E+002, 1.53193E+002, 1.20737E+002, 9.89094E+001, 7.39468E+001, 3.49529E+001, 2.94555E+001, 2.89316E+001, 2.90284E+001, 2.99175E+001, 2.54357E+001, 2.54499E+001, 2.55234E+001, 2.55855E+001, 2.57888E+001, 2.53084E+001, 2.53738E+001, 2.54522E+001, 2.55201E+001, 2.57281E+001, 2.52600E+001, 2.53362E+001, 2.54140E+001, 2.54839E+001, 2.56960E+001, 3.14541E+002, 1.85257E+002, 3.79320E-002, 2.05221E-001, 2.61313E+002
 8.80004E+001, 2.55153E+001, 2.71677E+001, 4.15376E+001, 2.86746E+001, 2.50222E+001, 2.52845E+001, 2.65687E+001, 7.38495E+001, 5.60540E+001, 5.24847E+001, 5.40216E+001, 5.72105E+001, 1.90879E+002, 1.51315E+002, 1.18525E+002, 9.62807E+001, 7.32616E+001, 3.46331E+001, 2.92189E+001, 2.87439E+001, 2.90704E+001, 2.93985E+001, 2.54199E+001, 2.54416E+001, 2.55153E+001, 2.55839E+001, 2.57908E+001, 2.53044E+001, 2.53712E+001, 2.54521E+001, 2.55230E+001, 2.57335E+001, 2.52574E+001, 2.53355E+001, 2.54160E+001, 2.54885E+001, 2.57015E+001, 3.14447E+002, 1.84877E+002, 3.79294E-002, 2.05205E-001, 2.62094E+002
 8.90004E+001, 2.55196E+001, 2.71844E+001, 4.12491E+001, 2.98303E+001, 2.50224E+001, 2.56287E+001, 2.66504E+001, 7.32591E+001, 5.55307E+001, 5.22044E+001, 5.33154E+001, 5.64017E+001, 1.91369E+002, 1.52199E+002, 1.20244E+002, 9.83183E+001, 7.55716E+001, 3.45753E+001, 2.92688E+001, 2.87979E+001, 2.87712E+001, 2.89778E+001, 2.54185E+001, 2.54431E+001, 2.55196E+001, 2.55847E+001, 2.57934E+001, 2.53031E+001, 2.53716E+001, 2.54556E+001, 2.55282E+001, 2.57437E+001, 2.52580E+001, 2.53380E+001, 2.54209E+001, 2.54950E+001, 2.57140E+001, 3.14479E+002, 1.84504E+002, 3.79287E-002, 2.05161E-001, 2.62901E+002
 9.00005E+001, 2.55286E+001, 2.71972E+001, 4.15898E+001, 3.01221E+001, 2.50223E+001, 2.61033E+001, 2.70593E+001, 7.41563E+001, 5.61023E+001, 5.28224E+001, 5.40348E+001, 5.67151E+001, 1.91276E+002, 1.52209E+002, 1.20876E+002, 1.00252E+002, 7.77840E+001, 3.42232E+001, 2.91214E+001, 2.86486E+001, 2.86068E+001, 2.88918E+001, 2.54191E+001, 2.54466E+001, 2.55286E+001, 2.55879E+001, 2.58005E+001, 2.53052E+001, 2.53743E+001, 2.54601E+001, 2.55334E+001, 2.57521E+001, 2.52605E+001, 2.53423E+001, 2.54268E+001, 2.55018E+001, 2.57246E+001, 3.14539E+002, 1.84188E+002, 3.79275E-002, 2.05133E-001, 2.63637E+002
 9.10006E+001, 2.55316E+001, 2.71887E+001, 4.04981E+001, 3.00081E+001, 2.50219E+001, 2.62809E+001, 2.65941E+001, 7.45943E+001, 5.64413E+001, 5.30779E+001, 5.44475E+001, 5.65491E+001, 1.91556E+002, 1.52692E+002, 1.21065E+002, 1.00537E+002, 7.89991E+001, 3.41371E+001, 2.91324E+001, 2.85020E+001, 2.86802E+001, 2.87562E+001, 2.54218E+001, 2.54512E+001, 2.55316E+001, 2.55961E+001, 2.58058E+001, 2.53085E+001, 2.53787E+001, 2.54651E+001, 2.55400E+001, 2.57568E+001, 2.52638E+001, 2.53465E+001, 2.54317E+001, 2.55080E+001, 2.57266E+001, 3.14536E+002, 1.83710E+002, 3.79263E-002, 2.05142E-001, 2.64262E+002
 9.20007E+001, 2.55350E+001, 2.72029E+001, 4.02745E+001, 2.98120E+001, 2.50216E+001, 2.66487E+001, 2.64768E+001, 7.54442E+001, 5.68656E+001, 5.35717E+001, 5.46450E+001, 5.73749E+001, 1.92090E+002, 1.53264E+002, 1.21472E+002, 1.00063E+002, 7.75074E+001, 3.40899E+001, 2.90964E+001, 2.86501E+001, 2.86259E+001, 2.94768E+001, 2.54247E+001, 2.54542E+001, 2.55350E+001, 2.56001E+001, 2.58141E+001, 2.53115E+001, 2.53826E+001, 2.54703E+001, 2.55464E+001, 2.57607E+001, 2.52666E+001, 2.53504E+001, 2.54361E+001, 2.55131E+001, 2.57284E+001, 3.14538E+002, 1.84225E+002, 3.79249E-002, 2.05160E-001, 2.64997E+002
 9.30019E+001, 2.55395E+001, 2.72471E+001, 4.01159E+001, 2.95030E+001, 2.50213E+001, 2.64135E+001, 2.66587E+001, 7.58065E+001, 5.68542E+001, 5.35928E+001, 5.48872E+001, 5.76317E+001, 1.92317E+002, 1.53550E+002, 1.21455E+002, 1.00440E+002, 7.67143E+001, 3.42108E+001, 2.90682E+001, 2.85798E+001, 2.87000E+001, 2.92055E+001, 2.54275E+001, 2.54566E+001, 2.55395E+001, 2.56062E+001, 2.58184E+001, 2.53139E+001, 2.53859E+001, 2.54751E+001, 2.55514E+001, 2.57685E+001, 2.52682E+001, 2.53533E+001, 2.54406E+001, 2.55170E+001, 2.57354E+001, 3.15066E+002, 1.84601E+002, 3.79203E-002, 2.05175E-001, 2.65671E+002
 9.40001E+001, 2.55422E+001, 2.72629E+001, 4.03112E+001, 2.97188E+001, 2.50207E+001, 2.56802E+001, 2.70938E+001, 7.52364E+001, 5.68087E+001, 5.35216E+001, 5.49969E+001, 5.74183E+001, 1.91874E+002, 1.52754E+002, 1.20571E+002, 9.89644E+001, 7.65563E+001, 3.43314E+001, 2.90692E+001, 2.85304E+001, 2.87220E+001, 2.92315E+001, 2.54293E+001, 2.54576E+001, 2.55422E+001, 2.56102E+001, 2.58259E+001, 2.53152E+001, 2.53877E+001, 2.54787E+001, 2.55545E+001, 2.57735E+001, 2.52684E+001, 2.53543E+001, 2.54437E+001, 2.55199E+001, 2.57404E+001, 3.14781E+002, 1.83907E+002, 3.79131E-002, 2.05196E-001, 2.66193E+002
 9.50004E+001, 2.55431E+001, 2.72928E+001, 4.00130E+001, 2.94273E+001, 2.50203E+001, 2.53131E+001, 2.65079E+001, 7.55663E+001, 5.67570E+001, 5.34143E+001, 5.45455E+001, 5.75579E+001, 1.91760E+002, 1.52343E+002, 1.20104E+002, 9.77073E+001, 7.54348E+001, 3.46370E+001, 2.91067E+001, 2.86005E+001, 2.87159E+001, 2.93211E+001, 2.54302E+001, 2.54571E+001, 2.55431E+001, 2.56119E+001, 2.58277E+001, 2.53150E+001, 2.53877E+001, 2.54806E+001, 2.55566E+001, 2.57773E+001, 2.52674E+001, 2.53538E+001, 2.54456E+001, 2.55225E+001, 2.57443E+001, 3.14851E+002, 1.83799E+002, 3.79135E-002, 2.05221E-001, 2.66760E+002
 9.60018E+001, 2.55453E+001, 2.73118E+001, 4.05184E+001, 2.94003E+001, 2.50200E+001, 2.54414E+001, 2.61116E+001, 7.46346E+001, 5.61058E+001, 5.24643E+001, 5.36395E+001, 5.72080E+001, 1.92285E+002, 1.52908E+002, 1.20350E+002, 9.79839E+001, 7.44506E+001, 3.55279E+001, 2.92652E+001, 2.87960E+001, 2.88902E+001, 2.96555E+001, 2.54337E+001, 2.54575E+001, 2.55453E+001, 2.56172E+001, 2.58355E+001, 2.53137E+001, 2.53872E+001, 2.54827E+001, 2.55604E+001, 2.57848E+001, 2.52663E+001, 2.53537E+001, 2.54477E+001, 2.55266E+001, 2.57537E+001, 3.14823E+002, 1.84437E+002, 3.79130E-002, 2.05221E-001, 2.67340E+002
 9.70009E+001, 2.55517E+001, 2.73314E+001, 4.03340E+001, 2.96908E+001, 2.50201E+001, 2.64631E+001, 2.64870E+001, 7.39478E+001, 5.56351E+001, 5.19484E+001, 5.28192E+001, 5.57985E+001, 1.92521E+002, 1.53295E+002, 1.20737E+002, 9.88948E+001, 7.49834E+001, 3.57708E+001, 2.94998E+001, 2.90229E+001, 2.91411E+001, 3.02840E+001, 2.54407E+001, 2.54614E+001, 2.55517E+001, 2.56246E+001, 2.58522E+001, 2.53133E+001, 2.53879E+001, 2.54857E+001, 2.55654E+001, 2.57951E+001, 2.52665E+001, 2.53552E+001, 2.54512E+001, 2.55322E+001, 2.57651E+001, 3.14922E+002, 1.84542E+002, 3.79257E-002, 2.05169E-001, 2.68102E+002
 9.80015E+001, 2.55568E+001, 2.73460E+001, 3.98345E+001, 2.99711E+001, 2.50201E+001, 2.65854E+001, 2.69745E+001, 7.36426E+001, 5.52396E+001, 5.11628E+001, 5.20635E+001, 5.46539E+001, 1.91503E+002, 1.51973E+002, 1.19955E+002, 9.82875E+001, 7.52584E+001, 3.58092E+001, 2.96220E+001, 2.90380E+001, 2.92099E+001, 2.98573E+001, 2.54455E+001, 2.54670E+001, 2.55568E+001, 2.56259E+001, 2.58536E+001, 2.53146E+001, 2.53907E+001, 2.54889E+001, 2.55691E+001, 2.58027E+001, 2.52683E+001, 2.53587E+001, 2.54558E+001, 2.55375E+001, 2.57768E+001, 3.15123E+002, 1.85057E+002, 3.79286E-002, 2.05067E-001, 2.68981E+002
 9.90013E+001, 2.55546E+001, 2.73194E+001, 4.09134E+001, 2.99802E+001, 2.50198E+001, 2.61502E+001, 2.63625E+001, 7.37825E+001, 5.49577E+001, 5.08825E+001, 5.16454E+001, 5.42352E+001, 1.90197E+002, 1.49652E+002, 1.18945E+002, 9.69818E+001, 7.39433E+001, 3.64925E+001, 2.98275E+001, 2.89225E+001, 2.89897E+001, 2.95118E+001, 2.54523E+001, 2.54726E+001, 2.55546E+001, 2.56238E+001, 2.58516E+001, 2.53169E+001, 2.53949E+001, 2.54915E+001, 2.55712E+001, 2.58055E+001, 2.52719E+001, 2.53644E+001, 2.54606E+001, 2.55432E+001, 2.57837E+001, 3.15066E+002, 1.85015E+002, 3.79242E-002, 2.05043E-001, 2.69738E+002
 1.00001E+002, 2.55599E+001, 2.72798E+001, 4.10543E+001, 3.00190E+001, 2.50196E+001, 2.60112E+001, 2.66363E+001, 7.48349E+001, 5.54551E+001, 5.10189E+001, 5.15101E+001, 5.39145E+001, 1.89521E+002, 1.48509E+002, 1.17718E+002, 9.64238E+001, 7.28768E+001, 3.66057E+001, 2.99233E+001, 2.90744E+001, 2.87997E+001, 2.92531E+001, 2.54639E+001, 2.54821E+001, 2.55599E+001, 2.56258E+001, 2.58457E+001, 2.53217E+001, 2.54026E+001, 2.54980E+001, 2.55772E+001, 2.58046E+001, 2.52787E+001, 2.53747E+001, 2.54690E+001, 2.55514E+001, 2.57828E+001, 3.15542E+002, 1.85816E+002, 3.79227E-002, 2.05114E-001, 2.70464E+002
 1.01001E+002, 2.55662E+001, 2.72703E+001, 4.07258E+001, 2.97310E+001, 2.50194E+001, 2.60550E+001, 2.67859E+001, 7.58268E+001, 5.60178E+001, 5.13387E+001, 5.19102E+001, 5.37217E+001, 1.88045E+002, 1.46030E+002, 1.15777E+002, 9.44927E+001, 7.20701E+001, 3.65842E+001, 2.98837E+001, 2.88553E+001, 2.88806E+001, 2.90324E+001, 2.54741E+001, 2.54927E+001, 2.55662E+001, 2.56342E+001, 2.58456E+001, 2.53310E+001, 2.54158E+001, 2.55086E+001, 2.55859E+001, 2.58028E+001, 2.52896E+001, 2.53908E+001, 2.54820E+001, 2.55596E+001, 2.57805E+001, 3.15349E+002, 1.86157E+002, 3.79182E-002, 2.05131E-001, 2.71118E+002
 1.02001E+002, 2.55746E+001, 2.72558E+001, 4.07202E+001, 2.94582E+001, 2.50190E+001, 2.55511E+001, 2.63484E+001, 7.59925E+001, 5.66233E+001, 5.17906E+001, 5.20505E+001, 5.42338E+001, 1.87217E+002, 1.44983E+002, 1.14778E+002, 9.35449E+001, 7.06789E+001, 3.64816E+001, 2.98211E+001, 2.88173E+001, 2.86761E+001, 2.85108E+001, 2.54859E+001, 2.55060E+001, 2.55746E+001, 2.56392E+001, 2.58409E+001, 2.53442E+001, 2.54322E+001, 2.55190E+001, 2.55909E+001, 2.58000E+001, 2.52994E+001, 2.54035E+001, 2.54897E+001, 2.55611E+001, 2.57728E+001, 3.15428E+002, 1.86403E+002, 3.79156E-002, 2.05103E-001, 2.71680E+002
 1.03002E+002, 2.55773E+001, 2.72523E+001, 4.08560E+001, 2.94605E+001, 2.50189E+001, 2.53703E+001, 2.67750E+001, 7.67104E+001, 5.67884E+001, 5.22892E+001, 5.27522E+001, 5.42899E+001, 1.87066E+002, 1.45140E+002, 1.14287E+002, 9.33615E+001, 7.07799E+001, 3.64196E+001, 2.97257E+001, 2.88192E+001, 2.86024E+001, 2.85195E+001, 2.54941E+001, 2.55131E+001, 2.55773E+001, 2.56382E+001, 2.58345E+001, 2.53526E+001, 2.54386E+001, 2.55211E+001, 2.55894E+001, 2.57899E+001, 2.53008E+001, 2.54027E+001, 2.54875E+001, 2.55572E+001, 2.57582E+001, 3.15481E+002, 1.86437E+002, 3.79164E-002, 2.05072E-001, 2.72228E+002
 1.04002E+002, 2.55756E+001, 2.72835E+001, 4.07413E+001, 2.96433E+001, 2.50188E+001, 2.55014E+001, 2.68867E+001, 7.66298E+001, 5.68065E+001, 5.25116E+001, 5.29878E+001, 5.49849E+001, 1.88185E+002, 1.47025E+002, 1.15387E+002, 9.41806E+001, 7.13829E+001, 3.63683E+001, 2.96940E+001, 2.88645E+001, 2.87167E+001, 2.85535E+001, 2.54917E+001, 2.55091E+001, 2.55756E+001, 2.56344E+001, 2.58282E+001, 2.53503E+001, 2.54329E+001, 2.55172E+001, 2.55854E+001, 2.57803E+001, 2.52972E+001, 2.53953E+001, 2.54822E+001, 2.55529E+001, 2.57490E+001, 3.15396E+002, 1.85640E+002, 3.79175E-002, 2.05031E-001, 2.72769E+002
 1.05002E+002, 2.55727E+001, 2.73048E+001, 4.15429E+001, 2.94340E+001, 2.50186E+001, 2.53947E+001, 2.68180E+001, 7.59555E+001, 5.63915E+001, 5.25859E+001, 5.33805E+001, 5.56495E+001, 1.90848E+002, 1.50354E+002, 1.18697E+002, 9.65633E+001, 7.25462E+001, 3.61587E+001, 2.97402E+001, 2.88811E+001, 2.90685E+001, 2.93609E+001, 2.54836E+001, 2.55013E+001, 2.55727E+001, 2.56338E+001, 2.58429E+001, 2.53459E+001, 2.54256E+001, 2.55135E+001, 2.55840E+001, 2.57851E+001, 2.52962E+001, 2.53911E+001, 2.54794E+001, 2.55522E+001, 2.57567E+001, 3.15319E+002, 1.84926E+002, 3.79182E-002, 2.04994E-001, 2.73377E+002
 1.06000E+002, 2.55740E+001, 2.73019E+001, 4.06704E+001, 3.00967E+001, 2.50185E+001, 2.54319E+001, 2.68404E+001, 7.49966E+001, 5.60228E+001, 5.18901E+001, 5.29338E+001, 5.58806E+001, 1.92902E+002, 1.53472E+002, 1.21356E+002, 9.86009E+001, 7.55245E+001, 3.52523E+001, 2.96215E+001, 2.90487E+001, 2.91954E+001, 3.00174E+001, 2.54739E+001, 2.54959E+001, 2.55740E+001, 2.56392E+001, 2.58528E+001, 2.53461E+001, 2.54229E+001, 2.55130E+001, 2.55868E+001, 2.57984E+001, 2.52992E+001, 2.53921E+001, 2.54802E+001, 2.55555E+001, 2.57701E+001, 3.15295E+002, 1.85101E+002, 3.79185E-002, 2.04963E-001, 2.73981E+002
 1.07000E+002, 2.55757E+001, 2.72871E+001, 3.93837E+001, 2.98696E+001, 2.50185E+001, 2.61176E+001, 2.65740E+001, 7.39141E+001, 5.59090E+001, 5.23965E+001, 5.36612E+001, 5.70166E+001, 1.91970E+002, 1.53134E+002, 1.20560E+002, 9.85192E+001, 7.49104E+001, 3.43572E+001, 2.93434E+001, 2.90006E+001, 2.89936E+001, 3.06051E+001, 2.54667E+001, 2.54944E+001, 2.55757E+001, 2.56447E+001, 2.58758E+001, 2.53491E+001, 2.54244E+001, 2.55157E+001, 2.55929E+001, 2.58147E+001, 2.53035E+001, 2.53959E+001, 2.54847E+001, 2.55624E+001, 2.57856E+001, 3.15122E+002, 1.84490E+002, 3.79198E-002, 2.04894E-001, 2.74521E+002
 1.08001E+002, 2.55814E+001, 2.73264E+001, 3.98291E+001, 2.94869E+001, 2.50185E+001, 2.64577E+001, 2.68785E+001, 7.35040E+001, 5.54906E+001, 5.23374E+001, 5.39144E+001, 5.66197E+001, 1.92982E+002, 1.54794E+002, 1.22195E+002, 9.99031E+001, 7.57832E+001, 3.43164E+001, 2.93857E+001, 2.87927E+001, 2.89743E+001, 2.96697E+001, 2.54668E+001, 2.54971E+001, 2.55814E+001, 2.56527E+001, 2.58802E+001, 2.53524E+001, 2.54278E+001, 2.55202E+001, 2.55990E+001, 2.58252E+001, 2.53070E+001, 2.53998E+001, 2.54900E+001, 2.55688E+001, 2.57973E+001, 3.15106E+002, 1.85548E+002, 3.79220E-002, 2.04822E-001, 2.75077E+002
 1.09001E+002, 2.55879E+001, 2.73379E+001, 3.99540E+001, 2.91670E+001, 2.50182E+001, 2.64164E+001, 2.64972E+001, 7.45482E+001, 5.61855E+001, 5.28047E+001, 5.42482E+001, 5.75637E+001, 1.93436E+002, 1.55067E+002, 1.23215E+002, 1.00736E+002, 7.82608E+001, 3.41827E+001, 2.93014E+001, 2.87629E+001, 2.87304E+001, 2.92207E+001, 2.54686E+001, 2.55002E+001, 2.55879E+001, 2.56578E+001, 2.58742E+001, 2.53545E+001, 2.54303E+001, 2.55240E+001, 2.56031E+001, 2.58232E+001, 2.53084E+001, 2.54017E+001, 2.54930E+001, 2.55723E+001, 2.57945E+001, 3.15147E+002, 1.86130E+002, 3.79178E-002, 2.04807E-001, 2.75663E+002
 1.10001E+002, 2.55865E+001, 2.73439E+001, 4.01883E+001, 2.94207E+001, 2.50176E+001, 2.57797E+001, 2.71963E+001, 7.47496E+001, 5.66979E+001, 5.35892E+001, 5.51097E+001, 5.79751E+001, 1.93141E+002, 1.54668E+002, 1.22361E+002, 1.00638E+002, 7.72845E+001, 3.40627E+001, 2.91225E+001, 2.86439E+001, 2.86983E+001, 2.93030E+001, 2.54662E+001, 2.54988E+001, 2.55865E+001, 2.56581E+001, 2.58655E+001, 2.53546E+001, 2.54310E+001, 2.55257E+001, 2.56053E+001, 2.58153E+001, 2.53086E+001, 2.54022E+001, 2.54944E+001, 2.55747E+001, 2.57878E+001, 3.15177E+002, 1.85841E+002, 3.79152E-002, 2.04784E-001, 2.76197E+002
 1.11000E+002, 2.55867E+001, 2.73342E+001, 4.01677E+001, 2.95794E+001, 2.50172E+001, 2.53136E+001, 2.69127E+001, 7.60558E+001, 5.73837E+001, 5.42659E+001, 5.59525E+001, 5.81048E+001, 1.92232E+002, 1.53441E+002, 1.20827E+002, 9.92681E+001, 7.65327E+001, 3.39922E+001, 2.89963E+001, 2.84919E+001, 2.86104E+001, 2.89709E+001, 2.54627E+001, 2.54959E+001, 2.55867E+001, 2.56579E+001, 2.58634E+001, 2.53542E+001, 2.54311E+001, 2.55281E+001, 2.56086E+001, 2.58160E+001, 2.53088E+001, 2.54029E+001, 2.54965E+001, 2.55776E+001, 2.57876E+001, 3.16868E+002, 1.84610E+002, 3.79139E-002, 2.04827E-001, 2.76683E+002
 1.12002E+002, 2.55880E+001, 2.73188E+001, 4.00436E+001, 2.95661E+001, 2.50169E+001, 2.51997E+001, 2.71217E+001, 7.63394E+001, 5.78720E+001, 5.42629E+001, 5.54961E+001, 5.82157E+001, 1.91817E+002, 1.52834E+002, 1.20192E+002, 9.83759E+001, 7.58517E+001, 3.42251E+001, 2.89486E+001, 2.84585E+001, 2.86753E+001, 2.90625E+001, 2.54611E+001, 2.54941E+001, 2.55880E+001, 2.56626E+001, 2.58677E+001, 2.53544E+001, 2.54315E+001, 2.55313E+001, 2.56133E+001, 2.58242E+001, 2.53098E+001, 2.54044E+001, 2.55001E+001, 2.55818E+001, 2.57950E+001, 3.15446E+002, 1.84253E+002, 3.79140E-002, 2.04889E-001, 2.77160E+002
 1.13001E+002, 2.55905E+001, 2.73247E+001, 3.96616E+001, 2.95965E+001, 2.50167E+001, 2.51871E+001, 2.67464E+001, 7.65508E+001, 5.73789E+001, 5.40859E+001, 5.57883E+001, 5.85089E+001, 1.92249E+002, 1.52953E+002, 1.19900E+002, 9.72808E+001, 7.44784E+001, 3.47343E+001, 2.90709E+001, 2.85470E+001, 2.87261E+001, 2.91306E+001, 2.54638E+001, 2.54946E+001, 2.55905E+001, 2.56671E+001, 2.58805E+001, 2.53554E+001, 2.54324E+001, 2.55344E+001, 2.56174E+001, 2.58354E+001, 2.53112E+001, 2.54059E+001, 2.55032E+001, 2.55851E+001, 2.58035E+001, 3.15501E+002, 1.84556E+002, 3.79155E-002, 2.04888E-001, 2.77642E+002
 1.14000E+002, 2.55931E+001, 2.73692E+001, 3.94717E+001, 2.93889E+001, 2.50166E+001, 2.55828E+001, 2.65458E+001, 7.48634E+001, 5.68507E+001, 5.33256E+001, 5.46529E+001, 5.76169E+001, 1.92893E+002, 1.53707E+002, 1.20381E+002, 9.73448E+001, 7.51520E+001, 3.52816E+001, 2.93095E+001, 2.87832E+001, 2.90673E+001, 3.01607E+001, 2.54683E+001, 2.54968E+001, 2.55931E+001, 2.56755E+001, 2.58903E+001, 2.53563E+001, 2.54334E+001, 2.55365E+001, 2.56203E+001, 2.58366E+001, 2.53124E+001, 2.54071E+001, 2.55051E+001, 2.55868E+001, 2.58022E+001, 3.15481E+002, 1.85407E+002, 3.79168E-002, 2.04839E-001, 2.78204E+002
 1.15002E+002, 2.55980E+001, 2.74276E+001, 3.97050E+001, 2.91500E+001, 2.50167E+001, 2.65904E+001, 2.71697E+001, 7.45304E+001, 5.61184E+001, 5.24162E+001, 5.35553E+001, 5.70156E+001, 1.92445E+002, 1.53118E+002, 1.20291E+002, 9.77919E+001, 7.49393E+001, 3.46130E+001, 2.93593E+001, 2.90358E+001, 2.92547E+001, 2.98222E+001, 2.54693E+001, 2.55006E+001, 2.55980E+001, 2.56777E+001, 2.58878E+001, 2.53574E+001, 2.54348E+001, 2.55381E+001, 2.56210E+001, 2.58314E+001, 2.53140E+001, 2.54091E+001, 2.55070E+001, 2.55871E+001, 2.57994E+001, 3.15591E+002, 1.85167E+002, 3.79173E-002, 2.04788E-001, 2.78915E+002
 1.16001E+002, 2.55962E+001, 2.74889E+001, 4.00138E+001, 2.92225E+001, 2.50166E+001, 2.67956E+001, 2.71985E+001, 7.42073E+001, 5.59153E+001, 5.22918E+001, 5.37698E+001, 5.72511E+001, 1.91881E+002, 1.51887E+002, 1.18231E+002, 9.55692E+001, 7.29203E+001, 3.52126E+001, 2.92927E+001, 2.89378E+001, 2.90908E+001, 3.04743E+001, 2.54693E+001, 2.55012E+001, 2.55962E+001, 2.56755E+001, 2.58892E+001, 2.53602E+001, 2.54379E+001, 2.55396E+001, 2.56199E+001, 2.58336E+001, 2.53171E+001, 2.54137E+001, 2.55097E+001, 2.55868E+001, 2.58090E+001, 3.15666E+002, 1.84770E+002, 3.79173E-002, 2.04733E-001, 2.79669E+002
 1.17001E+002, 2.56059E+001, 2.74359E+001, 4.02010E+001, 2.98829E+001, 2.50164E+001, 2.65531E+001, 2.73983E+001, 7.33599E+001, 5.51698E+001, 5.15576E+001, 5.23385E+001, 5.58301E+001, 1.93333E+002, 1.54471E+002, 1.21882E+002, 1.00120E+002, 7.63016E+001, 3.57959E+001, 2.96959E+001, 2.91790E+001, 2.92099E+001, 2.98732E+001, 2.54839E+001, 2.55140E+001, 2.56059E+001, 2.56769E+001, 2.58959E+001, 2.53661E+001, 2.54453E+001, 2.55436E+001, 2.56203E+001, 2.58470E+001, 2.53235E+001, 2.54215E+001, 2.55131E+001, 2.55879E+001, 2.58273E+001, 3.15764E+002, 1.85653E+002, 3.79198E-002, 2.04674E-001, 2.80355E+002
 1.18000E+002, 2.56224E+001, 2.74177E+001, 3.98670E+001, 2.96844E+001, 2.50163E+001, 2.55562E+001, 2.73802E+001, 7.32070E+001, 5.53252E+001, 5.17052E+001, 5.27340E+001, 5.51214E+001, 1.92250E+002, 1.53533E+002, 1.21354E+002, 9.98653E+001, 7.77341E+001, 3.45249E+001, 2.95011E+001, 2.91137E+001, 2.90797E+001, 2.92849E+001, 2.54907E+001, 2.55270E+001, 2.56224E+001, 2.56868E+001, 2.58921E+001, 2.53749E+001, 2.54549E+001, 2.55493E+001, 2.56239E+001, 2.58509E+001, 2.53317E+001, 2.54301E+001, 2.55176E+001, 2.55926E+001, 2.58349E+001, 3.15835E+002, 1.84821E+002, 3.79185E-002, 2.04629E-001, 2.81035E+002
 1.19002E+002, 2.56140E+001, 2.73604E+001, 4.01364E+001, 2.96902E+001, 2.50162E+001, 2.51530E+001, 2.71752E+001, 7.45457E+001, 5.56825E+001, 5.21475E+001, 5.31876E+001, 5.56742E+001, 1.91364E+002, 1.52024E+002, 1.19253E+002, 9.77737E+001, 7.43443E+001, 3.50812E+001, 2.93253E+001, 2.88000E+001, 2.89570E+001, 3.00233E+001, 2.54909E+001, 2.55294E+001, 2.56140E+001, 2.56830E+001, 2.58979E+001, 2.53831E+001, 2.54623E+001, 2.55519E+001, 2.56268E+001, 2.58445E+001, 2.53375E+001, 2.54355E+001, 2.55211E+001, 2.55973E+001, 2.58226E+001, 3.15876E+002, 1.84105E+002, 3.79171E-002, 2.04614E-001, 2.81578E+002
 1.20001E+002, 2.56166E+001, 2.72812E+001, 3.98008E+001, 2.97764E+001, 2.50161E+001, 2.51120E+001, 2.67558E+001, 7.43717E+001, 5.57401E+001, 5.14639E+001, 5.23659E+001, 5.56850E+001, 1.93005E+002, 1.54094E+002, 1.21987E+002, 1.00048E+002, 7.64606E+001, 3.53789E+001, 2.95882E+001, 2.89857E+001, 2.90347E+001, 2.97032E+001, 2.55011E+001, 2.55356E+001, 2.56166E+001, 2.56816E+001, 2.58857E+001, 2.53867E+001, 2.54665E+001, 2.55545E+001, 2.56289E+001, 2.58334E+001, 2.53386E+001, 2.54367E+001, 2.55217E+001, 2.55971E+001, 2.58065E+001, 3.15833E+002, 1.85176E+002, 3.79147E-002, 2.04621E-001, 2.82077E+002
 1.21001E+002, 2.56202E+001, 2.72528E+001, 3.98782E+001, 2.95492E+001, 2.50159E+001, 2.53495E+001, 2.62462E+001, 7.52774E+001, 5.63064E+001, 5.30851E+001, 5.42515E+001, 5.62513E+001, 1.91303E+002, 1.52231E+002, 1.20143E+002, 9.90052E+001, 7.69453E+001, 3.40915E+001, 2.92399E+001, 2.87860E+001, 2.88241E+001, 2.90187E+001, 2.54962E+001, 2.55357E+001, 2.56202E+001, 2.56828E+001, 2.58605E+001, 2.53861E+001, 2.54662E+001, 2.55548E+001, 2.56271E+001, 2.58189E+001, 2.53363E+001, 2.54348E+001, 2.55212E+001, 2.55951E+001, 2.57947E+001, 3.15971E+002, 1.83802E+002, 3.79128E-002, 2.04633E-001, 2.82529E+002
 1.22002E+002, 2.56078E+001, 2.72615E+001, 4.07154E+001, 2.94553E+001, 2.50158E+001, 2.61992E+001, 2.65027E+001, 7.51108E+001, 5.68552E+001, 5.26829E+001, 5.36563E+001, 5.67702E+001, 1.91024E+002, 1.51546E+002, 1.18686E+002, 9.70522E+001, 7.40590E+001, 3.48513E+001, 2.90944E+001, 2.85700E+001, 2.87431E+001, 2.92903E+001, 2.54867E+001, 2.55274E+001, 2.56078E+001, 2.56729E+001, 2.58599E+001, 2.53822E+001, 2.54626E+001, 2.55515E+001, 2.56229E+001, 2.58128E+001, 2.53328E+001, 2.54311E+001, 2.55188E+001, 2.55919E+001, 2.57878E+001, 3.15917E+002, 1.83747E+002, 3.79125E-002, 2.04618E-001, 2.82872E+002
 1.23001E+002, 2.56061E+001, 2.72948E+001, 4.02487E+001, 2.97322E+001, 2.50158E+001, 2.64849E+001, 2.74005E+001, 7.47060E+001, 5.64011E+001, 5.29140E+001, 5.42368E+001, 5.70309E+001, 1.92462E+002, 1.53286E+002, 1.20631E+002, 9.88200E+001, 7.63285E+001, 3.44261E+001, 2.92342E+001, 2.87582E+001, 2.87101E+001, 2.92201E+001, 2.54860E+001, 2.55246E+001, 2.56061E+001, 2.56694E+001, 2.58644E+001, 2.53786E+001, 2.54590E+001, 2.55493E+001, 2.56212E+001, 2.58189E+001, 2.53300E+001, 2.54275E+001, 2.55153E+001, 2.55884E+001, 2.57904E+001, 3.15894E+002, 1.84833E+002, 3.79105E-002, 2.04620E-001, 2.83319E+002
 1.24001E+002, 2.56046E+001, 2.73722E+001, 3.97785E+001, 3.01203E+001, 2.50157E+001, 2.57715E+001, 2.73821E+001, 7.57378E+001, 5.70012E+001, 5.35012E+001, 5.46842E+001, 5.72764E+001, 1.90727E+002, 1.50955E+002, 1.17957E+002, 9.60615E+001, 7.43363E+001, 3.40660E+001, 2.90468E+001, 2.86783E+001, 2.88738E+001, 2.93271E+001, 2.54782E+001, 2.55201E+001, 2.56046E+001, 2.56726E+001, 2.58759E+001, 2.53761E+001, 2.54558E+001, 2.55476E+001, 2.56210E+001, 2.58316E+001, 2.53288E+001, 2.54253E+001, 2.55144E+001, 2.55892E+001, 2.58050E+001, 3.15973E+002, 1.83405E+002, 3.79103E-002, 2.04653E-001, 2.83835E+002
 1.25000E+002, 2.55984E+001, 2.74305E+001, 4.09044E+001, 2.95563E+001, 2.50156E+001, 2.52625E+001, 2.71134E+001, 7.44042E+001, 5.61718E+001, 5.28740E+001, 5.40883E+001, 5.74576E+001, 1.91956E+002, 1.52031E+002, 1.18438E+002, 9.61445E+001, 7.39938E+001, 3.43659E+001, 2.90490E+001, 2.86681E+001, 2.87151E+001, 2.95694E+001, 2.54764E+001, 2.55151E+001, 2.55984E+001, 2.56713E+001, 2.59026E+001, 2.53746E+001, 2.54536E+001, 2.55464E+001, 2.56236E+001, 2.58528E+001, 2.53285E+001, 2.54239E+001, 2.55145E+001, 2.55932E+001, 2.58249E+001, 3.15975E+002, 1.84522E+002, 3.79101E-002, 2.04626E-001, 2.84178E+002
 1.26002E+002, 2.56019E+001, 2.74326E+001, 4.00496E+001, 2.99629E+001, 2.50156E+001, 2.52085E+001, 2.68512E+001, 7.41763E+001, 5.62491E+001, 5.26474E+001, 5.39540E+001, 5.75113E+001, 1.91809E+002, 1.51487E+002, 1.17949E+002, 9.57123E+001, 7.45267E+001, 3.40421E+001, 2.91841E+001, 2.88485E+001, 2.89073E+001, 2.93579E+001, 2.54748E+001, 2.55145E+001, 2.56019E+001, 2.56808E+001, 2.59202E+001, 2.53745E+001, 2.54529E+001, 2.55485E+001, 2.56308E+001, 2.58703E+001, 2.53285E+001, 2.54237E+001, 2.55161E+001, 2.55989E+001, 2.58365E+001, 3.16035E+002, 1.84223E+002, 3.79101E-002, 2.04568E-001, 2.84483E+002
 1.27001E+002, 2.56008E+001, 2.74079E+001, 4.01017E+001, 2.98900E+001, 2.50157E+001, 2.55767E+001, 2.64914E+001, 7.35886E+001, 5.59548E+001, 5.26702E+001, 5.41173E+001, 5.71176E+001, 1.91309E+002, 1.51220E+002, 1.17116E+002, 9.43619E+001, 7.30054E+001, 3.40490E+001, 2.91313E+001, 2.87468E+001, 2.89858E+001, 2.97765E+001, 2.54720E+001, 2.55131E+001, 2.56008E+001, 2.56861E+001, 2.59209E+001, 2.53735E+001, 2.54524E+001, 2.55501E+001, 2.56355E+001, 2.58677E+001, 2.53289E+001, 2.54246E+001, 2.55201E+001, 2.56051E+001, 2.58348E+001, 3.16069E+002, 1.84236E+002, 3.79118E-002, 2.04590E-001, 2.84902E+002
 1.28001E+002, 2.56021E+001, 2.73890E+001, 4.11469E+001, 2.96440E+001, 2.50159E+001, 2.65866E+001, 2.69987E+001, 7.36899E+001, 5.58983E+001, 5.26677E+001, 5.42084E+001, 5.77430E+001, 1.91583E+002, 1.51343E+002, 1.16986E+002, 9.41538E+001, 7.28174E+001, 3.41752E+001, 2.90280E+001, 2.85900E+001, 2.87792E+001, 2.91876E+001, 2.54720E+001, 2.55117E+001, 2.56021E+001, 2.56854E+001, 2.59121E+001, 2.53742E+001, 2.54538E+001, 2.55535E+001, 2.56390E+001, 2.58627E+001, 2.53301E+001, 2.54274E+001, 2.55243E+001, 2.56093E+001, 2.58317E+001, 3.16125E+002, 1.83967E+002, 3.79106E-002, 2.04678E-001, 2.85257E+002
 1.29002E+002, 2.56083E+001, 2.74097E+001, 4.04791E+001, 3.01628E+001, 2.50159E+001, 2.69731E+001, 2.70500E+001, 7.33698E+001, 5.56989E+001, 5.23327E+001, 5.41058E+001, 5.75490E+001, 1.91229E+002, 1.51003E+002, 1.16505E+002, 9.40592E+001, 7.25727E+001, 3.41239E+001, 2.91369E+001, 2.88082E+001, 2.90866E+001, 2.95576E+001, 2.54740E+001, 2.55157E+001, 2.56083E+001, 2.56932E+001, 2.59163E+001, 2.53771E+001, 2.54582E+001, 2.55592E+001, 2.56441E+001, 2.58680E+001, 2.53331E+001, 2.54326E+001, 2.55301E+001, 2.56139E+001, 2.58412E+001, 3.16214E+002, 1.84057E+002, 3.79132E-002, 2.04645E-001, 2.85681E+002
 1.30002E+002, 2.56118E+001, 2.73657E+001, 4.06853E+001, 3.00935E+001, 2.50160E+001, 2.62755E+001, 2.69073E+001, 7.34222E+001, 5.58328E+001, 5.26876E+001, 5.44764E+001, 5.69504E+001, 1.91030E+002, 1.50376E+002, 1.15026E+002, 9.29974E+001, 7.14775E+001, 3.42284E+001, 2.90652E+001, 2.88219E+001, 2.89065E+001, 3.00010E+001, 2.54763E+001, 2.55206E+001, 2.56118E+001, 2.56975E+001, 2.59355E+001, 2.53800E+001, 2.54634E+001, 2.55643E+001, 2.56488E+001, 2.58798E+001, 2.53355E+001, 2.54376E+001, 2.55359E+001, 2.56190E+001, 2.58501E+001, 3.16254E+002, 1.84779E+002, 3.79143E-002, 2.04526E-001, 2.86219E+002
 1.31002E+002, 2.56169E+001, 2.73190E+001, 4.06290E+001, 2.99384E+001, 2.50161E+001, 2.53841E+001, 2.65685E+001, 7.36548E+001, 5.61383E+001, 5.29300E+001, 5.46256E+001, 5.76910E+001, 1.91402E+002, 1.50848E+002, 1.15691E+002, 9.35307E+001, 7.08817E+001, 3.44234E+001, 2.90251E+001, 2.88631E+001, 2.88698E+001, 2.91092E+001, 2.54807E+001, 2.55237E+001, 2.56169E+001, 2.56984E+001, 2.59287E+001, 2.53826E+001, 2.54675E+001, 2.55687E+001, 2.56524E+001, 2.58807E+001, 2.53368E+001, 2.54415E+001, 2.55401E+001, 2.56232E+001, 2.58505E+001, 3.16238E+002, 1.84279E+002, 3.79072E-002, 2.04505E-001, 2.86681E+002
 1.32000E+002, 2.56199E+001, 2.73667E+001, 4.04779E+001, 2.98341E+001, 2.50162E+001, 2.53186E+001, 2.62107E+001, 7.32809E+001, 5.58485E+001, 5.27259E+001, 5.42774E+001, 5.75433E+001, 1.91108E+002, 1.49708E+002, 1.14898E+002, 9.23980E+001, 7.13401E+001, 3.41264E+001, 2.91720E+001, 2.89877E+001, 2.89425E+001, 3.03993E+001, 2.54815E+001, 2.55284E+001, 2.56199E+001, 2.57061E+001, 2.59376E+001, 2.53845E+001, 2.54714E+001, 2.55730E+001, 2.56573E+001, 2.58829E+001, 2.53385E+001, 2.54455E+001, 2.55450E+001, 2.56287E+001, 2.58576E+001, 3.16213E+002, 1.84573E+002, 3.79246E-002, 2.04501E-001, 2.87150E+002
 1.33001E+002, 2.56258E+001, 2.73780E+001, 4.13278E+001, 2.97086E+001, 2.50162E+001, 2.59884E+001, 2.63806E+001, 7.38021E+001, 5.62574E+001, 5.25382E+001, 5.41430E+001, 5.77575E+001, 1.91121E+002, 1.49803E+002, 1.15056E+002, 9.25102E+001, 7.06715E+001, 3.44673E+001, 2.91551E+001, 2.88992E+001, 2.88909E+001, 2.90389E+001, 2.54848E+001, 2.55322E+001, 2.56258E+001, 2.57107E+001, 2.59445E+001, 2.53868E+001, 2.54753E+001, 2.55783E+001, 2.56635E+001, 2.59000E+001, 2.53411E+001, 2.54498E+001, 2.55504E+001, 2.56351E+001, 2.58778E+001, 3.16269E+002, 1.84507E+002, 3.79099E-002, 2.04473E-001, 2.87623E+002
 1.34001E+002, 2.56304E+001, 2.73563E+001, 4.13167E+001, 2.96501E+001, 2.50162E+001, 2.63508E+001, 2.63923E+001, 7.33998E+001, 5.58719E+001, 5.24943E+001, 5.45814E+001, 5.85166E+001, 1.91713E+002, 1.50201E+002, 1.15557E+002, 9.25741E+001, 7.15306E+001, 3.45315E+001, 2.93452E+001, 2.89781E+001, 2.89033E+001, 2.99081E+001, 2.54908E+001, 2.55361E+001, 2.56304E+001, 2.57173E+001, 2.59609E+001, 2.53901E+001, 2.54783E+001, 2.55819E+001, 2.56679E+001, 2.59089E+001, 2.53444E+001, 2.54530E+001, 2.55539E+001, 2.56396E+001, 2.58854E+001, 3.16272E+002, 1.83902E+002, 3.79169E-002, 2.04435E-001, 2.88114E+002
 1.35002E+002, 2.56314E+001, 2.73876E+001, 4.03999E+001, 2.99427E+001, 2.50161E+001, 2.60801E+001, 2.65016E+001, 7.32940E+001, 5.54463E+001, 5.25648E+001, 5.41731E+001, 5.74627E+001, 1.90235E+002, 1.48792E+002, 1.13913E+002, 9.16503E+001, 6.99915E+001, 3.44839E+001, 2.92670E+001, 2.90810E+001, 2.93762E+001, 2.97521E+001, 2.54905E+001, 2.55366E+001, 2.56314E+001, 2.57196E+001, 2.59667E+001, 2.53918E+001, 2.54791E+001, 2.55826E+001, 2.56693E+001, 2.59047E+001, 2.53476E+001, 2.54544E+001, 2.55546E+001, 2.56403E+001, 2.58722E+001, 3.16351E+002, 1.85206E+002, 3.79245E-002, 2.04378E-001, 2.88634E+002
 1.36000E+002, 2.56283E+001, 2.75025E+001, 4.17451E+001, 2.99041E+001, 2.50161E+001, 2.58532E+001, 2.68307E+001, 7.34508E+001, 5.55244E+001, 5.23302E+001, 5.45382E+001, 5.79865E+001, 1.91660E+002, 1.50789E+002, 1.15062E+002, 9.20161E+001, 7.01363E+001, 3.52898E+001, 2.92896E+001, 2.88386E+001, 2.88605E+001, 3.00407E+001, 2.54952E+001, 2.55346E+001, 2.56283E+001, 2.57137E+001, 2.59454E+001, 2.53934E+001, 2.54788E+001, 2.55814E+001, 2.56674E+001, 2.58947E+001, 2.53495E+001, 2.54548E+001, 2.55543E+001, 2.56392E+001, 2.58676E+001, 3.16475E+002, 1.84655E+002, 3.79157E-002, 2.04343E-001, 2.89191E+002
 1.37001E+002, 2.56278E+001, 2.75023E+001, 4.00106E+001, 2.99816E+001, 2.50160E+001, 2.57905E+001, 2.66141E+001, 7.33097E+001, 5.58888E+001, 5.28041E+001, 5.44748E+001, 5.70151E+001, 1.91134E+002, 1.50901E+002, 1.15908E+002, 9.39659E+001, 7.18083E+001, 3.45499E+001, 2.91943E+001, 2.89528E+001, 2.91628E+001, 2.95315E+001, 2.54965E+001, 2.55358E+001, 2.56278E+001, 2.57124E+001, 2.59459E+001, 2.53946E+001, 2.54794E+001, 2.55812E+001, 2.56665E+001, 2.58950E+001, 2.53502E+001, 2.54561E+001, 2.55556E+001, 2.56403E+001, 2.58707E+001, 3.16475E+002, 1.84907E+002, 3.79203E-002, 2.04341E-001, 2.89730E+002
 1.38001E+002, 2.56277E+001, 2.73532E+001, 4.08269E+001, 2.94696E+001, 2.50159E+001, 2.57189E+001, 2.71454E+001, 7.42259E+001, 5.62804E+001, 5.30581E+001, 5.47797E+001, 5.81674E+001, 1.89534E+002, 1.47959E+002, 1.12826E+002, 9.09459E+001, 6.87909E+001, 3.44611E+001, 2.89757E+001, 2.88911E+001, 2.87259E+001, 2.94556E+001, 2.54904E+001, 2.55352E+001, 2.56277E+001, 2.57137E+001, 2.59441E+001, 2.53959E+001, 2.54821E+001, 2.55841E+001, 2.56703E+001, 2.58954E+001, 2.53513E+001, 2.54600E+001, 2.55597E+001, 2.56441E+001, 2.58670E+001, 3.16486E+002, 1.85466E+002, 3.79160E-002, 2.04339E-001, 2.90194E+002
 1.39002E+002, 2.56329E+001, 2.73825E+001, 4.18855E+001, 3.00348E+001, 2.50156E+001, 2.53905E+001, 2.66926E+001, 7.38035E+001, 5.65406E+001, 5.30920E+001, 5.45447E+001, 5.75314E+001, 1.91571E+002, 1.49896E+002, 1.15012E+002, 9.24134E+001, 7.03963E+001, 3.52053E+001, 2.92137E+001, 2.88052E+001, 2.87603E+001, 2.91957E+001, 2.54984E+001, 2.55407E+001, 2.56329E+001, 2.57177E+001, 2.59323E+001, 2.53986E+001, 2.54875E+001, 2.55895E+001, 2.56740E+001, 2.58909E+001, 2.53532E+001, 2.54644E+001, 2.55636E+001, 2.56467E+001, 2.58642E+001, 3.16485E+002, 1.84151E+002, 3.79130E-002, 2.04320E-001, 2.90499E+002
 1.40002E+002, 2.56367E+001, 2.74020E+001, 4.11705E+001, 3.01392E+001, 2.50156E+001, 2.52223E+001, 2.62382E+001, 7.47232E+001, 5.63405E+001, 5.30365E+001, 5.50409E+001, 5.91514E+001, 1.90189E+002, 1.48267E+002, 1.14271E+002, 9.15847E+001, 7.07076E+001, 3.39187E+001, 2.92226E+001, 2.88642E+001, 2.89592E+001, 2.99218E+001, 2.54973E+001, 2.55444E+001, 2.56367E+001, 2.57213E+001, 2.59478E+001, 2.54001E+001, 2.54895E+001, 2.55912E+001, 2.56746E+001, 2.58912E+001, 2.53533E+001, 2.54641E+001, 2.55633E+001, 2.56452E+001, 2.58640E+001, 3.16478E+002, 1.84591E+002, 3.79143E-002, 2.04334E-001, 2.90950E+002
 1.41000E+002, 2.56317E+001, 2.73858E+001, 4.09490E+001, 3.01221E+001, 2.50156E+001, 2.55888E+001, 2.66170E+001, 7.41632E+001, 5.65050E+001, 5.32199E+001, 5.52758E+001, 5.83901E+001, 1.89946E+002, 1.48936E+002, 1.13544E+002, 9.14042E+001, 6.90890E+001, 3.49424E+001, 2.90496E+001, 2.86005E+001, 2.86616E+001, 2.85277E+001, 2.54937E+001, 2.55399E+001, 2.56317E+001, 2.57136E+001, 2.59288E+001, 2.53976E+001, 2.54858E+001, 2.55873E+001, 2.56704E+001, 2.58850E+001, 2.53515E+001, 2.54592E+001, 2.55587E+001, 2.56414E+001, 2.58593E+001, 3.16619E+002, 1.84864E+002, 3.79198E-002, 2.04375E-001, 2.91469E+002
 1.42001E+002, 2.56301E+001, 2.72985E+001, 4.17160E+001, 2.94841E+001, 2.50158E+001, 2.62803E+001, 2.67803E+001, 7.39744E+001, 5.62483E+001, 5.28538E+001, 5.50057E+001, 5.84133E+001, 1.91525E+002, 1.51117E+002, 1.15765E+002, 9.32477E+001, 7.07244E+001, 3.47906E+001, 2.90744E+001, 2.87698E+001, 2.88776E+001, 2.89603E+001, 2.54966E+001, 2.55355E+001, 2.56301E+001, 2.57100E+001, 2.59154E+001, 2.53946E+001, 2.54797E+001, 2.55828E+001, 2.56662E+001, 2.58730E+001, 2.53494E+001, 2.54541E+001, 2.55541E+001, 2.56384E+001, 2.58515E+001, 3.16644E+002, 1.84783E+002, 3.79192E-002, 2.04390E-001, 2.92065E+002
 1.43001E+002, 2.56228E+001, 2.73015E+001, 4.13868E+001, 2.97429E+001, 2.50159E+001, 2.62603E+001, 2.67749E+001, 7.49580E+001, 5.73291E+001, 5.39977E+001, 5.56892E+001, 5.88799E+001, 1.89300E+002, 1.46990E+002, 1.11921E+002, 9.02320E+001, 6.83515E+001, 3.43303E+001, 2.89281E+001, 2.88168E+001, 2.86238E+001, 2.91653E+001, 2.54859E+001, 2.55274E+001, 2.56228E+001, 2.57101E+001, 2.59250E+001, 2.53919E+001, 2.54752E+001, 2.55791E+001, 2.56660E+001, 2.58769E+001, 2.53477E+001, 2.54504E+001, 2.55515E+001, 2.56377E+001, 2.58514E+001, 3.16576E+002, 1.86037E+002, 3.79171E-002, 2.04346E-001, 2.92507E+002
 1.44002E+002, 2.56258E+001, 2.74021E+001, 4.13727E+001, 3.03105E+001, 2.50160E+001, 2.57256E+001, 2.71704E+001, 7.44145E+001, 5.67209E+001, 5.31954E+001, 5.48687E+001, 5.79950E+001, 1.89957E+002, 1.48330E+002, 1.13952E+002, 9.18830E+001, 6.97211E+001, 3.55312E+001, 2.90819E+001, 2.86303E+001, 2.84991E+001, 2.83162E+001, 2.54916E+001, 2.55274E+001, 2.56258E+001, 2.57111E+001, 2.59163E+001, 2.53904E+001, 2.54732E+001, 2.55804E+001, 2.56681E+001, 2.58817E+001, 2.53466E+001, 2.54490E+001, 2.55523E+001, 2.56398E+001, 2.58558E+001, 3.16636E+002, 1.84274E+002, 3.79125E-002, 2.04250E-001, 2.92936E+002
 1.45000E+002, 2.56267E+001, 2.74839E+001, 4.18797E+001, 2.98053E+001, 2.50160E+001, 2.54187E+001, 2.67537E+001, 7.50071E+001, 5.72949E+001, 5.37898E+001, 5.58026E+001, 5.95725E+001, 1.90436E+002, 1.48887E+002, 1.14053E+002, 9.10424E+001, 6.93067E+001, 3.46308E+001, 2.91280E+001, 2.85930E+001, 2.87814E+001, 2.89897E+001, 2.54923E+001, 2.55265E+001, 2.56267E+001, 2.57167E+001, 2.59325E+001, 2.53903E+001, 2.54729E+001, 2.55817E+001, 2.56710E+001, 2.58863E+001, 2.53460E+001, 2.54490E+001, 2.55557E+001, 2.56441E+001, 2.58658E+001, 3.16746E+002, 1.84301E+002, 3.79143E-002, 2.04230E-001, 2.93400E+002
 1.46002E+002, 2.56305E+001, 2.74580E+001, 4.17067E+001, 2.98472E+001, 2.50159E+001, 2.54323E+001, 2.67990E+001, 7.56532E+001, 5.76377E+001, 5.46994E+001, 5.72306E+001, 5.94906E+001, 1.88492E+002, 1.46738E+002, 1.10598E+002, 8.95574E+001, 6.73266E+001, 3.51575E+001, 2.89384E+001, 2.86813E+001, 2.85525E+001, 2.83850E+001, 2.54876E+001, 2.55260E+001, 2.56305E+001, 2.57187E+001, 2.59355E+001, 2.53910E+001, 2.54747E+001, 2.55863E+001, 2.56761E+001, 2.58995E+001, 2.53459E+001, 2.54497E+001, 2.55571E+001, 2.56470E+001, 2.58773E+001, 3.16728E+002, 1.85517E+002, 3.79215E-002, 2.04258E-001, 2.93761E+002
 1.47001E+002, 2.56400E+001, 2.74002E+001, 4.11868E+001, 3.01843E+001, 2.50160E+001, 2.54280E+001, 2.62957E+001, 7.50940E+001, 5.73918E+001, 5.41534E+001, 5.57141E+001, 5.86469E+001, 1.90309E+002, 1.48896E+002, 1.13221E+002, 9.12504E+001, 6.88332E+001, 3.57130E+001, 2.91539E+001, 2.89806E+001, 2.88543E+001, 2.85622E+001, 2.54984E+001, 2.55328E+001, 2.56400E+001, 2.57254E+001, 2.59421E+001, 2.53920E+001, 2.54759E+001, 2.55902E+001, 2.56795E+001, 2.59061E+001, 2.53468E+001, 2.54510E+001, 2.55615E+001, 2.56516E+001, 2.58897E+001, 3.16648E+002, 1.84655E+002, 3.79111E-002, 2.04240E-001, 2.94294E+002
 1.48002E+002, 2.56400E+001, 2.73723E+001, 4.21361E+001, 2.95726E+001, 2.50161E+001, 2.58996E+001, 2.64755E+001, 7.55539E+001, 5.81829E+001, 5.47593E+001, 5.65494E+001, 6.00493E+001, 1.90893E+002, 1.47669E+002, 1.12712E+002, 9.04175E+001, 6.87670E+001, 3.45932E+001, 2.91648E+001, 2.89254E+001, 2.86364E+001, 2.85973E+001, 2.54950E+001, 2.55325E+001, 2.56400E+001, 2.57288E+001, 2.59517E+001, 2.53934E+001, 2.54775E+001, 2.55923E+001, 2.56835E+001, 2.59149E+001, 2.53479E+001, 2.54529E+001, 2.55649E+001, 2.56573E+001, 2.58967E+001, 3.16716E+002, 1.84858E+002, 3.79104E-002, 2.04174E-001, 2.94726E+002
 1.49001E+002, 2.56458E+001, 2.73960E+001, 4.16021E+001, 3.03538E+001, 2.50161E+001, 2.63705E+001, 2.63432E+001, 7.56430E+001, 5.75807E+001, 5.47338E+001, 5.69197E+001, 6.04397E+001, 1.89565E+002, 1.48182E+002, 1.13719E+002, 9.19009E+001, 7.02769E+001, 3.49545E+001, 2.90819E+001, 2.85992E+001, 2.85054E+001, 2.82440E+001, 2.54946E+001, 2.55359E+001, 2.56458E+001, 2.57307E+001, 2.59505E+001, 2.53963E+001, 2.54806E+001, 2.55979E+001, 2.56890E+001, 2.59214E+001, 2.53517E+001, 2.54585E+001, 2.55698E+001, 2.56635E+001, 2.59027E+001, 3.16955E+002, 1.84118E+002, 3.79138E-002, 2.04098E-001, 2.94987E+002
 1.50000E+002, 2.56534E+001, 2.74135E+001, 4.14111E+001, 2.99884E+001, 2.50162E+001, 2.63592E+001, 2.65327E+001, 7.52591E+001, 5.79676E+001, 5.43910E+001, 5.64547E+001, 5.98470E+001, 1.91304E+002, 1.51101E+002, 1.17020E+002, 9.51052E+001, 7.23721E+001, 3.46427E+001, 2.88952E+001, 2.85241E+001, 2.86902E+001, 2.85925E+001, 2.55036E+001, 2.55440E+001, 2.56534E+001, 2.57371E+001, 2.59565E+001, 2.54018E+001, 2.54865E+001, 2.56027E+001, 2.56937E+001, 2.59251E+001, 2.53584E+001, 2.54677E+001, 2.55779E+001, 2.56705E+001, 2.59092E+001, 3.16861E+002, 1.83760E+002, 3.79135E-002, 2.04057E-001, 2.95351E+002
