s,kW,kW,kW,kW,kW,kW,kW,kW,kW,kW,kg/s,kg/s,kg/s,kg/s,Pa
Time,HRR,HRR_OX,Q_RADI,Q_CONV,Q_COND,Q_DIFF,Q_PRES,Q_PART,Q_ENTH,Q_TOTAL,MLR_AIR,MLR_PARAFFIN,MLR_PRODUCTS,MLR_TRACER,ZONE_1
 0.00000E+000, 0.00000E+000, 0.00000E+000,-1.16650E-004, 9.90273E-027, 0.00000E+000, 0.00000E+000, 0.00000E+000, 0.00000E+000, 0.00000E+000,-1.16650E-004, 0.00000E+000, 0.00000E+000, 0.00000E+000, 0.00000E+000,-2.99270E-002
 1.00481E+000, 8.96841E-006, 0.00000E+000,-4.54970E-006, 3.18727E-012,-3.93466E-006,-3.60149E-024,-9.81327E-008, 0.00000E+000, 3.56826E-007, 3.85918E-007, 0.00000E+000, 2.34618E-010, 0.00000E+000, 3.83311E-012,-2.91003E-002
 2.00962E+000, 6.55739E-005, 0.00000E+000,-1.27537E-005, 4.04228E-013,-1.96232E-005,-2.49612E-023, 1.32577E-005, 0.00000E+000, 4.58183E-005, 4.64547E-005, 0.00000E+000, 1.62669E-009, 0.00000E+000, 2.65763E-011, 6.08023E-002
 3.00314E+000, 1.79462E-004, 0.00000E+000,-3.97199E-005,-2.07667E-012,-5.22534E-005,-6.72009E-023, 3.50801E-005, 0.00000E+000, 1.21370E-004, 1.22569E-004, 0.00000E+000, 4.38230E-009, 0.00000E+000, 7.15964E-011, 2.96339E-001
 4.00796E+000, 3.50923E-004, 0.00000E+000,-7.91639E-005,-2.83677E-012,-8.56630E-005,-1.30420E-022, 7.46963E-005, 0.00000E+000, 2.59075E-004, 2.60792E-004, 0.00000E+000, 8.50927E-009, 0.00000E+000, 1.39021E-010, 8.04336E-001
 5.00148E+000, 5.79796E-004, 0.00000E+000,-1.35653E-004,-2.81363E-011,-1.33641E-004,-2.14452E-022, 1.24730E-004, 0.00000E+000, 4.32990E-004, 4.35232E-004, 0.00000E+000, 1.40024E-008, 0.00000E+000, 2.28767E-010, 1.64367E+000
 6.00629E+000, 8.66270E-004, 0.00000E+000,-2.08828E-004,-1.85255E-009,-2.03258E-004,-3.19330E-022, 1.82847E-004, 0.00000E+000, 6.35692E-004, 6.37029E-004, 0.00000E+000, 2.08670E-008, 0.00000E+000, 3.40917E-010, 2.89015E+000
 7.01110E+000, 1.21224E-003, 0.00000E+000,-2.94110E-004,-7.72561E-009,-4.24188E-004,-4.45702E-022, 1.99765E-004, 0.00000E+000, 6.92747E-004, 6.93698E-004, 0.00000E+000, 2.91494E-008, 0.00000E+000, 4.76233E-010, 4.25249E+000
 8.00462E+000, 1.61392E-003, 0.00000E+000,-3.94149E-004,-1.71992E-008,-6.74470E-004,-5.92053E-022, 2.21370E-004, 0.00000E+000, 7.65585E-004, 7.66658E-004, 0.00000E+000, 3.87567E-008, 0.00000E+000, 6.33192E-010, 5.74522E+000
 9.00943E+000, 2.07321E-003, 0.00000E+000,-5.10316E-004,-2.79314E-008,-9.44139E-004,-7.59058E-022, 2.51864E-004, 0.00000E+000, 8.69011E-004, 8.70595E-004, 0.00000E+000, 4.97353E-008, 0.00000E+000, 8.12557E-010, 7.46245E+000
 1.00030E+001, 2.58985E-003, 0.00000E+000,-6.36013E-004,-4.46039E-008,-1.24109E-003,-9.46532E-022, 2.90790E-004, 0.00000E+000, 1.00193E-003, 1.00350E-003, 0.00000E+000, 6.20801E-008, 0.00000E+000, 1.01424E-009, 9.42306E+000
 1.10088E+001, 3.16640E-003, 0.00000E+000,-7.77572E-004,-5.63645E-008,-1.57994E-003,-1.15453E-021, 3.30720E-004, 0.00000E+000, 1.13780E-003, 1.13956E-003, 0.00000E+000, 7.58017E-008, 0.00000E+000, 1.23842E-009, 1.16806E+001
 1.20044E+001, 3.79689E-003, 0.00000E+000,-9.10726E-004,-6.86749E-008,-1.96536E-003,-1.38303E-021, 3.77118E-004, 0.00000E+000, 1.29625E-003, 1.29786E-003, 0.00000E+000, 9.09034E-008, 0.00000E+000, 1.48515E-009, 1.42290E+001
 1.30049E+001, 4.48757E-003, 0.00000E+000,-1.04472E-003,-7.42599E-008,-2.40491E-003,-1.63111E-021, 4.25722E-004, 0.00000E+000, 1.46184E-003, 1.46358E-003, 0.00000E+000, 1.07331E-007, 0.00000E+000, 1.75354E-009, 1.71200E+001
 1.40076E+001, 5.23636E-003, 0.00000E+000,-1.19877E-003,-8.41751E-008,-2.89743E-003,-1.90029E-021, 4.68766E-004, 0.00000E+000, 1.60766E-003, 1.60885E-003, 0.00000E+000, 1.25192E-007, 0.00000E+000, 2.04535E-009, 2.03107E+001
 1.50028E+001, 6.03793E-003, 0.00000E+000,-1.41535E-003,-8.28347E-008,-3.42081E-003,-2.18878E-021, 4.95732E-004, 0.00000E+000, 1.69668E-003, 1.69742E-003, 0.00000E+000, 1.44376E-007, 0.00000E+000, 2.35876E-009, 2.36607E+001
 1.60028E+001, 6.90285E-003, 0.00000E+000,-1.64995E-003,-9.44672E-008,-3.95474E-003,-2.49674E-021, 5.36693E-004, 0.00000E+000, 1.83379E-003, 1.83476E-003, 0.00000E+000, 1.64900E-007, 0.00000E+000, 2.69408E-009, 2.73044E+001
 1.70018E+001, 7.82003E-003, 0.00000E+000,-1.90013E-003,-9.62059E-008,-4.52857E-003,-2.82497E-021, 5.76320E-004, 0.00000E+000, 1.96619E-003, 1.96756E-003, 0.00000E+000, 1.86830E-007, 0.00000E+000, 3.05236E-009, 3.12132E+001
 1.80008E+001, 8.79755E-003, 0.00000E+000,-2.16060E-003,-1.11153E-007,-5.13899E-003,-3.17282E-021, 6.22695E-004, 0.00000E+000, 2.12177E-003, 2.12055E-003, 0.00000E+000, 2.10123E-007, 0.00000E+000, 3.43291E-009, 3.54366E+001
 1.90021E+001, 9.83702E-003, 0.00000E+000,-2.43587E-003,-1.14652E-007,-5.79079E-003,-3.54044E-021, 6.69717E-004, 0.00000E+000, 2.27949E-003, 2.27996E-003, 0.00000E+000, 2.34804E-007, 0.00000E+000, 3.83614E-009, 3.99897E+001
 2.00003E+001, 1.09263E-002, 0.00000E+000,-2.73333E-003,-7.59266E-008,-6.46846E-003,-3.92746E-021, 7.18096E-004, 0.00000E+000, 2.44110E-003, 2.44253E-003, 0.00000E+000, 2.60852E-007, 0.00000E+000, 4.26170E-009, 4.48562E+001
 2.10032E+001, 1.20824E-002, 0.00000E+000,-3.02296E-003,-6.43124E-008,-7.18950E-003,-4.33407E-021, 7.79746E-004, 0.00000E+000, 2.64935E-003, 2.64958E-003, 0.00000E+000, 2.88291E-007, 0.00000E+000, 4.71000E-009, 5.01655E+001
 2.20038E+001, 1.32891E-002, 0.00000E+000,-3.32909E-003,-5.83740E-008,-7.95491E-003,-4.76031E-021, 8.36669E-004, 0.00000E+000, 2.84032E-003, 2.84169E-003, 0.00000E+000, 3.17135E-007, 0.00000E+000, 5.18123E-009, 5.58497E+001
 2.30044E+001, 1.45571E-002, 0.00000E+000,-3.65066E-003,-5.97785E-008,-8.74096E-003,-5.20523E-021, 9.04239E-004, 0.00000E+000, 3.06819E-003, 3.06967E-003, 0.00000E+000, 3.47326E-007, 0.00000E+000, 5.67448E-009, 6.19927E+001
 2.40042E+001, 1.58872E-002, 0.00000E+000,-3.98443E-003,-8.30225E-008,-9.56436E-003,-5.66872E-021, 9.77026E-004, 0.00000E+000, 3.31456E-003, 3.31532E-003, 0.00000E+000, 3.78873E-007, 0.00000E+000, 6.18989E-009, 6.86257E+001
 2.50006E+001, 1.72612E-002, 0.00000E+000,-4.33285E-003,-7.84863E-008,-1.04904E-002,-6.14971E-021, 1.02066E-003, 0.00000E+000, 3.45786E-003, 3.45862E-003, 0.00000E+000, 4.11719E-007, 0.00000E+000, 6.72651E-009, 7.55319E+001
 2.60024E+001, 1.79951E-002, 0.00000E+000,-4.51646E-003,-3.96393E-008,-1.13481E-002,-6.39416E-021, 9.03141E-004, 0.00000E+000, 3.03796E-003, 3.03364E-003, 0.00000E+000, 4.28458E-007, 0.00000E+000, 7.00000E-009, 8.16810E+001
 2.70043E+001, 1.79952E-002, 0.00000E+000,-4.51928E-003,-1.00202E-008,-1.18002E-002,-6.39417E-021, 7.22442E-004, 0.00000E+000, 2.40027E-003, 2.39807E-003, 0.00000E+000, 4.28458E-007, 0.00000E+000, 7.00000E-009, 8.65983E+001
 2.80007E+001, 1.79952E-002, 0.00000E+000,-4.52437E-003,-9.60129E-009,-1.20286E-002,-6.39418E-021, 6.29641E-004, 0.00000E+000, 2.07339E-003, 2.07185E-003, 0.00000E+000, 4.28458E-007, 0.00000E+000, 7.00000E-009, 9.08606E+001
 2.90025E+001, 1.79952E-002, 0.00000E+000,-4.52883E-003,-1.24626E-008,-1.21941E-002,-6.39419E-021, 5.62110E-004, 0.00000E+000, 1.83558E-003, 1.83437E-003, 0.00000E+000, 4.28458E-007, 0.00000E+000, 7.00000E-009, 9.46861E+001
 3.00043E+001, 1.79952E-002, 0.00000E+000,-4.53269E-003,-9.80362E-009,-1.23245E-002,-6.39417E-021, 5.08808E-004, 0.00000E+000, 1.64792E-003, 1.64689E-003, 0.00000E+000, 4.28458E-007, 0.00000E+000, 7.00000E-009, 9.81486E+001
 3.10008E+001, 1.79952E-002, 0.00000E+000,-4.53601E-003,-1.16130E-008,-1.24214E-002,-6.39415E-021, 4.68960E-004, 0.00000E+000, 1.50755E-003, 1.50675E-003, 0.00000E+000, 4.28458E-007, 0.00000E+000, 7.00000E-009, 1.01323E+002
 3.20026E+001, 1.79953E-002, 0.00000E+000,-4.53914E-003,-1.39846E-008,-1.24922E-002,-6.39412E-021, 4.39602E-004, 0.00000E+000, 1.40414E-003, 1.40351E-003, 0.00000E+000, 4.28458E-007, 0.00000E+000, 7.00000E-009, 1.04314E+002
 3.30044E+001, 1.79952E-002, 0.00000E+000,-4.54202E-003,-1.65761E-008,-1.25566E-002,-6.39410E-021, 4.12888E-004, 0.00000E+000, 1.31023E-003, 1.30946E-003, 0.00000E+000, 4.28458E-007, 0.00000E+000, 7.00000E-009, 1.07124E+002
 3.40009E+001, 1.79952E-002, 0.00000E+000,-4.54478E-003,-4.07810E-009,-1.26392E-002,-6.39408E-021, 3.78992E-004, 0.00000E+000, 1.19111E-003, 1.19025E-003, 0.00000E+000, 4.28458E-007, 0.00000E+000, 7.00000E-009, 1.09689E+002
 3.50027E+001, 1.79952E-002, 0.00000E+000,-4.54721E-003,-4.65341E-009,-1.26949E-002,-6.39408E-021, 3.55851E-004, 0.00000E+000, 1.10951E-003, 1.10899E-003, 0.00000E+000, 4.28458E-007, 0.00000E+000, 7.00000E-009, 1.12110E+002
 3.60045E+001, 1.79952E-002, 0.00000E+000,-4.54927E-003,-5.57976E-009,-1.27217E-002,-6.39408E-021, 3.44377E-004, 0.00000E+000, 1.06908E-003, 1.06867E-003, 0.00000E+000, 4.28458E-007, 0.00000E+000, 7.00000E-009, 1.14453E+002
 3.70010E+001, 1.79952E-002, 0.00000E+000,-4.55178E-003,-4.22297E-009,-1.27370E-002,-6.39408E-021, 3.37265E-004, 0.00000E+000, 1.04406E-003, 1.04368E-003, 0.00000E+000, 4.28458E-007, 0.00000E+000, 7.00000E-009, 1.16736E+002
 3.80028E+001, 1.79952E-002, 0.00000E+000,-4.55372E-003,-2.24180E-009,-1.27493E-002,-6.39408E-021, 3.31607E-004, 0.00000E+000, 1.02407E-003, 1.02385E-003, 0.00000E+000, 4.28458E-007, 0.00000E+000, 7.00000E-009, 1.18992E+002
 3.90046E+001, 1.79952E-002, 0.00000E+000,-4.55608E-003,-3.65131E-009,-1.27610E-002,-6.39407E-021, 3.26044E-004, 0.00000E+000, 1.00455E-003, 1.00424E-003, 0.00000E+000, 4.28458E-007, 0.00000E+000, 7.00000E-009, 1.21210E+002
 4.00010E+001, 1.79953E-002, 0.00000E+000,-4.55794E-003,-1.16011E-008,-1.27748E-002,-6.39407E-021, 3.19825E-004, 0.00000E+000, 9.82725E-004, 9.82311E-004, 0.00000E+000, 4.28458E-007, 0.00000E+000, 7.00000E-009, 1.23375E+002
 4.10029E+001, 1.79953E-002, 0.00000E+000,-4.55986E-003, 2.75236E-009,-1.27928E-002,-6.39406E-021, 3.11884E-004, 0.00000E+000, 9.54758E-004, 9.54450E-004, 0.00000E+000, 4.28458E-007, 0.00000E+000, 7.00000E-009, 1.25497E+002
 4.20047E+001, 1.79953E-002, 0.00000E+000,-4.56176E-003,-1.06020E-009,-1.28125E-002,-6.39406E-021, 3.03331E-004, 0.00000E+000, 9.24696E-004, 9.24365E-004, 0.00000E+000, 4.28458E-007, 0.00000E+000, 7.00000E-009, 1.27561E+002
 4.30011E+001, 1.79952E-002, 0.00000E+000,-4.56388E-003,-1.67638E-009,-1.28255E-002,-6.39404E-021, 2.97285E-004, 0.00000E+000, 9.03379E-004, 9.03150E-004, 0.00000E+000, 4.28458E-007, 0.00000E+000, 7.00000E-009, 1.29573E+002
 4.40029E+001, 1.79953E-002, 0.00000E+000,-4.56559E-003, 2.10819E-009,-1.28341E-002,-6.39403E-021, 2.93230E-004, 0.00000E+000, 8.89218E-004, 8.88847E-004, 0.00000E+000, 4.28458E-007, 0.00000E+000, 7.00000E-009, 1.31568E+002
 4.50048E+001, 1.79953E-002, 0.00000E+000,-4.56719E-003, 2.87615E-009,-1.28480E-002,-6.39402E-021, 2.87053E-004, 0.00000E+000, 8.67502E-004, 8.67155E-004, 0.00000E+000, 4.28458E-007, 0.00000E+000, 7.00000E-009, 1.33521E+002
 4.60012E+001, 1.79953E-002, 0.00000E+000,-4.56919E-003, 1.56559E-010,-1.28721E-002,-6.39399E-021, 2.76714E-004, 0.00000E+000, 8.31213E-004, 8.30741E-004, 0.00000E+000, 4.28458E-007, 0.00000E+000, 7.00000E-009, 1.35394E+002
 4.70030E+001, 1.79953E-002, 0.00000E+000,-4.57074E-003, 1.91935E-009,-1.29085E-002,-6.39396E-021, 2.61622E-004, 0.00000E+000, 7.78138E-004, 7.77688E-004, 0.00000E+000, 4.28458E-007, 0.00000E+000, 7.00000E-009, 1.37174E+002
 4.80048E+001, 1.79954E-002, 0.00000E+000,-4.57247E-003,-1.15380E-008,-1.29566E-002,-6.39389E-021, 2.41883E-004, 0.00000E+000, 7.08847E-004, 7.08227E-004, 0.00000E+000, 4.28458E-007, 0.00000E+000, 7.00000E-009, 1.38820E+002
 4.90013E+001, 1.79955E-002, 0.00000E+000,-4.57381E-003,-4.53886E-010,-1.30104E-002,-6.39378E-021, 2.19942E-004, 0.00000E+000, 6.31649E-004, 6.31163E-004, 0.00000E+000, 4.28458E-007, 0.00000E+000, 7.00000E-009, 1.40309E+002
 5.00031E+001, 1.79956E-002, 0.00000E+000,-4.57511E-003,-1.27952E-008,-1.30554E-002,-6.39362E-021, 2.01607E-004, 0.00000E+000, 5.67182E-004, 5.66655E-004, 0.00000E+000, 4.28458E-007, 0.00000E+000, 7.00000E-009, 1.41681E+002
 5.10049E+001, 1.79955E-002, 0.00000E+000,-4.57607E-003,-5.36455E-009,-1.30875E-002,-6.39353E-021, 1.88471E-004, 0.00000E+000, 5.20955E-004, 5.20449E-004, 0.00000E+000, 4.28458E-007, 0.00000E+000, 7.00000E-009, 1.42963E+002
 5.20014E+001, 1.79955E-002, 0.00000E+000,-4.57734E-003,-8.47363E-009,-1.31143E-002,-6.39347E-021, 1.77290E-004, 0.00000E+000, 4.81591E-004, 4.81118E-004, 0.00000E+000, 4.28458E-007, 0.00000E+000, 7.00000E-009, 1.44163E+002
 5.30032E+001, 1.79953E-002, 0.00000E+000,-4.57848E-003,-1.64192E-008,-1.31354E-002,-6.39340E-021, 1.68428E-004, 0.00000E+000, 4.50490E-004, 4.49901E-004, 0.00000E+000, 4.28458E-007, 0.00000E+000, 7.00000E-009, 1.45309E+002
 5.40050E+001, 1.79953E-002, 0.00000E+000,-4.57944E-003,-7.19213E-009,-1.31748E-002,-6.39334E-021, 1.52356E-004, 0.00000E+000, 3.93936E-004, 3.93410E-004, 0.00000E+000, 4.28458E-007, 0.00000E+000, 7.00000E-009, 1.46346E+002
 5.50015E+001, 1.79953E-002, 0.00000E+000,-4.58048E-003,-1.49634E-008,-1.32140E-002,-6.39329E-021, 1.36403E-004, 0.00000E+000, 3.37924E-004, 3.37208E-004, 0.00000E+000, 4.28458E-007, 0.00000E+000, 7.00000E-009, 1.47269E+002
 5.60033E+001, 1.79952E-002, 0.00000E+000,-4.58089E-003, 3.02545E-009,-1.32533E-002,-6.39327E-021, 1.20598E-004, 0.00000E+000, 2.82180E-004, 2.81658E-004, 0.00000E+000, 4.28458E-007, 0.00000E+000, 7.00000E-009, 1.48090E+002
 5.70051E+001, 1.79951E-002, 0.00000E+000,-4.58159E-003,-1.76110E-008,-1.32816E-002,-6.39328E-021, 1.09062E-004, 0.00000E+000, 2.41687E-004, 2.40974E-004, 0.00000E+000, 4.28458E-007, 0.00000E+000, 7.00000E-009, 1.48832E+002
 5.80016E+001, 1.79951E-002, 0.00000E+000,-4.58181E-003,-4.50632E-009,-1.33063E-002,-6.39331E-021, 9.90834E-005, 0.00000E+000, 2.06420E-004, 2.06015E-004, 0.00000E+000, 4.28458E-007, 0.00000E+000, 7.00000E-009, 1.49503E+002
 5.90034E+001, 1.79949E-002, 0.00000E+000,-4.58228E-003,-1.03058E-008,-1.33196E-002,-6.39335E-021, 9.35980E-005, 0.00000E+000, 1.87037E-004, 1.86696E-004, 0.00000E+000, 4.28458E-007, 0.00000E+000, 7.00000E-009, 1.50140E+002
 6.00052E+001, 1.79950E-002, 0.00000E+000,-4.58208E-003,-2.32673E-008,-1.33139E-002,-6.39339E-021, 9.59372E-005, 0.00000E+000, 1.95320E-004, 1.94906E-004, 0.00000E+000, 4.28458E-007, 0.00000E+000, 7.00000E-009, 1.50793E+002
 6.10016E+001, 1.79951E-002, 0.00000E+000,-4.58232E-003, 2.02436E-008,-1.33112E-002,-6.39344E-021, 9.69095E-005, 0.00000E+000, 1.98640E-004, 1.98445E-004, 0.00000E+000, 4.28458E-007, 0.00000E+000, 7.00000E-009, 1.51448E+002
 6.20035E+001, 1.79953E-002, 0.00000E+000,-4.58253E-003, 6.52066E-009,-1.33132E-002,-6.39346E-021, 9.61670E-005, 0.00000E+000, 1.96171E-004, 1.95749E-004, 0.00000E+000, 4.28458E-007, 0.00000E+000, 7.00000E-009, 1.52103E+002
 6.30053E+001, 1.79953E-002, 0.00000E+000,-4.58272E-003, 1.93192E-008,-1.32981E-002,-6.39340E-021, 1.02035E-004, 0.00000E+000, 2.16605E-004, 2.16528E-004, 0.00000E+000, 4.28458E-007, 0.00000E+000, 7.00000E-009, 1.52797E+002
 6.40017E+001, 1.79954E-002, 0.00000E+000,-4.58390E-003, 1.94271E-008,-1.32652E-002,-6.39321E-021, 1.14670E-004, 0.00000E+000, 2.61292E-004, 2.60944E-004, 0.00000E+000, 4.28458E-007, 0.00000E+000, 7.00000E-009, 1.53573E+002
 6.50035E+001, 1.79954E-002, 0.00000E+000,-4.58425E-003, 1.26968E-008,-1.32706E-002,-6.39294E-021, 1.12396E-004, 0.00000E+000, 2.53366E-004, 2.52974E-004, 0.00000E+000, 4.28458E-007, 0.00000E+000, 7.00000E-009, 1.54337E+002
 6.60053E+001, 1.79954E-002, 0.00000E+000,-4.58470E-003, 4.30483E-009,-1.32973E-002,-6.39277E-021, 1.01603E-004, 0.00000E+000, 2.15466E-004, 2.14957E-004, 0.00000E+000, 4.28458E-007, 0.00000E+000, 7.00000E-009, 1.55029E+002
 6.70018E+001, 1.79953E-002, 0.00000E+000,-4.58455E-003,-1.54598E-008,-1.33080E-002,-6.39279E-021, 9.73737E-005, 0.00000E+000, 2.00396E-004, 2.00141E-004, 0.00000E+000, 4.28458E-007, 0.00000E+000, 7.00000E-009, 1.55688E+002
 6.80036E+001, 1.79953E-002, 0.00000E+000,-4.58498E-003, 1.35926E-009,-1.33011E-002,-6.39287E-021, 9.98802E-005, 0.00000E+000, 2.09186E-004, 2.09051E-004, 0.00000E+000, 4.28458E-007, 0.00000E+000, 7.00000E-009, 1.56367E+002
 6.90001E+001, 1.79953E-002, 0.00000E+000,-4.58558E-003,-1.28430E-009,-1.33019E-002,-6.39292E-021, 9.93657E-005, 0.00000E+000, 2.07470E-004, 2.07238E-004, 0.00000E+000, 4.28458E-007, 0.00000E+000, 7.00000E-009, 1.57040E+002
 7.00019E+001, 1.79953E-002, 0.00000E+000,-4.58583E-003,-1.22682E-008,-1.33016E-002,-6.39296E-021, 9.93509E-005, 0.00000E+000, 2.07361E-004, 2.07227E-004, 0.00000E+000, 4.28458E-007, 0.00000E+000, 7.00000E-009, 1.57715E+002
 7.10037E+001, 1.79953E-002, 0.00000E+000,-4.58625E-003,-5.36052E-009,-1.32973E-002,-6.39297E-021, 1.00877E-004, 0.00000E+000, 2.12740E-004, 2.12608E-004, 0.00000E+000, 4.28458E-007, 0.00000E+000, 7.00000E-009, 1.58402E+002
 7.20002E+001, 1.79953E-002, 0.00000E+000,-4.58645E-003,-9.04860E-009,-1.32957E-002,-6.39295E-021, 1.01452E-004, 0.00000E+000, 2.14818E-004, 2.14577E-004, 0.00000E+000, 4.28458E-007, 0.00000E+000, 7.00000E-009, 1.59088E+002
 7.30020E+001, 1.79953E-002, 0.00000E+000,-4.58724E-003,-1.71473E-008,-1.33016E-002,-6.39295E-021, 9.87956E-005, 0.00000E+000, 2.05556E-004, 2.05209E-004, 0.00000E+000, 4.28458E-007, 0.00000E+000, 7.00000E-009, 1.59761E+002
 7.40038E+001, 1.79951E-002, 0.00000E+000,-4.58791E-003, 1.25307E-008,-1.33086E-002,-6.39294E-021, 9.56471E-005, 0.00000E+000, 1.94432E-004, 1.94322E-004, 0.00000E+000, 4.28458E-007, 0.00000E+000, 7.00000E-009, 1.60411E+002
 7.50002E+001, 1.79954E-002, 0.00000E+000,-4.58762E-003, 3.43076E-009,-1.33129E-002,-6.39283E-021, 9.42063E-005, 0.00000E+000, 1.89254E-004, 1.89063E-004, 0.00000E+000, 4.28458E-007, 0.00000E+000, 7.00000E-009, 1.61049E+002
 7.60021E+001, 1.79953E-002, 0.00000E+000,-4.58855E-003,-1.66036E-008,-1.33024E-002,-6.39278E-021, 9.79133E-005, 0.00000E+000, 2.02493E-004, 2.02237E-004, 0.00000E+000, 4.28458E-007, 0.00000E+000, 7.00000E-009, 1.61715E+002
 7.70039E+001, 1.79950E-002, 0.00000E+000,-4.58891E-003, 1.65957E-009,-1.32903E-002,-6.39274E-021, 1.02433E-004, 0.00000E+000, 2.18311E-004, 2.18283E-004, 0.00000E+000, 4.28458E-007, 0.00000E+000, 7.00000E-009, 1.62412E+002
 7.80003E+001, 1.79953E-002, 0.00000E+000,-4.58857E-003, 2.67469E-008,-1.32912E-002,-6.39252E-021, 1.02393E-004, 0.00000E+000, 2.17959E-004, 2.17936E-004, 0.00000E+000, 4.28458E-007, 0.00000E+000, 7.00000E-009, 1.63105E+002
 7.90021E+001, 1.79954E-002, 0.00000E+000,-4.59028E-003,-2.98776E-008,-1.32808E-002,-6.39241E-021, 1.05852E-004, 0.00000E+000, 2.30438E-004, 2.30160E-004, 0.00000E+000, 4.28458E-007, 0.00000E+000, 7.00000E-009, 1.63825E+002
 8.00040E+001, 1.79951E-002, 0.00000E+000,-4.59079E-003,-8.44399E-009,-1.32728E-002,-6.39233E-021, 1.08635E-004, 0.00000E+000, 2.40265E-004, 2.40093E-004, 0.00000E+000, 4.28458E-007, 0.00000E+000, 7.00000E-009, 1.64564E+002
 8.10004E+001, 1.79951E-002, 0.00000E+000,-4.58974E-003, 3.37654E-008,-1.32830E-002,-6.39206E-021, 1.05107E-004, 0.00000E+000, 2.27434E-004, 2.27580E-004, 0.00000E+000, 4.28458E-007, 0.00000E+000, 7.00000E-009, 1.65275E+002
 8.20022E+001, 1.79955E-002, 0.00000E+000,-4.59172E-003,-1.40951E-008,-1.33002E-002,-6.39192E-021, 9.76401E-005, 0.00000E+000, 2.01614E-004, 2.01228E-004, 0.00000E+000, 4.28458E-007, 0.00000E+000, 7.00000E-009, 1.65940E+002
 8.30040E+001, 1.79952E-002, 0.00000E+000,-4.59299E-003,-1.79928E-008,-1.32927E-002,-6.39179E-021, 9.99129E-005, 0.00000E+000, 2.09750E-004, 2.09358E-004, 0.00000E+000, 4.28458E-007, 0.00000E+000, 7.00000E-009, 1.66620E+002
 8.40005E+001, 1.79951E-002, 0.00000E+000,-4.59062E-003, 6.74968E-008,-1.33128E-002,-6.39148E-021, 9.28725E-005, 0.00000E+000, 1.84381E-004, 1.84607E-004, 0.00000E+000, 4.28458E-007, 0.00000E+000, 7.00000E-009, 1.67248E+002
 8.50023E+001, 1.79954E-002, 0.00000E+000,-4.59324E-003,-4.89988E-008,-1.33285E-002,-6.39131E-021, 8.57752E-005, 0.00000E+000, 1.59860E-004, 1.59407E-004, 0.00000E+000, 4.28458E-007, 0.00000E+000, 7.00000E-009, 1.67832E+002
 8.60041E+001, 1.79953E-002, 0.00000E+000,-4.59537E-003,-3.69207E-008,-1.33105E-002,-6.39110E-021, 9.18945E-005, 0.00000E+000, 1.81572E-004, 1.81299E-004, 0.00000E+000, 4.28458E-007, 0.00000E+000, 7.00000E-009, 1.68457E+002
 8.70006E+001, 1.79950E-002, 0.00000E+000,-4.59162E-003, 9.18436E-008,-1.33207E-002,-6.39083E-021, 8.92704E-005, 0.00000E+000, 1.71528E-004, 1.72041E-004, 0.00000E+000, 4.28458E-007, 0.00000E+000, 7.00000E-009, 1.69060E+002
 8.80024E+001, 1.79955E-002, 0.00000E+000,-4.59365E-003,-2.81477E-008,-1.33356E-002,-6.39071E-021, 8.29225E-005, 0.00000E+000, 1.49778E-004, 1.49151E-004, 0.00000E+000, 4.28458E-007, 0.00000E+000, 7.00000E-009, 1.69625E+002
 8.90042E+001, 1.79952E-002, 0.00000E+000,-4.59666E-003,-5.69465E-008,-1.33048E-002,-6.39051E-021, 9.35361E-005, 0.00000E+000, 1.87346E-004, 1.87282E-004, 0.00000E+000, 4.28458E-007, 0.00000E+000, 7.00000E-009, 1.70261E+002
 9.00007E+001, 1.79950E-002, 0.00000E+000,-4.59310E-003, 1.65353E-007,-1.32727E-002,-6.39030E-021, 1.07778E-004, 0.00000E+000, 2.36637E-004, 2.37149E-004, 0.00000E+000, 4.28458E-007, 0.00000E+000, 7.00000E-009, 1.70990E+002
 9.10025E+001, 1.79955E-002, 0.00000E+000,-4.59400E-003,-4.05848E-008,-1.32927E-002,-6.39019E-021, 9.99442E-005, 0.00000E+000, 2.09749E-004, 2.08736E-004, 0.00000E+000, 4.28458E-007, 0.00000E+000, 7.00000E-009, 1.71671E+002
 9.20043E+001, 1.79955E-002, 0.00000E+000,-4.59861E-003, 1.08895E-009,-1.32651E-002,-6.38997E-021, 1.08653E-004, 0.00000E+000, 2.40694E-004, 2.40482E-004, 0.00000E+000, 4.28458E-007, 0.00000E+000, 7.00000E-009, 1.72410E+002
 9.30007E+001, 1.79946E-002, 0.00000E+000,-4.59489E-003, 1.41321E-007,-1.32499E-002,-6.38986E-021, 1.16016E-004, 0.00000E+000, 2.65537E-004, 2.65979E-004, 0.00000E+000, 4.28458E-007, 0.00000E+000, 7.00000E-009, 1.73194E+002
 9.40026E+001, 1.79952E-002, 0.00000E+000,-4.59430E-003, 8.61064E-009,-1.32403E-002,-6.38958E-021, 1.20564E-004, 0.00000E+000, 2.82241E-004, 2.81229E-004, 0.00000E+000, 4.28458E-007, 0.00000E+000, 7.00000E-009, 1.74015E+002
 9.50044E+001, 1.79970E-002, 0.00000E+000,-4.60097E-003,-1.32483E-007,-1.32289E-002,-6.38947E-021, 1.22745E-004, 0.00000E+000, 2.90332E-004, 2.89792E-004, 0.00000E+000, 4.28458E-007, 0.00000E+000, 7.00000E-009, 1.74850E+002
 9.60010E+001, 1.79989E-002, 0.00000E+000,-4.59828E-003, 1.52839E-007,-1.32441E-002,-6.38936E-021, 1.18611E-004, 0.00000E+000, 2.75276E-004, 2.75311E-004, 0.00000E+000, 4.28458E-007, 0.00000E+000, 7.00000E-009, 1.75653E+002
 9.70033E+001, 1.79917E-002, 0.00000E+000,-4.59736E-003, 3.18761E-007,-1.32812E-002,-6.38882E-021, 1.01511E-004, 0.00000E+000, 2.14469E-004, 2.14926E-004, 0.00000E+000, 4.28458E-007, 0.00000E+000, 7.00000E-009, 1.76343E+002
 9.80009E+001, 1.79957E-002, 0.00000E+000,-4.59821E-003,-1.21778E-007,-1.32270E-002,-6.38898E-021, 1.24285E-004, 0.00000E+000, 2.95702E-004, 2.94638E-004, 0.00000E+000, 4.28458E-007, 0.00000E+000, 7.00000E-009, 1.77186E+002
 9.90038E+001, 1.79954E-002, 0.00000E+000,-4.60367E-003, 1.23924E-007,-1.32224E-002,-6.38858E-021, 1.23548E-004, 0.00000E+000, 2.92817E-004, 2.93028E-004, 0.00000E+000, 4.28458E-007, 0.00000E+000, 7.00000E-009, 1.78027E+002
 1.00001E+002, 1.79979E-002, 0.00000E+000,-4.60132E-003, 2.51906E-007,-1.32228E-002,-6.38850E-021, 1.25492E-004, 0.00000E+000, 2.99165E-004, 2.99601E-004, 0.00000E+000, 4.28458E-007, 0.00000E+000, 7.00000E-009, 1.78877E+002
 1.01003E+002, 1.79910E-002, 0.00000E+000,-4.59840E-003, 1.93449E-007,-1.32309E-002,-6.38799E-021, 1.20839E-004, 0.00000E+000, 2.83056E-004, 2.82753E-004, 0.00000E+000, 4.28458E-007, 0.00000E+000, 7.00000E-009, 1.79699E+002
 1.02005E+002, 1.79964E-002, 0.00000E+000,-4.60195E-003,-4.47117E-008,-1.31898E-002,-6.38811E-021, 1.37965E-004, 0.00000E+000, 3.43951E-004, 3.42646E-004, 0.00000E+000, 4.28458E-007, 0.00000E+000, 7.00000E-009, 1.80638E+002
 1.03005E+002, 1.79987E-002, 0.00000E+000,-4.60580E-003, 2.06838E-007,-1.31869E-002,-6.38773E-021, 1.38028E-004, 0.00000E+000, 3.43678E-004, 3.44233E-004, 0.00000E+000, 4.28458E-007, 0.00000E+000, 7.00000E-009, 1.81575E+002
 1.04002E+002, 1.79950E-002, 0.00000E+000,-4.60472E-003, 4.87837E-007,-1.32057E-002,-6.38768E-021, 1.29679E-004, 0.00000E+000, 3.14245E-004, 3.14723E-004, 0.00000E+000, 4.28458E-007, 0.00000E+000, 7.00000E-009, 1.82454E+002
 1.05001E+002, 1.79950E-002, 0.00000E+000,-4.60500E-003, 3.13186E-007,-1.32483E-002,-6.38728E-021, 1.12885E-004, 0.00000E+000, 2.55241E-004, 2.54921E-004, 0.00000E+000, 4.28458E-007, 0.00000E+000, 7.00000E-009, 1.83219E+002
 1.06004E+002, 1.79937E-002, 0.00000E+000,-4.60215E-003,-3.99077E-008,-1.32386E-002,-6.38714E-021, 1.17601E-004, 0.00000E+000, 2.72574E-004, 2.70549E-004, 0.00000E+000, 4.28458E-007, 0.00000E+000, 7.00000E-009, 1.84023E+002
 1.07005E+002, 1.79946E-002, 0.00000E+000,-4.60628E-003, 1.66523E-007,-1.32377E-002,-6.38718E-021, 1.16283E-004, 0.00000E+000, 2.67563E-004, 2.67066E-004, 0.00000E+000, 4.28458E-007, 0.00000E+000, 7.00000E-009, 1.84813E+002
 1.08004E+002, 1.79977E-002, 0.00000E+000,-4.60862E-003, 3.33939E-007,-1.32721E-002,-6.38681E-021, 1.02736E-004, 0.00000E+000, 2.19477E-004, 2.20067E-004, 0.00000E+000, 4.28458E-007, 0.00000E+000, 7.00000E-009, 1.85510E+002
 1.09003E+002, 1.79950E-002, 0.00000E+000,-4.60791E-003, 5.59198E-007,-1.33104E-002,-6.38668E-021, 8.68577E-005, 0.00000E+000, 1.63947E-004, 1.64070E-004, 0.00000E+000, 4.28458E-007, 0.00000E+000, 7.00000E-009, 1.86099E+002
 1.10004E+002, 1.79972E-002, 0.00000E+000,-4.60849E-003, 4.22951E-007,-1.33283E-002,-6.38647E-021, 8.04503E-005, 0.00000E+000, 1.40752E-004, 1.41201E-004, 0.00000E+000, 4.28458E-007, 0.00000E+000, 7.00000E-009, 1.86646E+002
 1.11001E+002, 1.79907E-002, 0.00000E+000,-4.60489E-003, 8.92665E-008,-1.32988E-002,-6.38604E-021, 9.12714E-005, 0.00000E+000, 1.80154E-004, 1.78417E-004, 0.00000E+000, 4.28458E-007, 0.00000E+000, 7.00000E-009, 1.87265E+002
 1.12004E+002, 1.79949E-002, 0.00000E+000,-4.60647E-003, 7.48451E-008,-1.32833E-002,-6.38591E-021, 9.84465E-005, 0.00000E+000, 2.04868E-004, 2.03657E-004, 0.00000E+000, 4.28458E-007, 0.00000E+000, 7.00000E-009, 1.87937E+002
 1.13001E+002, 1.79975E-002, 0.00000E+000,-4.61069E-003, 2.56666E-007,-1.32806E-002,-6.38578E-021, 9.85169E-005, 0.00000E+000, 2.04867E-004, 2.05028E-004, 0.00000E+000, 4.28458E-007, 0.00000E+000, 7.00000E-009, 1.88604E+002
 1.14001E+002, 1.79968E-002, 0.00000E+000,-4.61105E-003, 3.32437E-007,-1.32808E-002,-6.38535E-021, 9.78661E-005, 0.00000E+000, 2.02278E-004, 2.03192E-004, 0.00000E+000, 4.28458E-007, 0.00000E+000, 7.00000E-009, 1.89268E+002
 1.15003E+002, 1.79958E-002, 0.00000E+000,-4.61207E-003, 8.41996E-007,-1.32701E-002,-6.38518E-021, 1.01432E-004, 0.00000E+000, 2.14670E-004, 2.15894E-004, 0.00000E+000, 4.28458E-007, 0.00000E+000, 7.00000E-009, 1.89957E+002
 1.16000E+002, 1.79921E-002, 0.00000E+000,-4.60957E-003, 6.89284E-007,-1.32824E-002,-6.38497E-021, 9.63960E-005, 0.00000E+000, 1.97339E-004, 1.97161E-004, 0.00000E+000, 4.28458E-007, 0.00000E+000, 7.00000E-009, 1.90611E+002
 1.17005E+002, 1.79906E-002, 0.00000E+000,-4.60928E-003, 2.68012E-007,-1.32485E-002,-6.38455E-021, 1.09541E-004, 0.00000E+000, 2.44717E-004, 2.42668E-004, 0.00000E+000, 4.28458E-007, 0.00000E+000, 7.00000E-009, 1.91360E+002
 1.18002E+002, 1.79979E-002, 0.00000E+000,-4.60956E-003, 3.10296E-007,-1.32439E-002,-6.38435E-021, 1.13978E-004, 0.00000E+000, 2.59540E-004, 2.58716E-004, 0.00000E+000, 4.28458E-007, 0.00000E+000, 7.00000E-009, 1.92133E+002
 1.19004E+002, 1.79959E-002, 0.00000E+000,-4.61311E-003, 3.74346E-007,-1.32652E-002,-6.38425E-021, 1.03044E-004, 0.00000E+000, 2.20612E-004, 2.21027E-004, 0.00000E+000, 4.28458E-007, 0.00000E+000, 7.00000E-009, 1.92834E+002
 1.20001E+002, 1.79984E-002, 0.00000E+000,-4.61493E-003, 3.77768E-007,-1.32841E-002,-6.38386E-021, 9.56551E-005, 0.00000E+000, 1.94635E-004, 1.95467E-004, 0.00000E+000, 4.28458E-007, 0.00000E+000, 7.00000E-009, 1.93481E+002
 1.21003E+002, 1.79925E-002, 0.00000E+000,-4.61634E-003, 7.13510E-007,-1.32779E-002,-6.38354E-021, 9.52822E-005, 0.00000E+000, 1.93676E-004, 1.94182E-004, 0.00000E+000, 4.28458E-007, 0.00000E+000, 7.00000E-009, 1.94129E+002
 1.22002E+002, 1.79942E-002, 0.00000E+000,-4.61294E-003, 8.21235E-007,-1.32894E-002,-6.38338E-021, 9.27842E-005, 0.00000E+000, 1.83825E-004, 1.85486E-004, 0.00000E+000, 4.28458E-007, 0.00000E+000, 7.00000E-009, 1.94756E+002
 1.23003E+002, 1.79957E-002, 0.00000E+000,-4.61451E-003, 1.32099E-007,-1.32741E-002,-6.38293E-021, 9.92846E-005, 0.00000E+000, 2.08505E-004, 2.06504E-004, 0.00000E+000, 4.28458E-007, 0.00000E+000, 7.00000E-009, 1.95434E+002
 1.24000E+002, 1.79949E-002, 0.00000E+000,-4.61181E-003, 3.04318E-007,-1.32594E-002,-6.38268E-021, 1.05643E-004, 0.00000E+000, 2.30231E-004, 2.29572E-004, 0.00000E+000, 4.28458E-007, 0.00000E+000, 7.00000E-009, 1.96150E+002
 1.25002E+002, 1.79955E-002, 0.00000E+000,-4.61531E-003, 3.75149E-007,-1.32646E-002,-6.38267E-021, 1.02355E-004, 0.00000E+000, 2.18181E-004, 2.18340E-004, 0.00000E+000, 4.28458E-007, 0.00000E+000, 7.00000E-009, 1.96846E+002
 1.26004E+002, 1.79955E-002, 0.00000E+000,-4.61843E-003, 4.72018E-007,-1.32814E-002,-6.38240E-021, 9.43223E-005, 0.00000E+000, 1.90322E-004, 1.90478E-004, 0.00000E+000, 4.28458E-007, 0.00000E+000, 7.00000E-009, 1.97488E+002
 1.27005E+002, 1.79953E-002, 0.00000E+000,-4.61967E-003, 7.27783E-007,-1.33002E-002,-6.38208E-021, 8.62126E-005, 0.00000E+000, 1.61559E-004, 1.62377E-004, 0.00000E+000, 4.28458E-007, 0.00000E+000, 7.00000E-009, 1.98074E+002
 1.28003E+002, 1.79986E-002, 0.00000E+000,-4.61755E-003, 9.49524E-007,-1.33375E-002,-6.38207E-021, 7.35591E-005, 0.00000E+000, 1.16304E-004, 1.18002E-004, 0.00000E+000, 4.28458E-007, 0.00000E+000, 7.00000E-009, 1.98571E+002
 1.29002E+002, 1.79919E-002, 0.00000E+000,-4.61622E-003, 2.60873E-007,-1.33506E-002,-6.38172E-021, 6.67687E-005, 0.00000E+000, 9.39804E-005, 9.20904E-005, 0.00000E+000, 4.28458E-007, 0.00000E+000, 7.00000E-009, 1.99026E+002
 1.30001E+002, 1.79935E-002, 0.00000E+000,-4.61375E-003, 3.18740E-007,-1.33347E-002,-6.38148E-021, 7.46169E-005, 0.00000E+000, 1.21572E-004, 1.19993E-004, 0.00000E+000, 4.28458E-007, 0.00000E+000, 7.00000E-009, 1.99534E+002
 1.31003E+002, 1.79930E-002, 0.00000E+000,-4.61608E-003, 3.84220E-007,-1.33329E-002,-6.38151E-021, 7.40677E-005, 0.00000E+000, 1.18775E-004, 1.18438E-004, 0.00000E+000, 4.28458E-007, 0.00000E+000, 7.00000E-009, 2.00038E+002
 1.32003E+002, 1.79977E-002, 0.00000E+000,-4.62064E-003, 6.54853E-007,-1.33329E-002,-6.38137E-021, 7.39329E-005, 0.00000E+000, 1.18598E-004, 1.18806E-004, 0.00000E+000, 4.28458E-007, 0.00000E+000, 7.00000E-009, 2.00540E+002
 1.33004E+002, 1.79976E-002, 0.00000E+000,-4.62107E-003, 9.59901E-007,-1.33390E-002,-6.38099E-021, 7.10893E-005, 0.00000E+000, 1.08174E-004, 1.09567E-004, 0.00000E+000, 4.28458E-007, 0.00000E+000, 7.00000E-009, 2.01023E+002
 1.34004E+002, 1.79936E-002, 0.00000E+000,-4.61866E-003, 1.26210E-006,-1.33445E-002,-6.38100E-021, 6.83863E-005, 0.00000E+000, 9.83425E-005, 1.00056E-004, 0.00000E+000, 4.28458E-007, 0.00000E+000, 7.00000E-009, 2.01486E+002
 1.35000E+002, 1.79973E-002, 0.00000E+000,-4.61920E-003, 6.12718E-007,-1.33527E-002,-6.38071E-021, 6.68356E-005, 0.00000E+000, 9.40603E-005, 9.28041E-005, 0.00000E+000, 4.28458E-007, 0.00000E+000, 7.00000E-009, 2.01940E+002
 1.36001E+002, 1.79881E-002, 0.00000E+000,-4.61488E-003, 4.94259E-007,-1.33356E-002,-6.38034E-021, 7.16721E-005, 0.00000E+000, 1.11132E-004, 1.09811E-004, 0.00000E+000, 4.28458E-007, 0.00000E+000, 7.00000E-009, 2.02429E+002
 1.37003E+002, 1.79949E-002, 0.00000E+000,-4.61724E-003, 6.21251E-007,-1.33272E-002,-6.38037E-021, 7.67060E-005, 0.00000E+000, 1.28385E-004, 1.27808E-004, 0.00000E+000, 4.28458E-007, 0.00000E+000, 7.00000E-009, 2.02952E+002
 1.38004E+002, 1.79975E-002, 0.00000E+000,-4.62256E-003, 7.21656E-007,-1.33248E-002,-6.38023E-021, 7.62458E-005, 0.00000E+000, 1.26684E-004, 1.27060E-004, 0.00000E+000, 4.28458E-007, 0.00000E+000, 7.00000E-009, 2.03469E+002
 1.39000E+002, 1.79985E-002, 0.00000E+000,-4.62161E-003, 7.24745E-007,-1.33329E-002,-6.37986E-021, 7.36339E-005, 0.00000E+000, 1.17331E-004, 1.18307E-004, 0.00000E+000, 4.28458E-007, 0.00000E+000, 7.00000E-009, 2.03967E+002
 1.40002E+002, 1.79935E-002, 0.00000E+000,-4.62116E-003, 1.07767E-006,-1.33494E-002,-6.37978E-021, 6.53316E-005, 0.00000E+000, 8.78073E-005, 8.92873E-005, 0.00000E+000, 4.28458E-007, 0.00000E+000, 7.00000E-009, 2.04411E+002
 1.41004E+002, 1.79945E-002, 0.00000E+000,-4.61991E-003, 5.77277E-007,-1.33911E-002,-6.37956E-021, 5.00408E-005, 0.00000E+000, 3.43196E-005, 3.40505E-005, 0.00000E+000, 4.28458E-007, 0.00000E+000, 7.00000E-009, 2.04752E+002
 1.42002E+002, 1.79958E-002, 0.00000E+000,-4.61842E-003, 9.38034E-008,-1.34014E-002,-6.37919E-021, 4.71457E-005, 0.00000E+000, 2.48074E-005, 2.32371E-005, 0.00000E+000, 4.28458E-007, 0.00000E+000, 7.00000E-009, 2.05073E+002
 1.43004E+002, 1.79948E-002, 0.00000E+000,-4.61863E-003, 1.17772E-007,-1.33948E-002,-6.37925E-021, 4.91797E-005, 0.00000E+000, 3.12692E-005, 3.05946E-005, 0.00000E+000, 4.28458E-007, 0.00000E+000, 7.00000E-009, 2.05408E+002
 1.44001E+002, 1.79968E-002, 0.00000E+000,-4.62269E-003, 2.53885E-007,-1.33572E-002,-6.37925E-021, 6.29564E-005, 0.00000E+000, 7.94949E-005, 8.01252E-005, 0.00000E+000, 4.28458E-007, 0.00000E+000, 7.00000E-009, 2.05833E+002
 1.45003E+002, 1.79961E-002, 0.00000E+000,-4.62206E-003, 2.33754E-007,-1.33443E-002,-6.37900E-021, 6.79974E-005, 0.00000E+000, 9.70115E-005, 9.79390E-005, 0.00000E+000, 4.28458E-007, 0.00000E+000, 7.00000E-009, 2.06295E+002
 1.46000E+002, 1.79931E-002, 0.00000E+000,-4.62161E-003, 6.45041E-007,-1.33347E-002,-6.37907E-021, 7.09568E-005, 0.00000E+000, 1.07681E-004, 1.08363E-004, 0.00000E+000, 4.28458E-007, 0.00000E+000, 7.00000E-009, 2.06775E+002
 1.47002E+002, 1.79946E-002, 0.00000E+000,-4.62045E-003, 2.89177E-007,-1.33647E-002,-6.37905E-021, 6.03179E-005, 0.00000E+000, 7.02355E-005, 7.00032E-005, 0.00000E+000, 4.28458E-007, 0.00000E+000, 7.00000E-009, 2.07186E+002
 1.48002E+002, 1.79948E-002, 0.00000E+000,-4.61966E-003, 2.66257E-008,-1.33783E-002,-6.37892E-021, 5.53889E-005, 0.00000E+000, 5.34085E-005, 5.22639E-005, 0.00000E+000, 4.28458E-007, 0.00000E+000, 7.00000E-009, 2.07563E+002
 1.49001E+002, 1.79952E-002, 0.00000E+000,-4.61933E-003, 9.99015E-008,-1.33550E-002,-6.37901E-021, 6.50553E-005, 0.00000E+000, 8.72359E-005, 8.61208E-005, 0.00000E+000, 4.28458E-007, 0.00000E+000, 7.00000E-009, 2.08005E+002
 1.50005E+002, 1.79953E-002, 0.00000E+000,-4.61959E-003, 1.61928E-007,-1.33111E-002,-6.37917E-021, 8.21042E-005, 0.00000E+000, 1.46512E-004, 1.46842E-004, 0.00000E+000, 4.28458E-007, 0.00000E+000, 7.00000E-009, 2.08564E+002
 1.51004E+002, 1.79963E-002, 0.00000E+000,-4.62378E-003, 2.06102E-007,-1.32879E-002,-6.37918E-021, 8.99939E-005, 0.00000E+000, 1.74597E-004, 1.74869E-004, 0.00000E+000, 4.28458E-007, 0.00000E+000, 7.00000E-009, 2.09174E+002
 1.52003E+002, 1.79983E-002, 0.00000E+000,-4.62335E-003, 1.22429E-007,-1.32781E-002,-6.37909E-021, 9.48843E-005, 0.00000E+000, 1.92235E-004, 1.91861E-004, 0.00000E+000, 4.28458E-007, 0.00000E+000, 7.00000E-009, 2.09818E+002
 1.53002E+002, 1.79927E-002, 0.00000E+000,-4.62452E-003, 2.53294E-007,-1.32659E-002,-6.37896E-021, 9.68769E-005, 0.00000E+000, 1.98723E-004, 1.99452E-004, 0.00000E+000, 4.28458E-007, 0.00000E+000, 7.00000E-009, 2.10475E+002
 1.54001E+002, 1.79890E-002, 0.00000E+000,-4.62176E-003, 3.29107E-007,-1.33064E-002,-6.37899E-021, 8.05370E-005, 0.00000E+000, 1.41027E-004, 1.41774E-004, 0.00000E+000, 4.28458E-007, 0.00000E+000, 7.00000E-009, 2.11020E+002
 1.55001E+002, 1.79951E-002, 0.00000E+000,-4.62380E-003, 3.10251E-007,-1.32998E-002,-6.37894E-021, 8.48817E-005, 0.00000E+000, 1.56576E-004, 1.56641E-004, 0.00000E+000, 4.28458E-007, 0.00000E+000, 7.00000E-009, 2.11596E+002
 1.56000E+002, 1.79953E-002, 0.00000E+000,-4.62322E-003, 1.26481E-007,-1.33100E-002,-6.37866E-021, 8.13357E-005, 0.00000E+000, 1.44699E-004, 1.43539E-004, 0.00000E+000, 4.28458E-007, 0.00000E+000, 7.00000E-009, 2.12149E+002
 1.57005E+002, 1.79974E-002, 0.00000E+000,-4.62326E-003, 1.56357E-007,-1.33572E-002,-6.37825E-021, 6.33257E-005, 0.00000E+000, 8.12074E-005, 8.04569E-005, 0.00000E+000, 4.28458E-007, 0.00000E+000, 7.00000E-009, 2.12582E+002
 1.58001E+002, 1.79958E-002, 0.00000E+000,-4.62207E-003, 8.05629E-008,-1.34015E-002,-6.37795E-021, 4.55518E-005, 0.00000E+000, 1.82576E-005, 1.78661E-005, 0.00000E+000, 4.28458E-007, 0.00000E+000, 7.00000E-009, 2.12890E+002
 1.59004E+002, 1.79958E-002, 0.00000E+000,-4.62264E-003,-1.54600E-009,-1.33724E-002,-6.37784E-021, 5.67809E-005, 0.00000E+000, 5.74424E-005, 5.74796E-005, 0.00000E+000, 4.28458E-007, 0.00000E+000, 7.00000E-009, 2.13277E+002
 1.60000E+002, 1.79959E-002, 0.00000E+000,-4.62506E-003, 1.31375E-007,-1.32988E-002,-6.37767E-021, 8.48704E-005, 0.00000E+000, 1.56241E-004, 1.57061E-004, 0.00000E+000, 4.28458E-007, 0.00000E+000, 7.00000E-009, 2.13850E+002
 1.61001E+002, 1.79972E-002, 0.00000E+000,-4.62680E-003, 1.21138E-007,-1.32805E-002,-6.37745E-021, 9.20935E-005, 0.00000E+000, 1.82822E-004, 1.82115E-004, 0.00000E+000, 4.28458E-007, 0.00000E+000, 7.00000E-009, 2.14477E+002
 1.62002E+002, 1.79957E-002, 0.00000E+000,-4.62671E-003, 1.77264E-007,-1.32987E-002,-6.37719E-021, 8.41535E-005, 0.00000E+000, 1.54019E-004, 1.54606E-004, 0.00000E+000, 4.28458E-007, 0.00000E+000, 7.00000E-009, 2.15048E+002
 1.63003E+002, 1.79928E-002, 0.00000E+000,-4.62506E-003, 2.37366E-007,-1.33471E-002,-6.37711E-021, 6.47612E-005, 0.00000E+000, 8.68667E-005, 8.56617E-005, 0.00000E+000, 4.28458E-007, 0.00000E+000, 7.00000E-009, 2.15489E+002
 1.64004E+002, 1.79946E-002, 0.00000E+000,-4.62489E-003, 1.83106E-007,-1.34151E-002,-6.37707E-021, 3.82508E-005, 0.00000E+000,-7.94670E-006,-7.01439E-006, 0.00000E+000, 4.28458E-007, 0.00000E+000, 7.00000E-009, 2.15748E+002
 1.65005E+002, 1.79952E-002, 0.00000E+000,-4.62528E-003, 8.52366E-008,-1.34224E-002,-6.37690E-021, 3.56594E-005, 0.00000E+000,-1.65910E-005,-1.67767E-005, 0.00000E+000, 4.28458E-007, 0.00000E+000, 7.00000E-009, 2.15991E+002
 1.66001E+002, 1.79957E-002, 0.00000E+000,-4.62401E-003,-9.88225E-009,-1.33992E-002,-6.37666E-021, 4.56250E-005, 0.00000E+000, 1.87070E-005, 1.80756E-005, 0.00000E+000, 4.28458E-007, 0.00000E+000, 7.00000E-009, 2.16300E+002
 1.67002E+002, 1.79950E-002, 0.00000E+000,-4.62303E-003,-3.36090E-008,-1.33787E-002,-6.37652E-021, 5.38872E-005, 0.00000E+000, 4.77877E-005, 4.70240E-005, 0.00000E+000, 4.28458E-007, 0.00000E+000, 7.00000E-009, 2.16667E+002
 1.68003E+002, 1.79948E-002, 0.00000E+000,-4.62312E-003,-2.25360E-008,-1.33688E-002,-6.37644E-021, 5.76903E-005, 0.00000E+000, 6.07309E-005, 6.05657E-005, 0.00000E+000, 4.28458E-007, 0.00000E+000, 7.00000E-009, 2.17059E+002
 1.69004E+002, 1.79955E-002, 0.00000E+000,-4.62464E-003, 8.57276E-008,-1.33445E-002,-6.37631E-021, 6.69135E-005, 0.00000E+000, 9.31005E-005, 9.33745E-005, 0.00000E+000, 4.28458E-007, 0.00000E+000, 7.00000E-009, 2.17513E+002
 1.70005E+002, 1.79961E-002, 0.00000E+000,-4.62709E-003, 2.18402E-007,-1.33265E-002,-6.37611E-021, 7.33063E-005, 0.00000E+000, 1.15924E-004, 1.16029E-004, 0.00000E+000, 4.28458E-007, 0.00000E+000, 7.00000E-009, 2.18012E+002
 1.71000E+002, 1.79979E-002, 0.00000E+000,-4.62680E-003, 1.70704E-007,-1.33186E-002,-6.37589E-021, 7.72825E-005, 0.00000E+000, 1.30409E-004, 1.29999E-004, 0.00000E+000, 4.28458E-007, 0.00000E+000, 7.00000E-009, 2.18535E+002
 1.72001E+002, 1.79948E-002, 0.00000E+000,-4.62752E-003, 2.87995E-007,-1.33123E-002,-6.37569E-021, 7.79814E-005, 0.00000E+000, 1.31995E-004, 1.33280E-004, 0.00000E+000, 4.28458E-007, 0.00000E+000, 7.00000E-009, 2.19063E+002
 1.73002E+002, 1.79927E-002, 0.00000E+000,-4.62566E-003, 1.76686E-007,-1.33169E-002,-6.37567E-021, 7.63342E-005, 0.00000E+000, 1.26489E-004, 1.26660E-004, 0.00000E+000, 4.28458E-007, 0.00000E+000, 7.00000E-009, 2.19582E+002
 1.74003E+002, 1.79947E-002, 0.00000E+000,-4.62491E-003, 1.48619E-007,-1.33243E-002,-6.37571E-021, 7.45235E-005, 0.00000E+000, 1.20452E-004, 1.20196E-004, 0.00000E+000, 4.28458E-007, 0.00000E+000, 7.00000E-009, 2.20089E+002
 1.75000E+002, 1.79971E-002, 0.00000E+000,-4.62750E-003, 1.78808E-007,-1.33797E-002,-6.37579E-021, 5.24581E-005, 0.00000E+000, 4.26936E-005, 4.25912E-005, 0.00000E+000, 4.28458E-007, 0.00000E+000, 7.00000E-009, 2.20444E+002
 1.76002E+002, 1.79926E-002, 0.00000E+000,-4.62474E-003, 1.21203E-007,-1.33663E-002,-6.37578E-021, 5.71752E-005, 0.00000E+000, 5.93761E-005, 5.88521E-005, 0.00000E+000, 4.28458E-007, 0.00000E+000, 7.00000E-009, 2.20834E+002
 1.77004E+002, 1.79954E-002, 0.00000E+000,-4.62550E-003, 1.22523E-007,-1.33608E-002,-6.37574E-021, 6.01025E-005, 0.00000E+000, 6.96317E-005, 6.93508E-005, 0.00000E+000, 4.28458E-007, 0.00000E+000, 7.00000E-009, 2.21243E+002
 1.78001E+002, 1.79960E-002, 0.00000E+000,-4.62571E-003, 1.29970E-007,-1.33689E-002,-6.37566E-021, 5.70250E-005, 0.00000E+000, 5.86960E-005, 5.85118E-005, 0.00000E+000, 4.28458E-007, 0.00000E+000, 7.00000E-009, 2.21629E+002
 1.79002E+002, 1.79951E-002, 0.00000E+000,-4.62513E-003, 5.82638E-008,-1.33613E-002,-6.37560E-021, 5.99323E-005, 0.00000E+000, 6.87383E-005, 6.86295E-005, 0.00000E+000, 4.28458E-007, 0.00000E+000, 7.00000E-009, 2.22037E+002
 1.80004E+002, 1.79949E-002, 0.00000E+000,-4.62510E-003, 1.63167E-008,-1.33394E-002,-6.37551E-021, 6.85904E-005, 0.00000E+000, 9.94138E-005, 9.90255E-005, 0.00000E+000, 4.28458E-007, 0.00000E+000, 7.00000E-009, 2.22504E+002
 1.81000E+002, 1.79949E-002, 0.00000E+000,-4.62458E-003, 3.88928E-008,-1.33194E-002,-6.37539E-021, 7.66407E-005, 0.00000E+000, 1.27428E-004, 1.27632E-004, 0.00000E+000, 4.28458E-007, 0.00000E+000, 7.00000E-009, 2.23022E+002
 1.82002E+002, 1.79951E-002, 0.00000E+000,-4.62650E-003, 1.06376E-007,-1.33083E-002,-6.37524E-021, 8.03690E-005, 0.00000E+000, 1.40685E-004, 1.40832E-004, 0.00000E+000, 4.28458E-007, 0.00000E+000, 7.00000E-009, 2.23569E+002
 1.83003E+002, 1.79952E-002, 0.00000E+000,-4.62668E-003, 1.15825E-007,-1.33279E-002,-6.37507E-021, 7.25276E-005, 0.00000E+000, 1.13121E-004, 1.13256E-004, 0.00000E+000, 4.28458E-007, 0.00000E+000, 7.00000E-009, 2.24062E+002
 1.84005E+002, 1.79953E-002, 0.00000E+000,-4.62718E-003, 1.71424E-007,-1.33408E-002,-6.37489E-021, 6.72557E-005, 0.00000E+000, 9.47465E-005, 9.47370E-005, 0.00000E+000, 4.28458E-007, 0.00000E+000, 7.00000E-009, 2.24519E+002
 1.85001E+002, 1.79955E-002, 0.00000E+000,-4.62768E-003, 9.70786E-008,-1.33457E-002,-6.37471E-021, 6.52706E-005, 0.00000E+000, 8.79087E-005, 8.75806E-005, 0.00000E+000, 4.28458E-007, 0.00000E+000, 7.00000E-009, 2.24961E+002
 1.86003E+002, 1.79956E-002, 0.00000E+000,-4.62761E-003, 8.65194E-008,-1.33673E-002,-6.37452E-021, 5.67435E-005, 0.00000E+000, 5.78744E-005, 5.76015E-005, 0.00000E+000, 4.28458E-007, 0.00000E+000, 7.00000E-009, 2.25347E+002
 1.87004E+002, 1.79960E-002, 0.00000E+000,-4.62813E-003, 8.76951E-008,-1.33891E-002,-6.37432E-021, 4.80030E-005, 0.00000E+000, 2.71950E-005, 2.68404E-005, 0.00000E+000, 4.28458E-007, 0.00000E+000, 7.00000E-009, 2.25674E+002
 1.88001E+002, 1.79971E-002, 0.00000E+000,-4.62868E-003, 1.19066E-007,-1.34098E-002,-6.37409E-021, 3.99833E-005, 0.00000E+000,-1.16122E-006,-1.23414E-006, 0.00000E+000, 4.28458E-007, 0.00000E+000, 7.00000E-009, 2.25945E+002
 1.89002E+002, 1.79966E-002, 0.00000E+000,-4.62819E-003, 1.70241E-007,-1.34072E-002,-6.37383E-021, 4.08408E-005, 0.00000E+000, 1.37971E-006, 2.22740E-006, 0.00000E+000, 4.28458E-007, 0.00000E+000, 7.00000E-009, 2.26222E+002
 1.90004E+002, 1.79935E-002, 0.00000E+000,-4.62685E-003, 1.85114E-007,-1.33977E-002,-6.37358E-021, 4.39784E-005, 0.00000E+000, 1.26464E-005, 1.31234E-005, 0.00000E+000, 4.28458E-007, 0.00000E+000, 7.00000E-009, 2.26520E+002
 1.91000E+002, 1.79931E-002, 0.00000E+000,-4.62597E-003, 2.53265E-007,-1.33891E-002,-6.37337E-021, 4.76247E-005, 0.00000E+000, 2.56305E-005, 2.58533E-005, 0.00000E+000, 4.28458E-007, 0.00000E+000, 7.00000E-009, 2.26842E+002
 1.92002E+002, 1.79948E-002, 0.00000E+000,-4.62588E-003, 2.00448E-007,-1.33572E-002,-6.37320E-021, 6.09781E-005, 0.00000E+000, 7.23882E-005, 7.29156E-005, 0.00000E+000, 4.28458E-007, 0.00000E+000, 7.00000E-009, 2.27256E+002
 1.93003E+002, 1.79949E-002, 0.00000E+000,-4.62667E-003, 1.35153E-007,-1.33200E-002,-6.37301E-021, 7.55685E-005, 0.00000E+000, 1.23917E-004, 1.23945E-004, 0.00000E+000, 4.28458E-007, 0.00000E+000, 7.00000E-009, 2.27770E+002
 1.94005E+002, 1.79950E-002, 0.00000E+000,-4.62612E-003, 1.01386E-007,-1.32909E-002,-6.37278E-021, 8.74192E-005, 0.00000E+000, 1.65942E-004, 1.65531E-004, 0.00000E+000, 4.28458E-007, 0.00000E+000, 7.00000E-009, 2.28365E+002
 1.95001E+002, 1.79954E-002, 0.00000E+000,-4.62633E-003, 1.13198E-007,-1.32774E-002,-6.37252E-021, 9.28122E-005, 0.00000E+000, 1.84801E-004, 1.84588E-004, 0.00000E+000, 4.28458E-007, 0.00000E+000, 7.00000E-009, 2.28994E+002
 1.96003E+002, 1.79955E-002, 0.00000E+000,-4.62779E-003, 1.31575E-007,-1.32768E-002,-6.37228E-021, 9.25448E-005, 0.00000E+000, 1.83853E-004, 1.83620E-004, 0.00000E+000, 4.28458E-007, 0.00000E+000, 7.00000E-009, 2.29623E+002
 1.97004E+002, 1.79952E-002, 0.00000E+000,-4.62714E-003, 1.36882E-007,-1.32826E-002,-6.37209E-021, 9.04366E-005, 0.00000E+000, 1.76503E-004, 1.76047E-004, 0.00000E+000, 4.28458E-007, 0.00000E+000, 7.00000E-009, 2.30239E+002
 1.98001E+002, 1.79949E-002, 0.00000E+000,-4.62714E-003, 6.18896E-008,-1.32957E-002,-6.37196E-021, 8.51195E-005, 0.00000E+000, 1.57432E-004, 1.57274E-004, 0.00000E+000, 4.28458E-007, 0.00000E+000, 7.00000E-009, 2.30815E+002
 1.99002E+002, 1.79950E-002, 0.00000E+000,-4.62693E-003, 8.53309E-008,-1.33181E-002,-6.37188E-021, 7.63712E-005, 0.00000E+000, 1.26950E-004, 1.26391E-004, 0.00000E+000, 4.28458E-007, 0.00000E+000, 7.00000E-009, 2.31335E+002
 2.00004E+002, 1.79951E-002, 0.00000E+000,-4.62811E-003, 6.93525E-008,-1.33517E-002,-6.37178E-021, 6.25037E-005, 0.00000E+000, 7.77406E-005, 7.78183E-005, 0.00000E+000, 4.28458E-007, 0.00000E+000, 7.00000E-009, 2.31760E+002
 2.01000E+002, 1.79953E-002, 0.00000E+000,-4.62894E-003, 1.18720E-007,-1.33849E-002,-6.37167E-021, 4.91464E-005, 0.00000E+000, 3.11418E-005, 3.07560E-005, 0.00000E+000, 4.28458E-007, 0.00000E+000, 7.00000E-009, 2.32093E+002
 2.02002E+002, 1.79955E-002, 0.00000E+000,-4.62921E-003, 1.00083E-007,-1.33944E-002,-6.37155E-021, 4.52511E-005, 0.00000E+000, 1.72625E-005, 1.72446E-005, 0.00000E+000, 4.28458E-007, 0.00000E+000, 7.00000E-009, 2.32401E+002
 2.03003E+002, 1.79958E-002, 0.00000E+000,-4.62882E-003, 9.97963E-008,-1.33925E-002,-6.37143E-021, 4.62953E-005, 0.00000E+000, 2.09482E-005, 2.09011E-005, 0.00000E+000, 4.28458E-007, 0.00000E+000, 7.00000E-009, 2.32716E+002
 2.04005E+002, 1.79965E-002, 0.00000E+000,-4.62929E-003, 2.08726E-007,-1.33953E-002,-6.37131E-021, 4.52010E-005, 0.00000E+000, 1.73204E-005, 1.72690E-005, 0.00000E+000, 4.28458E-007, 0.00000E+000, 7.00000E-009, 2.33023E+002
 2.05001E+002, 1.79976E-002, 0.00000E+000,-4.63011E-003, 2.47745E-007,-1.33939E-002,-6.37116E-021, 4.57532E-005, 0.00000E+000, 1.88536E-005, 1.96106E-005, 0.00000E+000, 4.28458E-007, 0.00000E+000, 7.00000E-009, 2.33332E+002
 2.06003E+002, 1.79936E-002, 0.00000E+000,-4.62916E-003, 2.34757E-007,-1.33906E-002,-6.37105E-021, 4.58801E-005, 0.00000E+000, 1.92648E-005, 1.98825E-005, 0.00000E+000, 4.28458E-007, 0.00000E+000, 7.00000E-009, 2.33644E+002
 2.07004E+002, 1.79933E-002, 0.00000E+000,-4.62739E-003, 1.77248E-007,-1.33823E-002,-6.37097E-021, 4.98842E-005, 0.00000E+000, 3.36251E-005, 3.36632E-005, 0.00000E+000, 4.28458E-007, 0.00000E+000, 7.00000E-009, 2.33983E+002
 2.08001E+002, 1.79946E-002, 0.00000E+000,-4.62707E-003, 1.28079E-007,-1.33634E-002,-6.37089E-021, 5.80134E-005, 0.00000E+000, 6.19761E-005, 6.23462E-005, 0.00000E+000, 4.28458E-007, 0.00000E+000, 7.00000E-009, 2.34375E+002
 2.09002E+002, 1.79950E-002, 0.00000E+000,-4.62799E-003, 8.64882E-008,-1.33411E-002,-6.37076E-021, 6.66679E-005, 0.00000E+000, 9.25842E-005, 9.26144E-005, 0.00000E+000, 4.28458E-007, 0.00000E+000, 7.00000E-009, 2.34828E+002
 2.10004E+002, 1.79950E-002, 0.00000E+000,-4.62749E-003, 7.51937E-008,-1.33289E-002,-6.37057E-021, 7.17682E-005, 0.00000E+000, 1.10718E-004, 1.10457E-004, 0.00000E+000, 4.28458E-007, 0.00000E+000, 7.00000E-009, 2.35317E+002
 2.11000E+002, 1.79951E-002, 0.00000E+000,-4.62809E-003, 9.45473E-008,-1.33266E-002,-6.37035E-021, 7.24483E-005, 0.00000E+000, 1.13038E-004, 1.12953E-004, 0.00000E+000, 4.28458E-007, 0.00000E+000, 7.00000E-009, 2.35807E+002
 2.12002E+002, 1.79954E-002, 0.00000E+000,-4.62818E-003, 1.01942E-007,-1.33392E-002,-6.37009E-021, 6.75382E-005, 0.00000E+000, 9.58166E-005, 9.56959E-005, 0.00000E+000, 4.28458E-007, 0.00000E+000, 7.00000E-009, 2.36266E+002
 2.13003E+002, 1.79955E-002, 0.00000E+000,-4.62855E-003, 1.12590E-007,-1.33593E-002,-6.36985E-021, 5.94970E-005, 0.00000E+000, 6.77170E-005, 6.72354E-005, 0.00000E+000, 4.28458E-007, 0.00000E+000, 7.00000E-009, 2.36671E+002
 2.14005E+002, 1.79954E-002, 0.00000E+000,-4.62771E-003, 7.85144E-008,-1.33675E-002,-6.36961E-021, 5.65318E-005, 0.00000E+000, 5.69480E-005, 5.68328E-005, 0.00000E+000, 4.28458E-007, 0.00000E+000, 7.00000E-009, 2.37056E+002
 2.15001E+002, 1.79951E-002, 0.00000E+000,-4.62766E-003, 6.46728E-008,-1.33661E-002,-6.36939E-021, 5.70245E-005, 0.00000E+000, 5.87183E-005, 5.84614E-005, 0.00000E+000, 4.28458E-007, 0.00000E+000, 7.00000E-009, 2.37442E+002
 2.16003E+002, 1.79949E-002, 0.00000E+000,-4.62704E-003, 9.63989E-008,-1.33772E-002,-6.36922E-021, 5.28189E-005, 0.00000E+000, 4.41605E-005, 4.35503E-005, 0.00000E+000, 4.28458E-007, 0.00000E+000, 7.00000E-009, 2.37802E+002
 2.17004E+002, 1.79949E-002, 0.00000E+000,-4.62679E-003, 1.22869E-007,-1.33931E-002,-6.36910E-021, 4.65626E-005, 0.00000E+000, 2.17651E-005, 2.17141E-005, 0.00000E+000, 4.28458E-007, 0.00000E+000, 7.00000E-009, 2.38119E+002
 2.18001E+002, 1.79951E-002, 0.00000E+000,-4.62795E-003, 1.22888E-007,-1.33673E-002,-6.36902E-021, 5.64390E-005, 0.00000E+000, 5.65343E-005, 5.64881E-005, 0.00000E+000, 4.28458E-007, 0.00000E+000, 7.00000E-009, 2.38501E+002
 2.19002E+002, 1.79954E-002, 0.00000E+000,-4.62783E-003, 6.83167E-008,-1.33490E-002,-6.36897E-021, 6.38259E-005, 0.00000E+000, 8.24992E-005, 8.25262E-005, 0.00000E+000, 4.28458E-007, 0.00000E+000, 7.00000E-009, 2.38935E+002
 2.20004E+002, 1.79956E-002, 0.00000E+000,-4.62886E-003, 5.82719E-008,-1.33409E-002,-6.36895E-021, 6.66725E-005, 0.00000E+000, 9.24385E-005, 9.25433E-005, 0.00000E+000, 4.28458E-007, 0.00000E+000, 7.00000E-009, 2.39388E+002
 2.21005E+002, 1.79958E-002, 0.00000E+000,-4.62864E-003, 1.18646E-007,-1.33272E-002,-6.36895E-021, 7.22687E-005, 0.00000E+000, 1.12209E-004, 1.12360E-004, 0.00000E+000, 4.28458E-007, 0.00000E+000, 7.00000E-009, 2.39879E+002
 2.22001E+002, 1.79965E-002, 0.00000E+000,-4.62990E-003, 1.34824E-007,-1.33147E-002,-6.36894E-021, 7.69966E-005, 0.00000E+000, 1.28887E-004, 1.29061E-004, 0.00000E+000, 4.28458E-007, 0.00000E+000, 7.00000E-009, 2.40400E+002
 2.23003E+002, 1.79969E-002, 0.00000E+000,-4.63023E-003, 1.47625E-007,-1.33223E-002,-6.36892E-021, 7.40059E-005, 0.00000E+000, 1.18425E-004, 1.18496E-004, 0.00000E+000, 4.28458E-007, 0.00000E+000, 7.00000E-009, 2.40904E+002
 2.24005E+002, 1.79962E-002, 0.00000E+000,-4.62968E-003, 1.33251E-007,-1.33436E-002,-6.36891E-021, 6.54859E-005, 0.00000E+000, 8.83364E-005, 8.85714E-005, 0.00000E+000, 4.28458E-007, 0.00000E+000, 7.00000E-009, 2.41349E+002
 2.25001E+002, 1.79945E-002, 0.00000E+000,-4.62887E-003, 1.06928E-007,-1.33482E-002,-6.36890E-021, 6.32277E-005, 0.00000E+000, 8.02820E-005, 8.07053E-005, 0.00000E+000, 4.28458E-007, 0.00000E+000, 7.00000E-009, 2.41776E+002
 2.26002E+002, 1.79939E-002, 0.00000E+000,-4.62891E-003, 5.31321E-008,-1.33164E-002,-6.36893E-021, 7.56936E-005, 0.00000E+000, 1.24400E-004, 1.24348E-004, 0.00000E+000, 4.28458E-007, 0.00000E+000, 7.00000E-009, 2.42291E+002
 2.27004E+002, 1.79940E-002, 0.00000E+000,-4.62946E-003, 3.66484E-008,-1.33181E-002,-6.36896E-021, 7.49090E-005, 0.00000E+000, 1.21971E-004, 1.21375E-004, 0.00000E+000, 4.28458E-007, 0.00000E+000, 7.00000E-009, 2.42801E+002
 2.28000E+002, 1.79941E-002, 0.00000E+000,-4.62913E-003, 4.23495E-008,-1.33678E-002,-6.36899E-021, 5.53305E-005, 0.00000E+000, 5.28386E-005, 5.25420E-005, 0.00000E+000, 4.28458E-007, 0.00000E+000, 7.00000E-009, 2.43176E+002
 2.29002E+002, 1.79950E-002, 0.00000E+000,-4.62974E-003, 6.61943E-008,-1.34090E-002,-6.36900E-021, 3.90713E-005, 0.00000E+000,-4.57715E-006,-4.58806E-006, 0.00000E+000, 4.28458E-007, 0.00000E+000, 7.00000E-009, 2.43441E+002
 2.30003E+002, 1.79951E-002, 0.00000E+000,-4.62938E-003, 5.65460E-008,-1.34345E-002,-6.36898E-021, 2.91752E-005, 0.00000E+000,-3.93777E-005,-3.95981E-005, 0.00000E+000, 4.28458E-007, 0.00000E+000, 7.00000E-009, 2.43640E+002
 2.31005E+002, 1.79951E-002, 0.00000E+000,-4.62881E-003, 3.50210E-008,-1.34410E-002,-6.36894E-021, 2.68182E-005, 0.00000E+000,-4.79368E-005,-4.78589E-005, 0.00000E+000, 4.28458E-007, 0.00000E+000, 7.00000E-009, 2.43822E+002
 2.32001E+002, 1.79951E-002, 0.00000E+000,-4.62774E-003, 5.09940E-008,-1.34326E-002,-6.36888E-021, 3.05117E-005, 0.00000E+000,-3.49400E-005,-3.47653E-005, 0.00000E+000, 4.28458E-007, 0.00000E+000, 7.00000E-009, 2.44028E+002
 2.33003E+002, 1.79952E-002, 0.00000E+000,-4.62807E-003, 7.53395E-008,-1.34063E-002,-6.36881E-021, 4.09207E-005, 0.00000E+000, 1.92315E-006, 1.83744E-006, 0.00000E+000, 4.28458E-007, 0.00000E+000, 7.00000E-009, 2.44306E+002
 2.34004E+002, 1.79953E-002, 0.00000E+000,-4.62765E-003, 5.87771E-008,-1.33854E-002,-6.36874E-021, 4.93804E-005, 0.00000E+000, 3.15955E-005, 3.16526E-005, 0.00000E+000, 4.28458E-007, 0.00000E+000, 7.00000E-009, 2.44642E+002
 2.35001E+002, 1.79954E-002, 0.00000E+000,-4.62736E-003, 5.98723E-008,-1.33673E-002,-6.36866E-021, 5.66959E-005, 0.00000E+000, 5.74665E-005, 5.74439E-005, 0.00000E+000, 4.28458E-007, 0.00000E+000, 7.00000E-009, 2.45026E+002
 2.36002E+002, 1.79954E-002, 0.00000E+000,-4.62764E-003, 5.96498E-008,-1.33467E-002,-6.36858E-021, 6.47440E-005, 0.00000E+000, 8.58148E-005, 8.57839E-005, 0.00000E+000, 4.28458E-007, 0.00000E+000, 7.00000E-009, 2.45466E+002
 2.37004E+002, 1.79954E-002, 0.00000E+000,-4.62795E-003, 2.92212E-008,-1.33369E-002,-6.36848E-021, 6.85841E-005, 0.00000E+000, 9.93577E-005, 9.91269E-005, 0.00000E+000, 4.28458E-007, 0.00000E+000, 7.00000E-009, 2.45933E+002
 2.38000E+002, 1.79954E-002, 0.00000E+000,-4.62775E-003, 2.99727E-008,-1.33392E-002,-6.36835E-021, 6.77782E-005, 0.00000E+000, 9.65087E-005, 9.62729E-005, 0.00000E+000, 4.28458E-007, 0.00000E+000, 7.00000E-009, 2.46392E+002
 2.39002E+002, 1.79953E-002, 0.00000E+000,-4.62783E-003, 3.26489E-008,-1.33598E-002,-6.36821E-021, 5.95388E-005, 0.00000E+000, 6.76066E-005, 6.72412E-005, 0.00000E+000, 4.28458E-007, 0.00000E+000, 7.00000E-009, 2.46797E+002
 2.40003E+002, 1.79953E-002, 0.00000E+000,-4.62783E-003, 2.10691E-008,-1.33739E-002,-6.36806E-021, 5.38892E-005, 0.00000E+000, 4.74300E-005, 4.74847E-005, 0.00000E+000, 4.28458E-007, 0.00000E+000, 7.00000E-009, 2.47163E+002
 2.41005E+002, 1.79952E-002, 0.00000E+000,-4.62791E-003, 2.03679E-008,-1.33690E-002,-6.36791E-021, 5.57837E-005, 0.00000E+000, 5.41383E-005, 5.41029E-005, 0.00000E+000, 4.28458E-007, 0.00000E+000, 7.00000E-009, 2.47543E+002
 2.42001E+002, 1.79951E-002, 0.00000E+000,-4.62756E-003, 3.65610E-008,-1.33656E-002,-6.36778E-021, 5.72898E-005, 0.00000E+000, 5.97902E-005, 5.92377E-005, 0.00000E+000, 4.28458E-007, 0.00000E+000, 7.00000E-009, 2.47931E+002
 2.43003E+002, 1.79951E-002, 0.00000E+000,-4.62724E-003, 2.61989E-008,-1.33634E-002,-6.36773E-021, 5.82507E-005, 0.00000E+000, 6.28340E-005, 6.27734E-005, 0.00000E+000, 4.28458E-007, 0.00000E+000, 7.00000E-009, 2.48327E+002
 2.44004E+002, 1.79951E-002, 0.00000E+000,-4.62726E-003, 2.70342E-008,-1.33633E-002,-6.36776E-021, 5.82826E-005, 0.00000E+000, 6.29667E-005, 6.28651E-005, 0.00000E+000, 4.28458E-007, 0.00000E+000, 7.00000E-009, 2.48723E+002
 2.45001E+002, 1.79951E-002, 0.00000E+000,-4.62697E-003, 3.50061E-008,-1.33662E-002,-6.36785E-021, 5.72431E-005, 0.00000E+000, 5.93157E-005, 5.92307E-005, 0.00000E+000, 4.28458E-007, 0.00000E+000, 7.00000E-009, 2.49111E+002
 2.46002E+002, 1.79953E-002, 0.00000E+000,-4.62755E-003, 4.84787E-008,-1.33720E-002,-6.36795E-021, 5.47478E-005, 0.00000E+000, 5.06276E-005, 5.04727E-005, 0.00000E+000, 4.28458E-007, 0.00000E+000, 7.00000E-009, 2.49483E+002
 2.47004E+002, 1.79953E-002, 0.00000E+000,-4.62756E-003, 5.04816E-008,-1.33855E-002,-6.36803E-021, 4.94056E-005, 0.00000E+000, 3.18652E-005, 3.16798E-005, 0.00000E+000, 4.28458E-007, 0.00000E+000, 7.00000E-009, 2.49819E+002
 2.48000E+002, 1.79953E-002, 0.00000E+000,-4.62728E-003, 3.98288E-008,-1.33838E-002,-6.36805E-021, 5.01482E-005, 0.00000E+000, 3.43322E-005, 3.43630E-005, 0.00000E+000, 4.28458E-007, 0.00000E+000, 7.00000E-009, 2.50158E+002
 2.49002E+002, 1.79953E-002, 0.00000E+000,-4.62760E-003, 4.35847E-008,-1.33663E-002,-6.36799E-021, 5.70032E-005, 0.00000E+000, 5.84999E-005, 5.85074E-005, 0.00000E+000, 4.28458E-007, 0.00000E+000, 7.00000E-009, 2.50546E+002
 2.50003E+002, 1.79953E-002, 0.00000E+000,-4.62772E-003, 3.93233E-008,-1.33563E-002,-6.36785E-021, 6.09015E-005, 0.00000E+000, 7.22589E-005, 7.22143E-005, 0.00000E+000, 4.28458E-007, 0.00000E+000, 7.00000E-009, 2.50960E+002
 2.51005E+002, 1.79953E-002, 0.00000E+000,-4.62753E-003, 6.07467E-008,-1.33616E-002,-6.36764E-021, 5.88634E-005, 0.00000E+000, 6.50325E-005, 6.51416E-005, 0.00000E+000, 4.28458E-007, 0.00000E+000, 7.00000E-009, 2.51360E+002
 2.52001E+002, 1.79953E-002, 0.00000E+000,-4.62724E-003, 6.92083E-008,-1.33702E-002,-6.36739E-021, 5.55691E-005, 0.00000E+000, 5.34727E-005, 5.34628E-005, 0.00000E+000, 4.28458E-007, 0.00000E+000, 7.00000E-009, 2.51736E+002
 2.53003E+002, 1.79952E-002, 0.00000E+000,-4.62701E-003, 4.25862E-008,-1.33835E-002,-6.36716E-021, 5.03805E-005, 0.00000E+000, 3.51639E-005, 3.51603E-005, 0.00000E+000, 4.28458E-007, 0.00000E+000, 7.00000E-009, 2.52079E+002
 2.54004E+002, 1.79953E-002, 0.00000E+000,-4.62662E-003, 1.73300E-009,-1.33657E-002,-6.36694E-021, 5.75718E-005, 0.00000E+000, 6.04590E-005, 6.04937E-005, 0.00000E+000, 4.28458E-007, 0.00000E+000, 7.00000E-009, 2.52470E+002
 2.55001E+002, 1.79952E-002, 0.00000E+000,-4.62658E-003,-9.24334E-009,-1.33504E-002,-6.36674E-021, 6.36929E-005, 0.00000E+000, 8.21113E-005, 8.19480E-005, 0.00000E+000, 4.28458E-007, 0.00000E+000, 7.00000E-009, 2.52901E+002
 2.56002E+002, 1.79952E-002, 0.00000E+000,-4.62675E-003, 1.59384E-008,-1.33777E-002,-6.36652E-021, 5.27728E-005, 0.00000E+000, 4.37359E-005, 4.35332E-005, 0.00000E+000, 4.28458E-007, 0.00000E+000, 7.00000E-009, 2.53260E+002
 2.57004E+002, 1.79952E-002, 0.00000E+000,-4.62661E-003, 4.17124E-008,-1.33798E-002,-6.36625E-021, 5.19979E-005, 0.00000E+000, 4.08860E-005, 4.08722E-005, 0.00000E+000, 4.28458E-007, 0.00000E+000, 7.00000E-009, 2.53614E+002
 2.58000E+002, 1.79953E-002, 0.00000E+000,-4.62699E-003, 3.62327E-008,-1.33391E-002,-6.36596E-021, 6.80266E-005, 0.00000E+000, 9.71378E-005, 9.73191E-005, 0.00000E+000, 4.28458E-007, 0.00000E+000, 7.00000E-009, 2.54074E+002
 2.59002E+002, 1.79953E-002, 0.00000E+000,-4.62674E-003, 2.46926E-008,-1.32978E-002,-6.36566E-021, 8.45051E-005, 0.00000E+000, 1.55089E-004, 1.55268E-004, 0.00000E+000, 4.28458E-007, 0.00000E+000, 7.00000E-009, 2.54648E+002
 2.60003E+002, 1.79952E-002, 0.00000E+000,-4.62708E-003, 4.13898E-010,-1.32599E-002,-6.36536E-021, 9.94236E-005, 0.00000E+000, 2.08080E-004, 2.07729E-004, 0.00000E+000, 4.28458E-007, 0.00000E+000, 7.00000E-009, 2.55325E+002
 2.61005E+002, 1.79951E-002, 0.00000E+000,-4.62732E-003,-5.94343E-010,-1.32865E-002,-6.36510E-021, 8.87151E-005, 0.00000E+000, 1.70414E-004, 1.69987E-004, 0.00000E+000, 4.28458E-007, 0.00000E+000, 7.00000E-009, 2.55929E+002
 2.62001E+002, 1.79951E-002, 0.00000E+000,-4.62751E-003, 1.27758E-008,-1.33158E-002,-6.36488E-021, 7.69599E-005, 0.00000E+000, 1.28867E-004, 1.28742E-004, 0.00000E+000, 4.28458E-007, 0.00000E+000, 7.00000E-009, 2.56450E+002
 2.63003E+002, 1.79952E-002, 0.00000E+000,-4.62811E-003, 2.28766E-008,-1.32884E-002,-6.36472E-021, 8.76206E-005, 0.00000E+000, 1.66315E-004, 1.66360E-004, 0.00000E+000, 4.28458E-007, 0.00000E+000, 7.00000E-009, 2.57045E+002
 2.64004E+002, 1.79953E-002, 0.00000E+000,-4.62855E-003, 5.84310E-008,-1.33010E-002,-6.36457E-021, 8.24894E-005, 0.00000E+000, 1.48574E-004, 1.48264E-004, 0.00000E+000, 4.28458E-007, 0.00000E+000, 7.00000E-009, 2.57607E+002
 2.65001E+002, 1.79952E-002, 0.00000E+000,-4.62879E-003, 3.84292E-008,-1.33282E-002,-6.36443E-021, 7.16097E-005, 0.00000E+000, 1.10028E-004, 1.09917E-004, 0.00000E+000, 4.28458E-007, 0.00000E+000, 7.00000E-009, 2.58091E+002
 2.66002E+002, 1.79953E-002, 0.00000E+000,-4.62910E-003, 5.25693E-008,-1.33572E-002,-6.36432E-021, 5.99792E-005, 0.00000E+000, 6.91270E-005, 6.89775E-005, 0.00000E+000, 4.28458E-007, 0.00000E+000, 7.00000E-009, 2.58499E+002
 2.67004E+002, 1.79952E-002, 0.00000E+000,-4.62857E-003, 4.11855E-008,-1.34113E-002,-6.36420E-021, 3.87338E-005, 0.00000E+000,-5.65509E-006,-5.88946E-006, 0.00000E+000, 4.28458E-007, 0.00000E+000, 7.00000E-009, 2.58763E+002
 2.68000E+002, 1.79952E-002, 0.00000E+000,-4.62846E-003, 2.45580E-008,-1.34306E-002,-6.36406E-021, 3.11243E-005, 0.00000E+000,-3.24571E-005,-3.26964E-005, 0.00000E+000, 4.28458E-007, 0.00000E+000, 7.00000E-009, 2.58974E+002
 2.69002E+002, 1.79953E-002, 0.00000E+000,-4.62804E-003, 1.16727E-008,-1.34201E-002,-6.36392E-021, 3.54500E-005, 0.00000E+000,-1.74550E-005,-1.74098E-005, 0.00000E+000, 4.28458E-007, 0.00000E+000, 7.00000E-009, 2.59215E+002
 2.70003E+002, 1.79953E-002, 0.00000E+000,-4.62794E-003, 1.85012E-008,-1.33884E-002,-6.36377E-021, 4.80438E-005, 0.00000E+000, 2.68231E-005, 2.69818E-005, 0.00000E+000, 4.28458E-007, 0.00000E+000, 7.00000E-009, 2.59541E+002
 2.71005E+002, 1.79952E-002, 0.00000E+000,-4.62766E-003, 4.02676E-008,-1.33658E-002,-6.36362E-021, 5.71501E-005, 0.00000E+000, 5.90608E-005, 5.90040E-005, 0.00000E+000, 4.28458E-007, 0.00000E+000, 7.00000E-009, 2.59930E+002
 2.72001E+002, 1.79953E-002, 0.00000E+000,-4.62772E-003, 4.36710E-008,-1.33651E-002,-6.36346E-021, 5.73940E-005, 0.00000E+000, 5.99110E-005, 5.98804E-005, 0.00000E+000, 4.28458E-007, 0.00000E+000, 7.00000E-009, 2.60318E+002
 2.73003E+002, 1.79952E-002, 0.00000E+000,-4.62760E-003, 4.04708E-008,-1.33413E-002,-6.36328E-021, 6.68848E-005, 0.00000E+000, 9.33130E-005, 9.33122E-005, 0.00000E+000, 4.28458E-007, 0.00000E+000, 7.00000E-009, 2.60773E+002
 2.74004E+002, 1.79953E-002, 0.00000E+000,-4.62782E-003, 6.25516E-008,-1.33270E-002,-6.36305E-021, 7.24985E-005, 0.00000E+000, 1.13203E-004, 1.13072E-004, 0.00000E+000, 4.28458E-007, 0.00000E+000, 7.00000E-009, 2.61266E+002
 2.75000E+002, 1.79953E-002, 0.00000E+000,-4.62761E-003, 9.22719E-009,-1.33208E-002,-6.36279E-021, 7.50780E-005, 0.00000E+000, 1.22123E-004, 1.22000E-004, 0.00000E+000, 4.28458E-007, 0.00000E+000, 7.00000E-009, 2.61774E+002
 2.76002E+002, 1.79953E-002, 0.00000E+000,-4.62792E-003, 1.96068E-008,-1.33063E-002,-6.36253E-021, 8.06863E-005, 0.00000E+000, 1.41776E-004, 1.41861E-004, 0.00000E+000, 4.28458E-007, 0.00000E+000, 7.00000E-009, 2.62323E+002
 2.77004E+002, 1.79953E-002, 0.00000E+000,-4.62834E-003, 5.03692E-008,-1.33068E-002,-6.36229E-021, 8.03093E-005, 0.00000E+000, 1.40759E-004, 1.40445E-004, 0.00000E+000, 4.28458E-007, 0.00000E+000, 7.00000E-009, 2.62869E+002
 2.78005E+002, 1.79952E-002, 0.00000E+000,-4.62851E-003, 1.42201E-008,-1.33282E-002,-6.36208E-021, 7.17468E-005, 0.00000E+000, 1.10607E-004, 1.10179E-004, 0.00000E+000, 4.28458E-007, 0.00000E+000, 7.00000E-009, 2.63357E+002
 2.79001E+002, 1.79950E-002, 0.00000E+000,-4.62806E-003, 3.03221E-008,-1.33412E-002,-6.36191E-021, 6.67006E-005, 0.00000E+000, 9.27162E-005, 9.25163E-005, 0.00000E+000, 4.28458E-007, 0.00000E+000, 7.00000E-009, 2.63809E+002
 2.80003E+002, 1.79951E-002, 0.00000E+000,-4.62829E-003, 4.45130E-008,-1.33476E-002,-6.36177E-021, 6.40774E-005, 0.00000E+000, 8.34347E-005, 8.33748E-005, 0.00000E+000, 4.28458E-007, 0.00000E+000, 7.00000E-009, 2.64245E+002
 2.81004E+002, 1.79952E-002, 0.00000E+000,-4.62845E-003, 5.07152E-008,-1.33582E-002,-6.36165E-021, 5.98091E-005, 0.00000E+000, 6.84982E-005, 6.83513E-005, 0.00000E+000, 4.28458E-007, 0.00000E+000, 7.00000E-009, 2.64652E+002
 2.82001E+002, 1.79952E-002, 0.00000E+000,-4.62821E-003, 4.31880E-008,-1.33632E-002,-6.36155E-021, 5.79211E-005, 0.00000E+000, 6.18240E-005, 6.16903E-005, 0.00000E+000, 4.28458E-007, 0.00000E+000, 7.00000E-009, 2.65044E+002
 2.83002E+002, 1.79952E-002, 0.00000E+000,-4.62844E-003, 2.88706E-008,-1.33695E-002,-6.36146E-021, 5.53784E-005, 0.00000E+000, 5.27528E-005, 5.26883E-005, 0.00000E+000, 4.28458E-007, 0.00000E+000, 7.00000E-009, 2.65420E+002
 2.84004E+002, 1.79953E-002, 0.00000E+000,-4.62838E-003, 5.73087E-008,-1.33836E-002,-6.36138E-021, 4.98388E-005, 0.00000E+000, 3.34176E-005, 3.32021E-005, 0.00000E+000, 4.28458E-007, 0.00000E+000, 7.00000E-009, 2.65759E+002
 2.85000E+002, 1.79952E-002, 0.00000E+000,-4.62796E-003, 6.14492E-008,-1.33865E-002,-6.36129E-021, 4.87814E-005, 0.00000E+000, 2.96362E-005, 2.95254E-005, 0.00000E+000, 4.28458E-007, 0.00000E+000, 7.00000E-009, 2.66089E+002
 2.86002E+002, 1.79952E-002, 0.00000E+000,-4.62813E-003, 6.26417E-008,-1.33746E-002,-6.36121E-021, 5.34746E-005, 0.00000E+000, 4.61900E-005, 4.60951E-005, 0.00000E+000, 4.28458E-007, 0.00000E+000, 7.00000E-009, 2.66453E+002
 2.87003E+002, 1.79952E-002, 0.00000E+000,-4.62805E-003, 2.15729E-008,-1.33675E-002,-6.36111E-021, 5.62909E-005, 0.00000E+000, 5.58373E-005, 5.59392E-005, 0.00000E+000, 4.28458E-007, 0.00000E+000, 7.00000E-009, 2.66836E+002
 2.88005E+002, 1.79952E-002, 0.00000E+000,-4.62786E-003, 6.46283E-008,-1.33682E-002,-6.36098E-021, 5.61349E-005, 0.00000E+000, 5.55963E-005, 5.53608E-005, 0.00000E+000, 4.28458E-007, 0.00000E+000, 7.00000E-009, 2.67218E+002
 2.89001E+002, 1.79951E-002, 0.00000E+000,-4.62749E-003, 4.87645E-008,-1.33762E-002,-6.36082E-021, 5.30802E-005, 0.00000E+000, 4.47556E-005, 4.45502E-005, 0.00000E+000, 4.28458E-007, 0.00000E+000, 7.00000E-009, 2.67577E+002
 2.90003E+002, 1.79952E-002, 0.00000E+000,-4.62729E-003, 3.89649E-008,-1.33759E-002,-6.36066E-021, 5.32425E-005, 0.00000E+000, 4.52930E-005, 4.52238E-005, 0.00000E+000, 4.28458E-007, 0.00000E+000, 7.00000E-009, 2.67939E+002
 2.91004E+002, 1.79951E-002, 0.00000E+000,-4.62737E-003, 2.19551E-008,-1.33584E-002,-6.36052E-021, 6.01473E-005, 0.00000E+000, 6.94954E-005, 6.95576E-005, 0.00000E+000, 4.28458E-007, 0.00000E+000, 7.00000E-009, 2.68348E+002
 2.92001E+002, 1.79952E-002, 0.00000E+000,-4.62710E-003, 4.05495E-009,-1.33384E-002,-6.36043E-021, 6.81971E-005, 0.00000E+000, 9.76852E-005, 9.79089E-005, 0.00000E+000, 4.28458E-007, 0.00000E+000, 7.00000E-009, 2.68809E+002
 2.93002E+002, 1.79952E-002, 0.00000E+000,-4.62807E-003, 1.50881E-008,-1.33285E-002,-6.36036E-021, 7.17635E-005, 0.00000E+000, 1.10347E-004, 1.10449E-004, 0.00000E+000, 4.28458E-007, 0.00000E+000, 7.00000E-009, 2.69297E+002
 2.94004E+002, 1.79953E-002, 0.00000E+000,-4.62848E-003, 2.48609E-008,-1.33252E-002,-6.36033E-021, 7.29577E-005, 0.00000E+000, 1.14675E-004, 1.14555E-004, 0.00000E+000, 4.28458E-007, 0.00000E+000, 7.00000E-009, 2.69793E+002
 2.95000E+002, 1.79953E-002, 0.00000E+000,-4.62863E-003, 2.56859E-008,-1.33260E-002,-6.36030E-021, 7.26149E-005, 0.00000E+000, 1.13437E-004, 1.13357E-004, 0.00000E+000, 4.28458E-007, 0.00000E+000, 7.00000E-009, 2.70285E+002
 2.96002E+002, 1.79953E-002, 0.00000E+000,-4.62867E-003, 2.67078E-009,-1.33273E-002,-6.36025E-021, 7.21143E-005, 0.00000E+000, 1.11740E-004, 1.11506E-004, 0.00000E+000, 4.28458E-007, 0.00000E+000, 7.00000E-009, 2.70775E+002
 2.97003E+002, 1.79954E-002, 0.00000E+000,-4.62880E-003, 1.11809E-008,-1.33288E-002,-6.36020E-021, 7.14648E-005, 0.00000E+000, 1.09532E-004, 1.09244E-004, 0.00000E+000, 4.28458E-007, 0.00000E+000, 7.00000E-009, 2.71262E+002
 2.98005E+002, 1.79954E-002, 0.00000E+000,-4.62888E-003, 1.93342E-008,-1.33389E-002,-6.36016E-021, 6.73987E-005, 0.00000E+000, 9.51111E-005, 9.50266E-005, 0.00000E+000, 4.28458E-007, 0.00000E+000, 7.00000E-009, 2.71720E+002
 2.99001E+002, 1.79955E-002, 0.00000E+000,-4.62974E-003,-1.58330E-009,-1.33629E-002,-6.36014E-021, 5.76014E-005, 0.00000E+000, 6.07077E-005, 6.04533E-005, 0.00000E+000, 4.28458E-007, 0.00000E+000, 7.00000E-009, 2.72110E+002
 3.00003E+002, 1.79954E-002, 0.00000E+000,-4.62929E-003, 2.40625E-008,-1.33911E-002,-6.36009E-021, 4.65170E-005, 0.00000E+000, 2.17819E-005, 2.14977E-005, 0.00000E+000, 4.28458E-007, 0.00000E+000, 7.00000E-009, 2.72427E+002
 3.01004E+002, 1.79953E-002, 0.00000E+000,-4.62890E-003, 3.03943E-008,-1.33970E-002,-6.36003E-021, 4.42754E-005, 0.00000E+000, 1.37320E-005, 1.37500E-005, 0.00000E+000, 4.28458E-007, 0.00000E+000, 7.00000E-009, 2.72728E+002
 3.02001E+002, 1.79954E-002, 0.00000E+000,-4.62902E-003, 2.96811E-008,-1.33778E-002,-6.35996E-021, 5.18031E-005, 0.00000E+000, 4.00841E-005, 4.03278E-005, 0.00000E+000, 4.28458E-007, 0.00000E+000, 7.00000E-009, 2.73078E+002
 3.03002E+002, 1.79952E-002, 0.00000E+000,-4.62852E-003,-6.16741E-010,-1.33460E-002,-6.35985E-021, 6.46019E-005, 0.00000E+000, 8.51803E-005, 8.52708E-005, 0.00000E+000, 4.28458E-007, 0.00000E+000, 7.00000E-009, 2.73517E+002
 3.04004E+002, 1.79952E-002, 0.00000E+000,-4.62862E-003, 4.05597E-009,-1.33207E-002,-6.35975E-021, 7.46128E-005, 0.00000E+000, 1.20484E-004, 1.20480E-004, 0.00000E+000, 4.28458E-007, 0.00000E+000, 7.00000E-009, 2.74024E+002
 3.05000E+002, 1.79952E-002, 0.00000E+000,-4.62919E-003, 6.55656E-009,-1.33124E-002,-6.35964E-021, 7.77130E-005, 0.00000E+000, 1.31458E-004, 1.31363E-004, 0.00000E+000, 4.28458E-007, 0.00000E+000, 7.00000E-009, 2.74550E+002
 3.06002E+002, 1.79951E-002, 0.00000E+000,-4.62901E-003, 1.96005E-009,-1.33200E-002,-6.35952E-021, 7.47157E-005, 0.00000E+000, 1.20926E-004, 1.20779E-004, 0.00000E+000, 4.28458E-007, 0.00000E+000, 7.00000E-009, 2.75059E+002
 3.07003E+002, 1.79951E-002, 0.00000E+000,-4.62926E-003, 1.04110E-009,-1.33323E-002,-6.35938E-021, 6.97517E-005, 0.00000E+000, 1.03482E-004, 1.03270E-004, 0.00000E+000, 4.28458E-007, 0.00000E+000, 7.00000E-009, 2.75533E+002
 3.08005E+002, 1.79950E-002, 0.00000E+000,-4.62990E-003, 2.53355E-009,-1.33455E-002,-6.35923E-021, 6.42581E-005, 0.00000E+000, 8.41377E-005, 8.38966E-005, 0.00000E+000, 4.28458E-007, 0.00000E+000, 7.00000E-009, 2.75970E+002
 3.09001E+002, 1.79951E-002, 0.00000E+000,-4.62965E-003, 4.32616E-008,-1.33642E-002,-6.35907E-021, 5.69437E-005, 0.00000E+000, 5.84553E-005, 5.82380E-005, 0.00000E+000, 4.28458E-007, 0.00000E+000, 7.00000E-009, 2.76356E+002
 3.10003E+002, 1.79951E-002, 0.00000E+000,-4.62948E-003, 2.85204E-008,-1.33703E-002,-6.35888E-021, 5.45783E-005, 0.00000E+000, 4.99484E-005, 4.99312E-005, 0.00000E+000, 4.28458E-007, 0.00000E+000, 7.00000E-009, 2.76727E+002
 3.11004E+002, 1.79952E-002, 0.00000E+000,-4.62934E-003, 1.52008E-008,-1.33535E-002,-6.35872E-021, 6.13414E-005, 0.00000E+000, 7.36872E-005, 7.36744E-005, 0.00000E+000, 4.28458E-007, 0.00000E+000, 7.00000E-009, 2.77144E+002
 3.12001E+002, 1.79953E-002, 0.00000E+000,-4.62951E-003, 1.18900E-008,-1.33327E-002,-6.35860E-021, 6.95722E-005, 0.00000E+000, 1.02616E-004, 1.02687E-004, 0.00000E+000, 4.28458E-007, 0.00000E+000, 7.00000E-009, 2.77615E+002
 3.13002E+002, 1.79952E-002, 0.00000E+000,-4.62958E-003, 8.02870E-009,-1.33178E-002,-6.35852E-021, 7.54614E-005, 0.00000E+000, 1.23519E-004, 1.23343E-004, 0.00000E+000, 4.28458E-007, 0.00000E+000, 7.00000E-009, 2.78128E+002
 3.14004E+002, 1.79952E-002, 0.00000E+000,-4.62978E-003,-8.58707E-009,-1.33232E-002,-6.35846E-021, 7.32227E-005, 0.00000E+000, 1.15622E-004, 1.15449E-004, 0.00000E+000, 4.28458E-007, 0.00000E+000, 7.00000E-009, 2.78626E+002
 3.15000E+002, 1.79953E-002, 0.00000E+000,-4.63012E-003, 2.83788E-008,-1.33440E-002,-6.35843E-021, 6.48594E-005, 0.00000E+000, 8.63508E-005, 8.60452E-005, 0.00000E+000, 4.28458E-007, 0.00000E+000, 7.00000E-009, 2.79065E+002
 3.16002E+002, 1.79952E-002, 0.00000E+000,-4.63012E-003, 1.48446E-008,-1.33585E-002,-6.35839E-021, 5.90471E-005, 0.00000E+000, 6.56980E-005, 6.56315E-005, 0.00000E+000, 4.28458E-007, 0.00000E+000, 7.00000E-009, 2.79467E+002
 3.17003E+002, 1.79952E-002, 0.00000E+000,-4.63006E-003, 3.74469E-008,-1.33585E-002,-6.35837E-021, 5.90293E-005, 0.00000E+000, 6.55271E-005, 6.56596E-005, 0.00000E+000, 4.28458E-007, 0.00000E+000, 7.00000E-009, 2.79868E+002
 3.18005E+002, 1.79952E-002, 0.00000E+000,-4.63009E-003, 8.34445E-009,-1.33461E-002,-6.35837E-021, 6.39593E-005, 0.00000E+000, 8.28219E-005, 8.29494E-005, 0.00000E+000, 4.28458E-007, 0.00000E+000, 7.00000E-009, 2.80303E+002
 3.19001E+002, 1.79952E-002, 0.00000E+000,-4.63047E-003, 2.37236E-008,-1.33450E-002,-6.35838E-021, 6.43019E-005, 0.00000E+000, 8.43290E-005, 8.40666E-005, 0.00000E+000, 4.28458E-007, 0.00000E+000, 7.00000E-009, 2.80738E+002
 3.20003E+002, 1.79952E-002, 0.00000E+000,-4.63047E-003, 2.21001E-008,-1.33637E-002,-6.35837E-021, 5.68783E-005, 0.00000E+000, 5.82265E-005, 5.79597E-005, 0.00000E+000, 4.28458E-007, 0.00000E+000, 7.00000E-009, 2.81125E+002
 3.21004E+002, 1.79953E-002, 0.00000E+000,-4.63069E-003, 3.41474E-009,-1.33811E-002,-6.35835E-021, 4.99105E-005, 0.00000E+000, 3.36754E-005, 3.34512E-005, 0.00000E+000, 4.28458E-007, 0.00000E+000, 7.00000E-009, 2.81465E+002
 3.22001E+002, 1.79953E-002, 0.00000E+000,-4.63035E-003,-3.13983E-009,-1.33990E-002,-6.35831E-021, 4.29167E-005, 0.00000E+000, 8.93573E-006, 8.90234E-006, 0.00000E+000, 4.28458E-007, 0.00000E+000, 7.00000E-009, 2.81755E+002
 3.23002E+002, 1.79954E-002, 0.00000E+000,-4.63078E-003,-6.82015E-009,-1.34036E-002,-6.35823E-021, 4.09520E-005, 0.00000E+000, 2.11814E-006, 1.95016E-006, 0.00000E+000, 4.28458E-007, 0.00000E+000, 7.00000E-009, 2.82034E+002
 3.24004E+002, 1.79954E-002, 0.00000E+000,-4.63015E-003,-1.78628E-008,-1.34173E-002,-6.35812E-021, 3.57597E-005, 0.00000E+000,-1.60865E-005,-1.63591E-005, 0.00000E+000, 4.28458E-007, 0.00000E+000, 7.00000E-009, 2.82277E+002
 3.25005E+002, 1.79953E-002, 0.00000E+000,-4.62891E-003,-1.63178E-008,-1.34572E-002,-6.35797E-021, 2.04391E-005, 0.00000E+000,-6.99068E-005,-7.03205E-005, 0.00000E+000, 4.28458E-007, 0.00000E+000, 7.00000E-009, 2.82417E+002
 3.26001E+002, 1.79953E-002, 0.00000E+000,-4.62910E-003, 6.01761E-008,-1.34928E-002,-6.35780E-021, 6.24450E-006, 0.00000E+000,-1.19932E-004,-1.20303E-004, 0.00000E+000, 4.28458E-007, 0.00000E+000, 7.00000E-009, 2.82459E+002
 3.27003E+002, 1.79953E-002, 0.00000E+000,-4.62918E-003, 2.95184E-008,-1.35079E-002,-6.35763E-021, 1.66920E-007, 0.00000E+000,-1.41555E-004,-1.41580E-004, 0.00000E+000, 4.28458E-007, 0.00000E+000, 7.00000E-009, 2.82461E+002
 3.28005E+002, 1.79953E-002, 0.00000E+000,-4.62741E-003, 3.57595E-009,-1.35162E-002,-6.35747E-021,-2.40801E-006, 0.00000E+000,-1.50760E-004,-1.50767E-004, 0.00000E+000, 4.28458E-007, 0.00000E+000, 7.00000E-009, 2.82444E+002
 3.29001E+002, 1.79953E-002, 0.00000E+000,-4.62612E-003, 3.56212E-008,-1.34712E-002,-6.35735E-021, 1.59143E-005, 0.00000E+000,-8.66134E-005,-8.61016E-005, 0.00000E+000, 4.28458E-007, 0.00000E+000, 7.00000E-009, 2.82551E+002
 3.30002E+002, 1.79952E-002, 0.00000E+000,-4.62518E-003,-1.98427E-008,-1.34099E-002,-6.35724E-021, 4.06082E-005, 0.00000E+000, 4.45322E-007, 7.16044E-007, 0.00000E+000, 4.28458E-007, 0.00000E+000, 7.00000E-009, 2.82827E+002
 3.31004E+002, 1.79953E-002, 0.00000E+000,-4.62511E-003, 2.45518E-008,-1.34225E-002,-6.35712E-021, 3.57573E-005, 0.00000E+000,-1.61836E-005,-1.65434E-005, 0.00000E+000, 4.28458E-007, 0.00000E+000, 7.00000E-009, 2.83071E+002
 3.32000E+002, 1.79953E-002, 0.00000E+000,-4.62490E-003, 2.63512E-008,-1.34592E-002,-6.35700E-021, 2.12369E-005, 0.00000E+000,-6.74639E-005,-6.75927E-005, 0.00000E+000, 4.28458E-007, 0.00000E+000, 7.00000E-009, 2.83214E+002
 3.33002E+002, 1.79952E-002, 0.00000E+000,-4.62330E-003, 1.84505E-009,-1.34795E-002,-6.35684E-021, 1.37920E-005, 0.00000E+000,-9.36515E-005,-9.38362E-005, 0.00000E+000, 4.28458E-007, 0.00000E+000, 7.00000E-009, 2.83308E+002
 3.34003E+002, 1.79952E-002, 0.00000E+000,-4.62353E-003,-8.19728E-009,-1.34795E-002,-6.35664E-021, 1.36431E-005, 0.00000E+000,-9.43631E-005,-9.42418E-005, 0.00000E+000, 4.28458E-007, 0.00000E+000, 7.00000E-009, 2.83401E+002
 3.35005E+002, 1.79952E-002, 0.00000E+000,-4.62226E-003, 1.43101E-008,-1.34498E-002,-6.35645E-021, 2.59498E-005, 0.00000E+000,-5.08729E-005,-5.08919E-005, 0.00000E+000, 4.28458E-007, 0.00000E+000, 7.00000E-009, 2.83577E+002
 3.36001E+002, 1.79952E-002, 0.00000E+000,-4.62266E-003, 1.60460E-009,-1.34192E-002,-6.35629E-021, 3.80010E-005, 0.00000E+000,-8.49452E-006,-8.56615E-006, 0.00000E+000, 4.28458E-007, 0.00000E+000, 7.00000E-009, 2.83834E+002
 3.37003E+002, 1.79953E-002, 0.00000E+000,-4.62219E-003,-3.15475E-008,-1.33998E-002,-6.35619E-021, 4.58622E-005, 0.00000E+000, 1.89876E-005, 1.91008E-005, 0.00000E+000, 4.28458E-007, 0.00000E+000, 7.00000E-009, 2.84146E+002
 3.38004E+002, 1.79953E-002, 0.00000E+000,-4.62198E-003, 1.43998E-008,-1.33928E-002,-6.35614E-021, 4.87715E-005, 0.00000E+000, 2.95535E-005, 2.93328E-005, 0.00000E+000, 4.28458E-007, 0.00000E+000, 7.00000E-009, 2.84478E+002
 3.39001E+002, 1.79953E-002, 0.00000E+000,-4.62143E-003, 2.33047E-010,-1.33764E-002,-6.35609E-021, 5.54427E-005, 0.00000E+000, 5.28583E-005, 5.28739E-005, 0.00000E+000, 4.28458E-007, 0.00000E+000, 7.00000E-009, 2.84853E+002
 3.40002E+002, 1.79953E-002, 0.00000E+000,-4.62121E-003,-7.93965E-009,-1.33601E-002,-6.35602E-021, 6.19657E-005, 0.00000E+000, 7.57087E-005, 7.58751E-005, 0.00000E+000, 4.28458E-007, 0.00000E+000, 7.00000E-009, 2.85274E+002
 3.41004E+002, 1.79952E-002, 0.00000E+000,-4.62123E-003, 3.95463E-008,-1.33516E-002,-6.35595E-021, 6.53720E-005, 0.00000E+000, 8.80200E-005, 8.78438E-005, 0.00000E+000, 4.28458E-007, 0.00000E+000, 7.00000E-009, 2.85719E+002
 3.42000E+002, 1.79952E-002, 0.00000E+000,-4.62085E-003,-3.40923E-008,-1.33528E-002,-6.35589E-021, 6.50456E-005, 0.00000E+000, 8.66371E-005, 8.66066E-005, 0.00000E+000, 4.28458E-007, 0.00000E+000, 7.00000E-009, 2.86159E+002
 3.43002E+002, 1.79952E-002, 0.00000E+000,-4.62208E-003, 8.78411E-010,-1.33629E-002,-6.35581E-021, 6.05654E-005, 0.00000E+000, 7.10004E-005, 7.08345E-005, 0.00000E+000, 4.28458E-007, 0.00000E+000, 7.00000E-009, 2.86571E+002
 3.44003E+002, 1.79953E-002, 0.00000E+000,-4.62219E-003,-7.99873E-009,-1.33670E-002,-6.35574E-021, 5.89061E-005, 0.00000E+000, 6.53628E-005, 6.49777E-005, 0.00000E+000, 4.28458E-007, 0.00000E+000, 7.00000E-009, 2.86972E+002
 3.45005E+002, 1.79953E-002, 0.00000E+000,-4.62135E-003, 7.55702E-009,-1.33853E-002,-6.35563E-021, 5.19231E-005, 0.00000E+000, 4.05727E-005, 4.05120E-005, 0.00000E+000, 4.28458E-007, 0.00000E+000, 7.00000E-009, 2.87325E+002
 3.46001E+002, 1.79953E-002, 0.00000E+000,-4.62174E-003,-8.09659E-009,-1.33962E-002,-6.35552E-021, 4.75061E-005, 0.00000E+000, 2.50183E-005, 2.48614E-005, 0.00000E+000, 4.28458E-007, 0.00000E+000, 7.00000E-009, 2.87646E+002
 3.47003E+002, 1.79952E-002, 0.00000E+000,-4.62085E-003, 1.36993E-008,-1.33891E-002,-6.35540E-021, 5.06474E-005, 0.00000E+000, 3.61334E-005, 3.59701E-005, 0.00000E+000, 4.28458E-007, 0.00000E+000, 7.00000E-009, 2.87991E+002
 3.48004E+002, 1.79952E-002, 0.00000E+000,-4.62050E-003, 2.10904E-009,-1.33719E-002,-6.35526E-021, 5.75574E-005, 0.00000E+000, 6.02660E-005, 6.03529E-005, 0.00000E+000, 4.28458E-007, 0.00000E+000, 7.00000E-009, 2.88382E+002
 3.49001E+002, 1.79952E-002, 0.00000E+000,-4.62061E-003,-3.46572E-008,-1.33576E-002,-6.35511E-021, 6.32274E-005, 0.00000E+000, 8.02344E-005, 8.02426E-005, 0.00000E+000, 4.28458E-007, 0.00000E+000, 7.00000E-009, 2.88810E+002
 3.50000E+002, 1.79975E-002, 0.00000E+000,-4.62158E-003,-3.86910E-008,-1.33589E-002,-6.35494E-021, 6.27915E-005, 0.00000E+000, 7.73970E-005, 7.97789E-005, 0.00000E+000, 4.28458E-007, 0.00000E+000, 7.00000E-009, 2.89233E+002
