s,C,C,C,C,C,C,C,kW,mol/mol,Pa
Time,T1,T2,T3,T5,T9,T10,T11,HRR,O2_room,p_box
 0.00000E+000, 2.50000E+001, 2.50000E+001, 2.50000E+001, 2.50000E+001, 2.50000E+001, 2.50000E+001, 2.50000E+001, 0.00000E+000, 2.06860E-001,-5.57571E-006
 1.01610E+000, 2.49997E+001, 2.49997E+001, 2.49996E+001, 2.49992E+001, 2.49995E+001, 2.49995E+001, 2.49995E+001, 8.98480E-006, 2.06860E-001,-1.60458E-001
 2.00962E+000, 2.49995E+001, 2.49995E+001, 2.49993E+001, 2.49987E+001, 2.49990E+001, 2.49991E+001, 2.49991E+001, 6.53873E-005, 2.06860E-001,-2.42213E-001
 3.00315E+000, 2.50008E+001, 2.49996E+001, 2.49994E+001, 2.49989E+001, 2.49989E+001, 2.49992E+001, 2.49992E+001, 1.78466E-004, 2.06860E-001,-6.52745E-002
 4.01925E+000, 2.52922E+001, 2.50000E+001, 2.49998E+001, 2.49993E+001, 2.49993E+001, 2.49996E+001, 2.49995E+001, 3.50552E-004, 2.06860E-001, 4.07864E-001
 5.01277E+000, 2.54906E+001, 2.50008E+001, 2.50004E+001, 2.49999E+001, 2.49999E+001, 2.50003E+001, 2.50002E+001, 5.80801E-004, 2.06860E-001, 1.27022E+000
 6.00629E+000, 2.53140E+001, 2.54830E+001, 2.51446E+001, 2.50007E+001, 2.50009E+001, 2.50014E+001, 2.50012E+001, 8.65686E-004, 2.06860E-001, 2.56900E+000
 7.02239E+000, 2.53649E+001, 2.54833E+001, 2.67577E+001, 2.50017E+001, 2.50023E+001, 2.50029E+001, 2.50025E+001, 1.21198E-003, 2.06860E-001, 4.37331E+000
 8.01591E+000, 2.54333E+001, 2.55214E+001, 2.73258E+001, 2.50027E+001, 2.50038E+001, 2.50046E+001, 2.50040E+001, 1.61590E-003, 2.06860E-001, 6.54017E+000
 9.00944E+000, 2.54839E+001, 2.56812E+001, 2.78669E+001, 2.50038E+001, 2.50055E+001, 2.50066E+001, 2.50056E+001, 2.07275E-003, 2.06860E-001, 9.09036E+000
 1.00030E+001, 2.55421E+001, 2.58062E+001, 2.84972E+001, 2.50051E+001, 2.50074E+001, 2.50090E+001, 2.50075E+001, 2.58626E-003, 2.06860E-001, 1.20773E+001
 1.10191E+001, 2.55999E+001, 2.59297E+001, 2.91017E+001, 2.50065E+001, 2.50095E+001, 2.50117E+001, 2.50096E+001, 3.16406E-003, 2.06860E-001, 1.55160E+001
 1.20126E+001, 2.56543E+001, 2.60271E+001, 2.96579E+001, 2.50079E+001, 2.50118E+001, 2.50147E+001, 2.50120E+001, 3.79941E-003, 2.06860E-001, 1.94358E+001
 1.30061E+001, 2.56985E+001, 2.60840E+001, 3.02413E+001, 2.50096E+001, 2.50143E+001, 2.50180E+001, 2.50145E+001, 4.48447E-003, 2.06860E-001, 2.38552E+001
 1.40222E+001, 2.57248E+001, 2.61130E+001, 3.07559E+001, 2.50317E+001, 2.50171E+001, 2.50218E+001, 2.50174E+001, 5.23654E-003, 2.06860E-001, 2.89203E+001
 1.50157E+001, 2.57795E+001, 2.60895E+001, 3.11463E+001, 2.52247E+001, 2.50201E+001, 2.50259E+001, 2.50205E+001, 6.04411E-003, 2.06860E-001, 3.45676E+001
 1.60156E+001, 2.57301E+001, 2.60459E+001, 3.17118E+001, 2.54378E+001, 2.50234E+001, 2.50305E+001, 2.50239E+001, 6.91416E-003, 2.06860E-001, 4.08881E+001
 1.70109E+001, 2.57606E+001, 2.57930E+001, 3.21228E+001, 2.55547E+001, 2.50270E+001, 2.50356E+001, 2.50275E+001, 7.82374E-003, 2.06860E-001, 4.78392E+001
 1.80000E+001, 2.57045E+001, 2.55302E+001, 3.27301E+001, 2.57139E+001, 2.50308E+001, 2.50410E+001, 2.50313E+001, 8.80442E-003, 2.06860E-001, 5.54577E+001
 1.90053E+001, 2.58100E+001, 2.54753E+001, 3.35302E+001, 2.59518E+001, 2.50350E+001, 2.50471E+001, 2.50355E+001, 9.82493E-003, 2.06860E-001, 6.39083E+001
 2.00107E+001, 2.58171E+001, 2.56834E+001, 3.43988E+001, 2.63781E+001, 2.50394E+001, 2.50536E+001, 2.50398E+001, 1.09180E-002, 2.06860E-001, 7.31393E+001
 2.10160E+001, 2.57101E+001, 2.58482E+001, 3.52844E+001, 2.67739E+001, 2.50442E+001, 2.50606E+001, 2.50443E+001, 1.20791E-002, 2.06859E-001, 8.32128E+001
 2.20096E+001, 2.56186E+001, 2.58704E+001, 3.62231E+001, 2.71402E+001, 2.50491E+001, 2.50680E+001, 2.50487E+001, 1.32994E-002, 2.06853E-001, 9.40025E+001
 2.30083E+001, 2.56675E+001, 2.59989E+001, 3.75566E+001, 2.74937E+001, 2.50544E+001, 2.50758E+001, 2.50532E+001, 1.45576E-002, 2.06841E-001, 1.05646E+002
 2.40136E+001, 2.57572E+001, 2.65303E+001, 3.80612E+001, 2.77505E+001, 2.50601E+001, 2.50843E+001, 2.50582E+001, 1.58706E-002, 2.06829E-001, 1.18201E+002
 2.50011E+001, 2.59476E+001, 2.76443E+001, 3.75725E+001, 2.80806E+001, 2.50665E+001, 2.50934E+001, 2.50639E+001, 1.72510E-002, 2.06823E-001, 1.31729E+002
 2.60118E+001, 2.61807E+001, 2.72828E+001, 3.87144E+001, 2.81653E+001, 2.50730E+001, 2.51026E+001, 2.50704E+001, 1.80031E-002, 2.06822E-001, 1.45825E+002
 2.70093E+001, 2.64313E+001, 2.77871E+001, 3.96667E+001, 2.82380E+001, 2.50784E+001, 2.51104E+001, 2.50744E+001, 1.79997E-002, 2.06824E-001, 1.58647E+002
 2.80067E+001, 2.65253E+001, 2.80781E+001, 4.06279E+001, 2.88591E+001, 2.50830E+001, 2.51151E+001, 2.50659E+001, 1.80000E-002, 2.06825E-001, 1.70501E+002
 2.90042E+001, 2.66767E+001, 2.81759E+001, 4.01146E+001, 2.95169E+001, 2.50881E+001, 2.51324E+001, 2.51888E+001, 1.79993E-002, 2.06826E-001, 1.81457E+002
 3.00016E+001, 2.65956E+001, 2.83316E+001, 4.03109E+001, 2.98638E+001, 2.51167E+001, 2.56890E+001, 2.54517E+001, 1.79995E-002, 2.06828E-001, 1.91371E+002
 3.10124E+001, 2.66146E+001, 2.82404E+001, 4.01975E+001, 2.99651E+001, 2.54011E+001, 2.60393E+001, 2.55679E+001, 1.80003E-002, 2.06832E-001, 2.00448E+002
 3.20031E+001, 2.67560E+001, 2.90663E+001, 3.99039E+001, 3.00615E+001, 2.54298E+001, 2.64191E+001, 2.56483E+001, 1.79879E-002, 2.06837E-001, 2.09007E+002
 3.30126E+001, 2.68095E+001, 2.88942E+001, 3.95742E+001, 3.03513E+001, 2.52784E+001, 2.65390E+001, 2.60506E+001, 1.79980E-002, 2.06840E-001, 2.17232E+002
 3.40073E+001, 2.66987E+001, 2.86038E+001, 4.02062E+001, 3.04295E+001, 2.52898E+001, 2.64460E+001, 2.61911E+001, 1.79977E-002, 2.06835E-001, 2.25112E+002
 3.50021E+001, 2.67676E+001, 2.87194E+001, 4.06862E+001, 3.04352E+001, 2.52223E+001, 2.61833E+001, 2.62455E+001, 1.80009E-002, 2.06812E-001, 2.32558E+002
 3.60115E+001, 2.70735E+001, 2.95749E+001, 4.01435E+001, 3.04138E+001, 2.51388E+001, 2.60633E+001, 2.64123E+001, 1.79988E-002, 2.06756E-001, 2.39700E+002
 3.70063E+001, 2.67086E+001, 2.95125E+001, 4.06315E+001, 3.05251E+001, 2.50983E+001, 2.65549E+001, 2.65430E+001, 1.80012E-002, 2.06659E-001, 2.46679E+002
 3.80011E+001, 2.69551E+001, 2.75629E+001, 4.05052E+001, 3.01703E+001, 2.50831E+001, 2.67960E+001, 2.66865E+001, 1.79998E-002, 2.06568E-001, 2.53382E+002
 3.90116E+001, 2.73712E+001, 2.93830E+001, 4.09356E+001, 3.04386E+001, 2.50770E+001, 2.66111E+001, 2.69169E+001, 1.80010E-002, 2.06547E-001, 2.59882E+002
 4.00072E+001, 2.72383E+001, 3.12206E+001, 4.07046E+001, 3.04241E+001, 2.50736E+001, 2.60987E+001, 2.71598E+001, 1.80032E-002, 2.06587E-001, 2.66017E+002
 4.10021E+001, 2.78148E+001, 3.12685E+001, 4.13349E+001, 3.05083E+001, 2.50711E+001, 2.54025E+001, 2.68563E+001, 1.79999E-002, 2.06570E-001, 2.71647E+002
 4.20131E+001, 2.87840E+001, 3.25499E+001, 4.17293E+001, 3.00308E+001, 2.50690E+001, 2.52548E+001, 2.67555E+001, 1.80113E-002, 2.06476E-001, 2.76880E+002
 4.30060E+001, 2.94482E+001, 3.21840E+001, 4.24966E+001, 3.00589E+001, 2.50670E+001, 2.54009E+001, 2.66899E+001, 1.79929E-002, 2.06413E-001, 2.81498E+002
 4.40125E+001, 2.95847E+001, 3.21669E+001, 4.36664E+001, 2.96918E+001, 2.50650E+001, 2.58389E+001, 2.62177E+001, 1.79994E-002, 2.06400E-001, 2.85310E+002
 4.50054E+001, 2.95358E+001, 3.23734E+001, 4.31374E+001, 2.99830E+001, 2.50633E+001, 2.61983E+001, 2.65803E+001, 1.79993E-002, 2.06383E-001, 2.88693E+002
 4.60119E+001, 2.96398E+001, 3.26605E+001, 4.31043E+001, 3.01000E+001, 2.50612E+001, 2.60645E+001, 2.71573E+001, 1.80000E-002, 2.06274E-001, 2.91662E+002
 4.70048E+001, 2.95465E+001, 3.20274E+001, 4.35263E+001, 3.00558E+001, 2.50588E+001, 2.55797E+001, 2.68886E+001, 1.80001E-002, 2.06192E-001, 2.94279E+002
 4.80112E+001, 2.90800E+001, 3.14395E+001, 4.34326E+001, 3.04067E+001, 2.50567E+001, 2.53199E+001, 2.63600E+001, 1.80003E-002, 2.06200E-001, 2.96655E+002
 4.90041E+001, 2.85527E+001, 3.10073E+001, 4.33801E+001, 3.01687E+001, 2.50555E+001, 2.56726E+001, 2.64052E+001, 1.80006E-002, 2.06169E-001, 2.98922E+002
 5.00106E+001, 2.81604E+001, 3.02800E+001, 4.33339E+001, 3.04442E+001, 2.50550E+001, 2.64399E+001, 2.67136E+001, 1.80001E-002, 2.06090E-001, 3.01124E+002
 5.10035E+001, 2.77673E+001, 2.96135E+001, 4.34291E+001, 3.02375E+001, 2.50537E+001, 2.63924E+001, 2.65093E+001, 1.80007E-002, 2.06023E-001, 3.03242E+002
 5.20100E+001, 2.75953E+001, 2.91595E+001, 4.26904E+001, 3.03000E+001, 2.50523E+001, 2.66007E+001, 2.66787E+001, 1.80004E-002, 2.06026E-001, 3.05354E+002
 5.30029E+001, 2.74728E+001, 2.87353E+001, 4.19849E+001, 3.04540E+001, 2.50513E+001, 2.67947E+001, 2.71483E+001, 1.79999E-002, 2.06084E-001, 3.07381E+002
 5.40093E+001, 2.74380E+001, 2.88016E+001, 4.18464E+001, 3.03178E+001, 2.50501E+001, 2.62999E+001, 2.75827E+001, 1.79989E-002, 2.06045E-001, 3.09269E+002
 5.50022E+001, 2.74247E+001, 2.89568E+001, 4.19429E+001, 3.01331E+001, 2.50483E+001, 2.54538E+001, 2.68561E+001, 1.79997E-002, 2.05879E-001, 3.11096E+002
 5.60087E+001, 2.73768E+001, 2.90379E+001, 4.20982E+001, 3.02523E+001, 2.50466E+001, 2.52328E+001, 2.63580E+001, 1.80018E-002, 2.05849E-001, 3.12947E+002
 5.70016E+001, 2.73743E+001, 2.87478E+001, 4.15930E+001, 3.05982E+001, 2.50454E+001, 2.60555E+001, 2.72954E+001, 1.79992E-002, 2.05864E-001, 3.14799E+002
 5.80081E+001, 2.73590E+001, 2.88001E+001, 4.13510E+001, 3.05867E+001, 2.50447E+001, 2.63913E+001, 2.74806E+001, 1.79997E-002, 2.05883E-001, 3.16652E+002
 5.90010E+001, 2.72966E+001, 2.92720E+001, 4.18735E+001, 3.03043E+001, 2.50438E+001, 2.58676E+001, 2.70696E+001, 1.79998E-002, 2.05876E-001, 3.18439E+002
 6.00074E+001, 2.72135E+001, 2.89019E+001, 4.14667E+001, 3.08209E+001, 2.50428E+001, 2.54180E+001, 2.76668E+001, 1.80011E-002, 2.05888E-001, 3.20179E+002
 6.10003E+001, 2.71157E+001, 2.86526E+001, 4.10027E+001, 3.08987E+001, 2.50423E+001, 2.54118E+001, 2.77255E+001, 1.80006E-002, 2.05828E-001, 3.21839E+002
 6.20068E+001, 2.69699E+001, 2.87238E+001, 4.13346E+001, 3.07072E+001, 2.50420E+001, 2.57517E+001, 2.74675E+001, 1.80000E-002, 2.05727E-001, 3.23262E+002
 6.30133E+001, 2.68138E+001, 2.87260E+001, 4.18032E+001, 3.03258E+001, 2.50420E+001, 2.55822E+001, 2.67064E+001, 1.80007E-002, 2.05668E-001, 3.24478E+002
 6.40062E+001, 2.66932E+001, 2.85523E+001, 4.13866E+001, 3.01513E+001, 2.50426E+001, 2.55117E+001, 2.70475E+001, 1.80000E-002, 2.05643E-001, 3.25610E+002
 6.50127E+001, 2.66446E+001, 2.84536E+001, 4.09689E+001, 3.03422E+001, 2.50441E+001, 2.57765E+001, 2.71302E+001, 1.80000E-002, 2.05684E-001, 3.26719E+002
 6.60056E+001, 2.66173E+001, 2.84031E+001, 4.08189E+001, 3.01912E+001, 2.50459E+001, 2.63783E+001, 2.71898E+001, 1.79998E-002, 2.05630E-001, 3.27789E+002
 6.70120E+001, 2.65526E+001, 2.84286E+001, 4.08967E+001, 3.00876E+001, 2.50478E+001, 2.70572E+001, 2.74836E+001, 1.80005E-002, 2.05577E-001, 3.28930E+002
 6.80049E+001, 2.67385E+001, 2.84666E+001, 4.09338E+001, 3.00058E+001, 2.50493E+001, 2.64958E+001, 2.73898E+001, 1.79991E-002, 2.05545E-001, 3.30155E+002
 6.90114E+001, 2.67670E+001, 2.84781E+001, 4.08288E+001, 3.04270E+001, 2.50500E+001, 2.54237E+001, 2.71408E+001, 1.80012E-002, 2.05542E-001, 3.31424E+002
 7.00043E+001, 2.67548E+001, 2.85880E+001, 4.08827E+001, 3.04167E+001, 2.50502E+001, 2.52103E+001, 2.70250E+001, 1.79995E-002, 2.05505E-001, 3.32654E+002
 7.10108E+001, 2.66798E+001, 2.86317E+001, 4.12588E+001, 3.00867E+001, 2.50491E+001, 2.52481E+001, 2.71425E+001, 1.80012E-002, 2.05465E-001, 3.33988E+002
 7.20037E+001, 2.66122E+001, 2.85675E+001, 4.12747E+001, 3.02328E+001, 2.50467E+001, 2.53886E+001, 2.75141E+001, 1.80009E-002, 2.05474E-001, 3.35322E+002
 7.30101E+001, 2.63347E+001, 2.85017E+001, 4.10342E+001, 3.04373E+001, 2.50447E+001, 2.54878E+001, 2.78361E+001, 1.80013E-002, 2.05481E-001, 3.36550E+002
 7.40030E+001, 2.61589E+001, 2.83742E+001, 4.05240E+001, 3.01326E+001, 2.50429E+001, 2.56058E+001, 2.75055E+001, 1.80033E-002, 2.05490E-001, 3.37553E+002
 7.50122E+001, 2.61084E+001, 2.83076E+001, 3.96480E+001, 3.02827E+001, 2.50414E+001, 2.57409E+001, 2.75266E+001, 1.79938E-002, 2.05469E-001, 3.38542E+002
 7.60146E+001, 2.60531E+001, 2.82662E+001, 3.98626E+001, 3.05723E+001, 2.50407E+001, 2.63510E+001, 2.76740E+001, 1.79934E-002, 2.05414E-001, 3.39671E+002
 7.70021E+001, 2.59448E+001, 2.85055E+001, 3.93141E+001, 2.99762E+001, 2.50405E+001, 2.62342E+001, 2.73497E+001, 1.79986E-002, 2.05363E-001, 3.40826E+002
 7.80045E+001, 2.59597E+001, 2.85099E+001, 3.92382E+001, 2.99540E+001, 2.50399E+001, 2.62930E+001, 2.72558E+001, 1.79995E-002, 2.05325E-001, 3.41960E+002
 7.90069E+001, 2.59696E+001, 2.85878E+001, 3.90476E+001, 2.99477E+001, 2.50388E+001, 2.56255E+001, 2.74123E+001, 1.79982E-002, 2.05304E-001, 3.43119E+002
 8.00093E+001, 2.59661E+001, 2.84990E+001, 3.85885E+001, 3.02850E+001, 2.50376E+001, 2.53816E+001, 2.75290E+001, 1.80008E-002, 2.05297E-001, 3.44241E+002
 8.10117E+001, 2.59436E+001, 2.86010E+001, 3.85033E+001, 3.03737E+001, 2.50368E+001, 2.53531E+001, 2.82103E+001, 1.79998E-002, 2.05259E-001, 3.45383E+002
 8.20141E+001, 2.58704E+001, 2.89537E+001, 3.89202E+001, 3.01461E+001, 2.50359E+001, 2.60095E+001, 2.77340E+001, 1.80007E-002, 2.05187E-001, 3.46528E+002
 8.30015E+001, 2.59129E+001, 2.89883E+001, 3.85201E+001, 2.99561E+001, 2.50353E+001, 2.64633E+001, 2.73542E+001, 1.80016E-002, 2.05178E-001, 3.47639E+002
 8.40040E+001, 2.58768E+001, 2.90676E+001, 3.86575E+001, 3.01175E+001, 2.50347E+001, 2.63625E+001, 2.74519E+001, 1.79992E-002, 2.05200E-001, 3.48823E+002
 8.50064E+001, 2.58778E+001, 2.87130E+001, 3.88523E+001, 3.01756E+001, 2.50341E+001, 2.57428E+001, 2.76295E+001, 1.80013E-002, 2.05173E-001, 3.50078E+002
 8.60088E+001, 2.58517E+001, 2.85275E+001, 3.89205E+001, 3.06010E+001, 2.50330E+001, 2.57534E+001, 2.75620E+001, 1.80001E-002, 2.05143E-001, 3.51332E+002
 8.70112E+001, 2.58207E+001, 2.87008E+001, 3.86194E+001, 3.05936E+001, 2.50323E+001, 2.56103E+001, 2.77030E+001, 1.79979E-002, 2.05193E-001, 3.52623E+002
 8.80136E+001, 2.58154E+001, 2.92773E+001, 3.89080E+001, 3.05050E+001, 2.50323E+001, 2.57741E+001, 2.79651E+001, 1.80035E-002, 2.05219E-001, 3.53887E+002
 8.90026E+001, 2.58550E+001, 2.95847E+001, 3.89365E+001, 3.06246E+001, 2.50324E+001, 2.61010E+001, 2.69441E+001, 1.80030E-002, 2.05074E-001, 3.55117E+002
 9.00045E+001, 2.59419E+001, 2.90899E+001, 3.95758E+001, 3.04231E+001, 2.50327E+001, 2.61034E+001, 2.71879E+001, 1.79978E-002, 2.05063E-001, 3.56172E+002
 9.10063E+001, 2.58805E+001, 2.89479E+001, 3.91040E+001, 3.06486E+001, 2.50336E+001, 2.61399E+001, 2.77199E+001, 1.80015E-002, 2.05098E-001, 3.57136E+002
 9.20081E+001, 2.58792E+001, 2.91742E+001, 3.94153E+001, 3.02855E+001, 2.50354E+001, 2.56927E+001, 2.80427E+001, 1.79989E-002, 2.05106E-001, 3.58171E+002
 9.30099E+001, 2.59203E+001, 2.90514E+001, 3.96796E+001, 2.98142E+001, 2.50372E+001, 2.53212E+001, 2.75591E+001, 1.80006E-002, 2.05126E-001, 3.59020E+002
 9.40118E+001, 2.59006E+001, 2.88058E+001, 3.91758E+001, 3.06213E+001, 2.50384E+001, 2.52805E+001, 2.77306E+001, 1.79996E-002, 2.05042E-001, 3.59800E+002
 9.50136E+001, 2.58480E+001, 2.86622E+001, 4.00421E+001, 3.04741E+001, 2.50384E+001, 2.53344E+001, 2.80177E+001, 1.80021E-002, 2.05012E-001, 3.60665E+002
 9.60009E+001, 2.58849E+001, 2.88837E+001, 3.98327E+001, 2.98281E+001, 2.50381E+001, 2.55438E+001, 2.79489E+001, 1.80005E-002, 2.05035E-001, 3.61558E+002
 9.70027E+001, 2.59227E+001, 2.90580E+001, 3.96743E+001, 3.00120E+001, 2.50378E+001, 2.55925E+001, 2.78499E+001, 1.80006E-002, 2.05033E-001, 3.62516E+002
 9.80045E+001, 2.60278E+001, 2.91981E+001, 3.94730E+001, 3.03603E+001, 2.50377E+001, 2.55572E+001, 2.76641E+001, 1.79986E-002, 2.04988E-001, 3.63278E+002
 9.90063E+001, 2.60615E+001, 2.95536E+001, 4.00745E+001, 3.00194E+001, 2.50381E+001, 2.56561E+001, 2.77128E+001, 1.79999E-002, 2.04964E-001, 3.63796E+002
 1.00008E+002, 2.61255E+001, 2.92881E+001, 4.01479E+001, 3.01127E+001, 2.50385E+001, 2.57765E+001, 2.80496E+001, 1.79987E-002, 2.05015E-001, 3.64120E+002
 1.01010E+002, 2.61868E+001, 2.87989E+001, 3.96573E+001, 3.05348E+001, 2.50386E+001, 2.55514E+001, 2.81338E+001, 1.80000E-002, 2.04962E-001, 3.64371E+002
 1.02012E+002, 2.61347E+001, 2.86729E+001, 3.98797E+001, 3.07025E+001, 2.50383E+001, 2.55826E+001, 2.79396E+001, 1.80012E-002, 2.04855E-001, 3.64676E+002
 1.03014E+002, 2.61226E+001, 2.86174E+001, 3.96249E+001, 3.03432E+001, 2.50380E+001, 2.58080E+001, 2.72940E+001, 1.80003E-002, 2.04910E-001, 3.64938E+002
 1.04001E+002, 2.60515E+001, 2.86971E+001, 4.03236E+001, 3.05041E+001, 2.50373E+001, 2.57485E+001, 2.75648E+001, 1.80003E-002, 2.04933E-001, 3.65195E+002
 1.05003E+002, 2.59964E+001, 2.88102E+001, 4.02643E+001, 3.07786E+001, 2.50362E+001, 2.58206E+001, 2.79922E+001, 1.79978E-002, 2.04860E-001, 3.65402E+002
 1.06005E+002, 2.60290E+001, 2.86427E+001, 3.98309E+001, 3.09307E+001, 2.50351E+001, 2.56475E+001, 2.76910E+001, 1.80000E-002, 2.04851E-001, 3.65610E+002
 1.07006E+002, 2.60582E+001, 2.86310E+001, 3.95009E+001, 3.07709E+001, 2.50337E+001, 2.53409E+001, 2.76198E+001, 1.79992E-002, 2.04861E-001, 3.65784E+002
 1.08008E+002, 2.60342E+001, 2.85850E+001, 4.00374E+001, 3.02871E+001, 2.50328E+001, 2.53139E+001, 2.81760E+001, 1.80006E-002, 2.04915E-001, 3.66034E+002
 1.09010E+002, 2.60645E+001, 2.85733E+001, 3.93844E+001, 3.04448E+001, 2.50329E+001, 2.53050E+001, 2.80733E+001, 1.80003E-002, 2.04921E-001, 3.66413E+002
 1.10012E+002, 2.60607E+001, 2.86792E+001, 4.02284E+001, 3.04515E+001, 2.50338E+001, 2.53681E+001, 2.80957E+001, 1.79993E-002, 2.04883E-001, 3.66828E+002
 1.11014E+002, 2.60887E+001, 2.88947E+001, 3.98835E+001, 3.05548E+001, 2.50349E+001, 2.54949E+001, 2.81254E+001, 1.80012E-002, 2.04916E-001, 3.67172E+002
 1.12001E+002, 2.61380E+001, 2.87090E+001, 4.05266E+001, 3.06047E+001, 2.50363E+001, 2.55402E+001, 2.80175E+001, 1.80013E-002, 2.04880E-001, 3.67616E+002
 1.13003E+002, 2.61794E+001, 2.85007E+001, 4.00170E+001, 3.06629E+001, 2.50389E+001, 2.60051E+001, 2.81692E+001, 1.80001E-002, 2.04742E-001, 3.67988E+002
 1.14005E+002, 2.61813E+001, 2.85087E+001, 4.01193E+001, 3.06881E+001, 2.50416E+001, 2.58551E+001, 2.82359E+001, 1.79989E-002, 2.04676E-001, 3.68176E+002
 1.15006E+002, 2.61742E+001, 2.85608E+001, 4.05582E+001, 3.04785E+001, 2.50427E+001, 2.55418E+001, 2.80277E+001, 1.80002E-002, 2.04657E-001, 3.68350E+002
 1.16008E+002, 2.61978E+001, 2.85930E+001, 4.10223E+001, 3.05402E+001, 2.50428E+001, 2.56880E+001, 2.77070E+001, 1.80009E-002, 2.04670E-001, 3.68681E+002
 1.17010E+002, 2.62429E+001, 2.86437E+001, 4.10519E+001, 3.04812E+001, 2.50418E+001, 2.56093E+001, 2.76671E+001, 1.79993E-002, 2.04671E-001, 3.69162E+002
 1.18012E+002, 2.62970E+001, 2.88006E+001, 4.05447E+001, 3.06375E+001, 2.50399E+001, 2.53234E+001, 2.78645E+001, 1.79994E-002, 2.04622E-001, 3.69644E+002
 1.19014E+002, 2.63392E+001, 2.90723E+001, 4.05316E+001, 3.02312E+001, 2.50381E+001, 2.54954E+001, 2.80300E+001, 1.80000E-002, 2.04594E-001, 3.70305E+002
 1.20001E+002, 2.63352E+001, 2.92137E+001, 3.94182E+001, 3.05066E+001, 2.50367E+001, 2.55668E+001, 2.78985E+001, 1.80000E-002, 2.04590E-001, 3.70995E+002
 1.21003E+002, 2.62013E+001, 2.89377E+001, 3.99122E+001, 3.02689E+001, 2.50357E+001, 2.53930E+001, 2.79822E+001, 1.79999E-002, 2.04540E-001, 3.71565E+002
 1.22005E+002, 2.61403E+001, 2.90498E+001, 3.99119E+001, 3.02255E+001, 2.50353E+001, 2.53230E+001, 2.78232E+001, 1.79999E-002, 2.04502E-001, 3.72090E+002
 1.23006E+002, 2.60977E+001, 2.86519E+001, 3.95345E+001, 3.05536E+001, 2.50346E+001, 2.54160E+001, 2.76371E+001, 1.79999E-002, 2.04465E-001, 3.72534E+002
 1.24008E+002, 2.60803E+001, 2.85807E+001, 3.98647E+001, 3.05194E+001, 2.50340E+001, 2.54352E+001, 2.77612E+001, 1.80019E-002, 2.04426E-001, 3.72913E+002
 1.25010E+002, 2.60673E+001, 2.88193E+001, 4.01318E+001, 3.04155E+001, 2.50334E+001, 2.55060E+001, 2.78287E+001, 1.80003E-002, 2.04521E-001, 3.73193E+002
 1.26012E+002, 2.60992E+001, 2.88570E+001, 4.03491E+001, 3.06203E+001, 2.50329E+001, 2.55184E+001, 2.79250E+001, 1.79991E-002, 2.04462E-001, 3.73592E+002
 1.27014E+002, 2.61637E+001, 2.89248E+001, 4.04874E+001, 3.08554E+001, 2.50321E+001, 2.55688E+001, 2.81283E+001, 1.80015E-002, 2.04381E-001, 3.74151E+002
 1.28001E+002, 2.62034E+001, 2.88034E+001, 4.00692E+001, 3.04040E+001, 2.50311E+001, 2.57145E+001, 2.76402E+001, 1.79997E-002, 2.04401E-001, 3.74702E+002
 1.29003E+002, 2.62490E+001, 2.85590E+001, 4.05841E+001, 3.01170E+001, 2.50298E+001, 2.56726E+001, 2.75468E+001, 1.80002E-002, 2.04487E-001, 3.75242E+002
 1.30005E+002, 2.62602E+001, 2.87238E+001, 4.04803E+001, 2.99082E+001, 2.50283E+001, 2.54682E+001, 2.70315E+001, 1.79986E-002, 2.04479E-001, 3.75912E+002
 1.31007E+002, 2.62269E+001, 2.91837E+001, 3.97897E+001, 3.05117E+001, 2.50272E+001, 2.60711E+001, 2.84740E+001, 1.79997E-002, 2.04389E-001, 3.76523E+002
 1.32008E+002, 2.61589E+001, 2.91713E+001, 3.95854E+001, 3.06082E+001, 2.50263E+001, 2.61515E+001, 2.83836E+001, 1.79992E-002, 2.04372E-001, 3.77006E+002
 1.33010E+002, 2.60875E+001, 2.91662E+001, 3.94846E+001, 3.05954E+001, 2.50257E+001, 2.54213E+001, 2.81883E+001, 1.80001E-002, 2.04353E-001, 3.77491E+002
 1.34012E+002, 2.60822E+001, 2.92875E+001, 3.99760E+001, 3.06692E+001, 2.50256E+001, 2.56644E+001, 2.79014E+001, 1.80015E-002, 2.04389E-001, 3.77946E+002
 1.35014E+002, 2.61016E+001, 2.89820E+001, 4.02419E+001, 3.05927E+001, 2.50258E+001, 2.70020E+001, 2.78707E+001, 1.80010E-002, 2.04375E-001, 3.78302E+002
 1.36001E+002, 2.60952E+001, 2.87512E+001, 4.00780E+001, 3.06423E+001, 2.50265E+001, 2.71839E+001, 2.78157E+001, 1.79979E-002, 2.04370E-001, 3.78604E+002
 1.37003E+002, 2.60880E+001, 2.86900E+001, 4.01913E+001, 3.06682E+001, 2.50271E+001, 2.62648E+001, 2.75961E+001, 1.79993E-002, 2.04360E-001, 3.78971E+002
 1.38005E+002, 2.61000E+001, 2.87184E+001, 3.98374E+001, 3.07008E+001, 2.50275E+001, 2.53479E+001, 2.80716E+001, 1.79994E-002, 2.04253E-001, 3.79248E+002
 1.39007E+002, 2.61314E+001, 2.86726E+001, 3.99813E+001, 3.04383E+001, 2.50278E+001, 2.52164E+001, 2.78453E+001, 1.80001E-002, 2.04202E-001, 3.79425E+002
 1.40008E+002, 2.61558E+001, 2.84700E+001, 4.01265E+001, 3.02462E+001, 2.50283E+001, 2.52589E+001, 2.77435E+001, 1.80005E-002, 2.04184E-001, 3.79583E+002
 1.41010E+002, 2.61572E+001, 2.85808E+001, 3.98437E+001, 3.05573E+001, 2.50292E+001, 2.54388E+001, 2.79744E+001, 1.80011E-002, 2.04177E-001, 3.79844E+002
 1.42012E+002, 2.61866E+001, 2.85790E+001, 3.95681E+001, 3.03745E+001, 2.50304E+001, 2.55146E+001, 2.81332E+001, 1.79997E-002, 2.04176E-001, 3.80178E+002
 1.43014E+002, 2.61693E+001, 2.88483E+001, 3.96562E+001, 3.02376E+001, 2.50314E+001, 2.55274E+001, 2.82349E+001, 1.80001E-002, 2.04188E-001, 3.80715E+002
 1.44001E+002, 2.61366E+001, 2.90090E+001, 3.99286E+001, 3.04165E+001, 2.50318E+001, 2.54600E+001, 2.83342E+001, 1.79994E-002, 2.04225E-001, 3.81343E+002
 1.45003E+002, 2.61383E+001, 2.88049E+001, 3.97685E+001, 3.04632E+001, 2.50312E+001, 2.55865E+001, 2.81902E+001, 1.80012E-002, 2.04204E-001, 3.81901E+002
 1.46005E+002, 2.61641E+001, 2.88844E+001, 3.97452E+001, 3.07751E+001, 2.50301E+001, 2.58370E+001, 2.77268E+001, 1.79995E-002, 2.04102E-001, 3.82449E+002
 1.47007E+002, 2.62216E+001, 2.87877E+001, 4.00096E+001, 3.07957E+001, 2.50290E+001, 2.59953E+001, 2.77603E+001, 1.79992E-002, 2.04026E-001, 3.82934E+002
 1.48008E+002, 2.62381E+001, 2.87782E+001, 4.02887E+001, 3.07886E+001, 2.50287E+001, 2.57492E+001, 2.84101E+001, 1.79990E-002, 2.03986E-001, 3.83363E+002
 1.49010E+002, 2.62284E+001, 2.88102E+001, 4.00863E+001, 3.09194E+001, 2.50281E+001, 2.54157E+001, 2.82815E+001, 1.80006E-002, 2.03993E-001, 3.83749E+002
 1.50000E+002, 2.61974E+001, 2.89053E+001, 4.02855E+001, 3.10538E+001, 2.50276E+001, 2.52501E+001, 2.73961E+001, 1.80067E-002, 2.04034E-001, 3.84205E+002
