s,C,C,C,C,C,C,C,kW,mol/mol,Pa,m,C,C,m,C,C,m,C,C
Time,T1,T2,T3,T5,T9,T10,T11,HRR,O2_room,p_box,zint_fire,Tupp_fire,Tlow_fire,zint_mid,Tupp_mid,Tlow_mid,zint_door,Tupp_door,Tlow_door
 0.00000E+000, 2.50000E+001, 2.50000E+001, 2.50000E+001, 2.50000E+001, 2.50000E+001, 2.50000E+001, 2.50000E+001, 0.00000E+000, 2.06860E-001,-2.50161E-005, 2.30000E-001, 2.50000E+001, 2.50000E+001, 2.30000E-001, 2.50000E+001, 2.50000E+001, 2.30000E-001, 2.50000E+001, 2.50000E+001
 1.00481E+000, 2.50000E+001, 2.50000E+001, 2.50000E+001, 2.50000E+001, 2.50000E+001, 2.50000E+001, 2.50000E+001, 8.96841E-006, 2.06860E-001, 3.82661E-003, 2.30000E-001, 2.41347E+001, 2.50002E+001, 2.30000E-001, 2.48797E+001, 2.50000E+001, 2.30000E-001, 2.50000E+001, 2.50000E+001
 2.00962E+000, 2.50001E+001, 2.50001E+001, 2.50006E+001, 2.50001E+001, 2.50000E+001, 2.50001E+001, 2.50000E+001, 6.55738E-005, 2.06860E-001, 5.92368E-002, 2.30000E-001, 2.50002E+001, 2.50134E+001, 2.30000E-001, 2.37015E+001, 2.50001E+001, 2.30000E-001, 2.48726E+001, 2.50000E+001
 3.00315E+000, 2.50003E+001, 2.50002E+001, 2.50039E+001, 2.50007E+001, 2.50002E+001, 2.50002E+001, 2.50002E+001, 1.79462E-004, 2.06860E-001, 2.53246E-001, 2.30000E-001, 2.50014E+001, 2.50576E+001, 2.30000E-001, 2.50002E+001, 2.50007E+001, 2.30000E-001, 2.50002E+001, 2.50003E+001
 4.00796E+000, 2.50014E+001, 2.50007E+001, 2.50112E+001, 2.50024E+001, 2.50006E+001, 2.50006E+001, 2.50006E+001, 3.50922E-004, 2.06860E-001, 7.15546E-001, 2.30000E-001, 2.50070E+001, 2.51003E+001, 2.30000E-001, 2.50007E+001, 2.50025E+001, 2.30000E-001, 2.50006E+001, 2.50010E+001
 5.00148E+000, 2.50177E+001, 2.50015E+001, 2.50238E+001, 2.50057E+001, 2.50014E+001, 2.50013E+001, 2.50015E+001, 5.79795E-004, 2.06860E-001, 1.57233E+000, 2.30000E-001, 2.50234E+001, 2.51614E+001, 2.30000E-001, 2.50015E+001, 2.50058E+001, 2.30000E-001, 2.50014E+001, 2.50024E+001
 6.00629E+000, 2.50251E+001, 2.50138E+001, 2.52295E+001, 2.50111E+001, 2.50026E+001, 2.50025E+001, 2.50029E+001, 8.66267E-004, 2.06860E-001, 2.94664E+000, 2.30000E-001, 2.51276E+001, 2.52568E+001, 2.30000E-001, 2.50030E+001, 2.50113E+001, 2.30000E-001, 2.50026E+001, 2.50048E+001
 7.01110E+000, 2.50257E+001, 2.50461E+001, 2.67530E+001, 2.50202E+001, 2.50045E+001, 2.50042E+001, 2.50051E+001, 1.21223E-003, 2.06860E-001, 4.96413E+000, 2.30000E-001, 2.52786E+001, 2.54068E+001, 2.30000E-001, 2.50051E+001, 2.50208E+001, 2.30000E-001, 2.50044E+001, 2.50086E+001
 8.00462E+000, 2.50271E+001, 2.50587E+001, 2.76126E+001, 2.50367E+001, 2.50072E+001, 2.50067E+001, 2.50084E+001, 1.61392E-003, 2.06860E-001, 7.74991E+000, 2.30000E-001, 2.53348E+001, 2.55920E+001, 2.30000E-001, 2.50084E+001, 2.50407E+001, 2.30000E-001, 2.50070E+001, 2.50147E+001
 9.00944E+000, 2.50296E+001, 2.50638E+001, 2.83760E+001, 2.50623E+001, 2.50111E+001, 2.50100E+001, 2.50132E+001, 2.07320E-003, 2.06860E-001, 1.14442E+001, 2.30000E-001, 2.53569E+001, 2.58193E+001, 2.30000E-001, 2.50132E+001, 2.50732E+001, 2.30000E-001, 2.50106E+001, 2.50242E+001
 1.00030E+001, 2.50331E+001, 2.50675E+001, 2.91269E+001, 2.50974E+001, 2.50163E+001, 2.50144E+001, 2.50199E+001, 2.58984E-003, 2.06860E-001, 1.61897E+001, 2.30000E-001, 2.53720E+001, 2.60836E+001, 2.30000E-001, 2.50197E+001, 2.51181E+001, 2.30000E-001, 2.50153E+001, 2.50377E+001
 1.10031E+001, 2.50379E+001, 2.50710E+001, 2.98647E+001, 2.51428E+001, 2.50233E+001, 2.50201E+001, 2.50288E+001, 3.16476E-003, 2.06860E-001, 2.21032E+001, 2.30000E-001, 2.53802E+001, 2.63852E+001, 2.30000E-001, 2.50283E+001, 2.51750E+001, 2.30000E-001, 2.50214E+001, 2.50557E+001
 1.20083E+001, 2.50443E+001, 2.50749E+001, 3.05471E+001, 2.52010E+001, 2.50324E+001, 2.50274E+001, 2.50404E+001, 3.79636E-003, 2.06860E-001, 2.93906E+001, 2.30000E-001, 2.53832E+001, 2.67226E+001, 2.30000E-001, 2.50394E+001, 2.52465E+001, 2.30000E-001, 2.50291E+001, 2.50793E+001
 1.30019E+001, 2.50527E+001, 2.50807E+001, 3.11939E+001, 2.52736E+001, 2.50441E+001, 2.50365E+001, 2.50550E+001, 4.48792E-003, 2.06860E-001, 3.81524E+001, 2.30000E-001, 2.53933E+001, 2.70599E+001, 2.30000E-001, 2.50534E+001, 2.53334E+001, 2.30000E-001, 2.50387E+001, 2.51092E+001
 1.40048E+001, 2.50636E+001, 2.50900E+001, 3.20383E+001, 2.53634E+001, 2.50586E+001, 2.50477E+001, 2.50729E+001, 5.23448E-003, 2.06860E-001, 4.85360E+001, 2.30000E-001, 2.54335E+001, 2.74182E+001, 2.30000E-001, 2.50713E+001, 2.54361E+001, 2.30000E-001, 2.50504E+001, 2.51459E+001
 1.50074E+001, 2.50772E+001, 2.51086E+001, 3.29045E+001, 2.54791E+001, 2.50763E+001, 2.50613E+001, 2.50941E+001, 6.03915E-003, 2.06860E-001, 6.07401E+001, 2.30000E-001, 2.55131E+001, 2.78254E+001, 2.30000E-001, 2.50965E+001, 2.55572E+001, 2.30000E-001, 2.50647E+001, 2.51903E+001
 1.60018E+001, 2.50934E+001, 2.52165E+001, 3.39766E+001, 2.56782E+001, 2.50975E+001, 2.50774E+001, 2.51185E+001, 6.90162E-003, 2.06860E-001, 7.47857E+001, 2.30000E-001, 2.56884E+001, 2.82774E+001, 2.30000E-001, 2.51806E+001, 2.56962E+001, 2.30000E-001, 2.50819E+001, 2.52426E+001
 1.70052E+001, 2.51120E+001, 2.56808E+001, 3.55018E+001, 2.60810E+001, 2.51224E+001, 2.50960E+001, 2.51458E+001, 7.82490E-003, 2.06860E-001, 9.08558E+001, 2.30000E-001, 2.60373E+001, 2.87217E+001, 2.30000E-001, 2.55200E+001, 2.58521E+001, 2.30000E-001, 2.51025E+001, 2.53033E+001
 1.80030E+001, 2.51333E+001, 2.62045E+001, 3.66410E+001, 2.65941E+001, 2.51512E+001, 2.51173E+001, 2.51756E+001, 8.80046E-003, 2.06860E-001, 1.09119E+002, 2.30000E-001, 2.65778E+001, 2.91514E+001, 2.30000E-001, 2.63320E+001, 2.60284E+001, 2.30000E-001, 2.51275E+001, 2.53737E+001
 1.90007E+001, 2.51572E+001, 2.65068E+001, 3.70248E+001, 2.73555E+001, 2.51841E+001, 2.51411E+001, 2.52068E+001, 9.83400E-003, 2.06860E-001, 1.29628E+002, 2.30000E-001, 2.69552E+001, 2.95046E+001, 1.90262E-001, 2.75936E+001, 2.62260E+001, 2.30000E-001, 2.51581E+001, 2.54545E+001
 2.00013E+001, 2.51882E+001, 2.66647E+001, 3.77706E+001, 2.80848E+001, 2.52214E+001, 2.51672E+001, 2.52397E+001, 1.09311E-002, 2.06860E-001, 1.52616E+002, 2.30000E-001, 2.71752E+001, 2.97331E+001, 1.96813E-001, 2.84155E+001, 2.64453E+001, 2.30000E-001, 2.51962E+001, 2.55462E+001
 2.10054E+001, 2.52422E+001, 2.69042E+001, 3.87285E+001, 2.87234E+001, 2.52626E+001, 2.51955E+001, 2.52760E+001, 1.20811E-002, 2.06856E-001, 1.78281E+002, 2.30000E-001, 2.74994E+001, 2.97800E+001, 1.95370E-001, 2.88320E+001, 2.66863E+001, 2.30000E-001, 2.52457E+001, 2.56503E+001
 2.20028E+001, 2.52938E+001, 2.71380E+001, 4.02589E+001, 2.91695E+001, 2.53055E+001, 2.52257E+001, 2.53223E+001, 1.32897E-002, 2.06851E-001, 2.06651E+002, 2.30000E-001, 2.80475E+001, 2.96413E+001, 1.90892E-001, 2.91850E+001, 2.69464E+001, 2.30000E-001, 2.53139E+001, 2.57671E+001
 2.30003E+001, 2.53224E+001, 2.73908E+001, 4.29080E+001, 2.96581E+001, 2.53455E+001, 2.52574E+001, 2.54147E+001, 1.45533E-002, 2.06846E-001, 2.37810E+002, 2.30000E-001, 2.90660E+001, 2.95121E+001, 1.89480E-001, 2.97548E+001, 2.72203E+001, 2.30000E-001, 2.54169E+001, 2.58944E+001
 2.40049E+001, 2.53454E+001, 2.77916E+001, 4.52850E+001, 3.02333E+001, 2.53761E+001, 2.52906E+001, 2.57067E+001, 1.58857E-002, 2.06838E-001, 2.72114E+002, 2.10232E-001, 3.02459E+001, 2.94764E+001, 1.91534E-001, 3.05634E+001, 2.75072E+001, 2.30000E-001, 2.56206E+001, 2.60294E+001
 2.50029E+001, 2.53764E+001, 2.81065E+001, 4.41531E+001, 3.09718E+001, 2.53979E+001, 2.53499E+001, 2.63120E+001, 1.72724E-002, 2.06826E-001, 3.09662E+002, 1.85780E-001, 3.13786E+001, 2.94420E+001, 1.97379E-001, 3.16693E+001, 2.78046E+001, 2.30000E-001, 2.64677E+001, 2.61679E+001
 2.60020E+001, 2.54094E+001, 2.85635E+001, 4.22847E+001, 3.20909E+001, 2.54235E+001, 2.59361E+001, 2.69296E+001, 1.79944E-002, 2.06807E-001, 3.49996E+002, 1.88915E-001, 3.36431E+001, 2.94709E+001, 2.03922E-001, 3.28501E+001, 2.80951E+001, 1.88354E-001, 2.78197E+001, 2.63080E+001
 2.70050E+001, 2.54495E+001, 2.87627E+001, 4.10972E+001, 3.24296E+001, 2.54496E+001, 2.70408E+001, 2.76284E+001, 1.79925E-002, 2.06786E-001, 3.91033E+002, 1.92451E-001, 3.36997E+001, 2.95093E+001, 2.09235E-001, 3.33172E+001, 2.83122E+001, 1.48303E-001, 2.86998E+001, 2.64847E+001
 2.80033E+001, 2.55066E+001, 2.92185E+001, 3.90702E+001, 3.26143E+001, 2.54738E+001, 2.72766E+001, 2.82689E+001, 1.80000E-002, 2.06773E-001, 4.32282E+002, 2.07260E-001, 3.61133E+001, 2.96582E+001, 2.16448E-001, 3.32467E+001, 2.84619E+001, 1.44091E-001, 2.91735E+001, 2.67212E+001
 2.90039E+001, 2.55914E+001, 3.13442E+001, 3.80097E+001, 3.23424E+001, 2.55099E+001, 2.70633E+001, 2.91731E+001, 1.79839E-002, 2.06770E-001, 4.73452E+002, 2.20964E-001, 3.75099E+001, 3.01334E+001, 2.23863E-001, 3.25215E+001, 2.86003E+001, 1.29652E-001, 2.93169E+001, 2.67299E+001
 3.00030E+001, 2.57127E+001, 3.02353E+001, 3.51144E+001, 3.24591E+001, 2.55488E+001, 2.64959E+001, 2.97359E+001, 1.79994E-002, 2.06769E-001, 5.14582E+002, 2.02733E-001, 3.30756E+001, 3.08056E+001, 2.26110E-001, 3.23459E+001, 2.86481E+001, 1.09758E-001, 2.93951E+001, 2.66582E+001
 3.10004E+001, 2.58586E+001, 2.88666E+001, 3.65397E+001, 3.22546E+001, 2.55900E+001, 2.59207E+001, 2.96073E+001, 1.79986E-002, 2.06765E-001, 5.55581E+002, 2.14430E-001, 3.13930E+001, 3.14989E+001, 2.29504E-001, 3.16979E+001, 2.85340E+001, 9.83032E-002, 3.03200E+001, 2.65786E+001
 3.20010E+001, 2.60315E+001, 3.01448E+001, 3.64907E+001, 3.19737E+001, 2.56302E+001, 2.63006E+001, 3.00024E+001, 1.79936E-002, 2.06755E-001, 5.96585E+002, 2.27207E-001, 3.13147E+001, 3.32121E+001, 2.27494E-001, 3.19706E+001, 2.84540E+001, 1.12733E-001, 3.11924E+001, 2.67384E+001
 3.30023E+001, 2.63603E+001, 3.17745E+001, 4.00974E+001, 3.19130E+001, 2.56703E+001, 2.69694E+001, 3.13040E+001, 1.79903E-002, 2.06735E-001, 6.37675E+002, 2.03029E-001, 3.65099E+001, 3.28876E+001, 2.19879E-001, 3.20927E+001, 2.85241E+001, 1.25018E-001, 3.14941E+001, 2.69253E+001
 3.40027E+001, 2.68259E+001, 3.13282E+001, 4.76311E+001, 3.17579E+001, 2.57135E+001, 2.71696E+001, 3.17644E+001, 1.79960E-002, 2.06716E-001, 6.78459E+002, 2.03107E-001, 3.87559E+001, 3.19324E+001, 2.05888E-001, 3.29450E+001, 2.87453E+001, 1.16326E-001, 3.15683E+001, 2.70027E+001
 3.50019E+001, 2.74796E+001, 3.19530E+001, 4.67374E+001, 3.30937E+001, 2.57567E+001, 2.72505E+001, 3.19337E+001, 1.80039E-002, 2.06693E-001, 7.19288E+002, 2.13707E-001, 4.25405E+001, 3.14241E+001, 2.10022E-001, 3.41937E+001, 2.90897E+001, 1.05391E-001, 3.17220E+001, 2.70349E+001
 3.60031E+001, 2.79864E+001, 3.15917E+001, 5.03178E+001, 3.48297E+001, 2.57976E+001, 2.76367E+001, 3.21221E+001, 1.79939E-002, 2.06666E-001, 7.60044E+002, 2.16821E-001, 4.55101E+001, 3.21675E+001, 2.18202E-001, 3.51455E+001, 2.95097E+001, 9.93544E-002, 3.18152E+001, 2.71184E+001
 3.70036E+001, 2.79014E+001, 3.22315E+001, 4.76542E+001, 3.37358E+001, 2.58377E+001, 2.80339E+001, 3.22492E+001, 1.79976E-002, 2.06598E-001, 8.00735E+002, 2.04185E-001, 4.01348E+001, 3.29578E+001, 2.21516E-001, 3.41812E+001, 2.98654E+001, 9.31005E-002, 3.20870E+001, 2.71778E+001
 3.80041E+001, 2.78483E+001, 3.21148E+001, 5.22912E+001, 3.48790E+001, 2.58803E+001, 2.79946E+001, 3.24029E+001, 1.79953E-002, 2.06543E-001, 8.41445E+002, 1.82734E-001, 3.75243E+001, 3.37879E+001, 2.09886E-001, 3.58883E+001, 2.99184E+001, 9.38836E-002, 3.22791E+001, 2.72476E+001
 3.90046E+001, 2.78070E+001, 3.24483E+001, 5.25931E+001, 3.54518E+001, 2.59249E+001, 2.80420E+001, 3.26516E+001, 1.79963E-002, 2.06546E-001, 8.82245E+002, 2.04386E-001, 3.58752E+001, 3.48417E+001, 1.94177E-001, 3.60174E+001, 2.96117E+001, 9.64755E-002, 3.21668E+001, 2.73359E+001
 4.00014E+001, 2.90015E+001, 3.45663E+001, 5.58234E+001, 3.56003E+001, 2.59718E+001, 2.84015E+001, 3.26223E+001, 1.79884E-002, 2.06561E-001, 9.22984E+002, 2.03162E-001, 4.63135E+001, 3.57009E+001, 1.82510E-001, 3.67799E+001, 2.97513E+001, 9.28029E-002, 3.21982E+001, 2.74182E+001
 4.10005E+001, 2.89497E+001, 3.45846E+001, 5.77062E+001, 3.69095E+001, 2.60196E+001, 2.89394E+001, 3.26856E+001, 1.80040E-002, 2.06562E-001, 9.63571E+002, 1.90931E-001, 4.92239E+001, 3.30201E+001, 2.02362E-001, 3.79196E+001, 3.05402E+001, 8.62920E-002, 3.24851E+001, 2.75082E+001
 4.20028E+001, 2.92482E+001, 3.31853E+001, 5.56848E+001, 3.80282E+001, 2.60688E+001, 2.93103E+001, 3.28079E+001, 1.79874E-002, 2.06465E-001, 1.00424E+003, 2.22942E-001, 5.65041E+001, 3.33655E+001, 2.22676E-001, 3.87234E+001, 3.13137E+001, 8.32275E-002, 3.27609E+001, 2.75977E+001
 4.30037E+001, 2.93684E+001, 3.29922E+001, 5.15712E+001, 3.88120E+001, 2.61182E+001, 2.92670E+001, 3.29989E+001, 1.80009E-002, 2.06423E-001, 1.04507E+003, 2.14045E-001, 4.66792E+001, 3.38882E+001, 2.26088E-001, 3.89204E+001, 3.16370E+001, 8.45660E-002, 3.28199E+001, 2.76800E+001
 4.40009E+001, 2.94057E+001, 3.33950E+001, 5.24801E+001, 3.89198E+001, 2.61671E+001, 2.92491E+001, 3.30900E+001, 1.79955E-002, 2.06408E-001, 1.08573E+003, 2.15515E-001, 4.62414E+001, 3.36864E+001, 2.13988E-001, 3.96769E+001, 3.13511E+001, 8.81203E-002, 3.29337E+001, 2.77705E+001
 4.50022E+001, 2.97242E+001, 3.41319E+001, 5.36550E+001, 3.78711E+001, 2.62169E+001, 2.91489E+001, 3.34195E+001, 1.79897E-002, 2.06376E-001, 1.12632E+003, 2.03252E-001, 4.30003E+001, 3.54414E+001, 1.79137E-001, 3.85361E+001, 3.07314E+001, 9.26309E-002, 3.33250E+001, 2.78868E+001
 4.60010E+001, 3.08709E+001, 3.47403E+001, 5.12160E+001, 3.83053E+001, 2.62640E+001, 2.93308E+001, 3.38078E+001, 1.80020E-002, 2.06342E-001, 1.16698E+003, 2.30000E-001, 3.59507E+001, 3.87943E+001, 1.71794E-001, 3.86721E+001, 3.10052E+001, 9.50107E-002, 3.40368E+001, 2.80084E+001
 4.70003E+001, 3.09411E+001, 3.49563E+001, 5.25493E+001, 3.98359E+001, 2.63091E+001, 2.94977E+001, 3.45520E+001, 1.79959E-002, 2.06321E-001, 1.20752E+003, 2.30000E-001, 3.63782E+001, 3.84365E+001, 2.15151E-001, 4.01887E+001, 3.27596E+001, 9.63467E-002, 3.44880E+001, 2.81251E+001
 4.80044E+001, 3.08568E+001, 3.44093E+001, 5.55411E+001, 3.91924E+001, 2.63574E+001, 2.92444E+001, 3.50236E+001, 1.79903E-002, 2.06301E-001, 1.24817E+003, 2.30000E-001, 3.63356E+001, 3.85201E+001, 2.13518E-001, 3.97680E+001, 3.24499E+001, 9.78931E-002, 3.49164E+001, 2.82337E+001
 4.90028E+001, 3.10143E+001, 3.46480E+001, 5.61807E+001, 3.92818E+001, 2.64046E+001, 2.90645E+001, 3.55044E+001, 1.80007E-002, 2.06276E-001, 1.28875E+003, 1.87005E-001, 3.86970E+001, 3.76730E+001, 1.75550E-001, 3.94954E+001, 3.16633E+001, 9.67989E-002, 3.54775E+001, 2.83045E+001
 5.00011E+001, 3.09010E+001, 3.50917E+001, 5.37026E+001, 4.01192E+001, 2.64450E+001, 2.92202E+001, 3.59964E+001, 1.79875E-002, 2.06247E-001, 1.32914E+003, 2.20336E-001, 4.35703E+001, 3.71294E+001, 1.93369E-001, 4.15417E+001, 3.24518E+001, 9.44895E-002, 3.57879E+001, 2.83547E+001
 5.10000E+001, 3.13708E+001, 3.46648E+001, 5.08666E+001, 4.02966E+001, 2.64762E+001, 2.95595E+001, 3.64290E+001, 1.79968E-002, 2.06221E-001, 1.36965E+003, 2.26678E-001, 5.14387E+001, 3.47303E+001, 2.02105E-001, 4.18175E+001, 3.28491E+001, 9.12595E-002, 3.59826E+001, 2.84218E+001
 5.20055E+001, 3.15907E+001, 3.53694E+001, 4.76695E+001, 3.99370E+001, 2.64921E+001, 2.97509E+001, 3.66438E+001, 1.79968E-002, 2.06188E-001, 1.41035E+003, 2.21469E-001, 4.66933E+001, 3.50917E+001, 2.22749E-001, 4.03973E+001, 3.39184E+001, 8.95781E-002, 3.61887E+001, 2.84819E+001
 5.30015E+001, 3.18225E+001, 3.65014E+001, 4.82297E+001, 3.95326E+001, 2.64903E+001, 2.99199E+001, 3.69584E+001, 1.79967E-002, 2.06154E-001, 1.45100E+003, 2.12241E-001, 4.49087E+001, 3.59148E+001, 2.20355E-001, 4.02691E+001, 3.39209E+001, 8.78659E-002, 3.64145E+001, 2.84929E+001
 5.40043E+001, 3.22679E+001, 3.70804E+001, 5.05809E+001, 3.94733E+001, 2.64932E+001, 3.03450E+001, 3.71199E+001, 1.79933E-002, 2.06134E-001, 1.49148E+003, 1.93612E-001, 4.05904E+001, 3.83466E+001, 2.05355E-001, 4.16356E+001, 3.38395E+001, 8.39015E-002, 3.63355E+001, 2.84807E+001
 5.50008E+001, 3.26465E+001, 3.67254E+001, 5.20647E+001, 3.96913E+001, 2.65346E+001, 3.06936E+001, 3.73667E+001, 1.79961E-002, 2.06114E-001, 1.53201E+003, 2.11147E-001, 4.89012E+001, 3.67903E+001, 2.10785E-001, 4.12850E+001, 3.43067E+001, 7.97610E-002, 3.61910E+001, 2.85214E+001
 5.60020E+001, 3.28194E+001, 3.62079E+001, 5.36973E+001, 3.95430E+001, 2.65887E+001, 3.08121E+001, 3.75941E+001, 1.79967E-002, 2.06092E-001, 1.57223E+003, 2.28830E-001, 5.58176E+001, 3.59250E+001, 1.93476E-001, 4.15009E+001, 3.39963E+001, 7.76741E-002, 3.67445E+001, 2.85943E+001
 5.70043E+001, 3.33781E+001, 3.67422E+001, 5.56523E+001, 3.98573E+001, 2.66216E+001, 3.07882E+001, 3.77417E+001, 1.79959E-002, 2.06071E-001, 1.61250E+003, 2.21228E-001, 5.22948E+001, 3.69028E+001, 1.97763E-001, 4.18597E+001, 3.42578E+001, 7.45656E-002, 3.71228E+001, 2.85990E+001
 5.80002E+001, 3.34421E+001, 3.78995E+001, 5.35366E+001, 4.05981E+001, 2.66906E+001, 3.11521E+001, 3.81049E+001, 1.79931E-002, 2.06049E-001, 1.65261E+003, 2.18590E-001, 5.08319E+001, 3.77831E+001, 1.93896E-001, 4.25896E+001, 3.43313E+001, 7.29127E-002, 3.71625E+001, 2.86740E+001
 5.90038E+001, 3.35838E+001, 3.81923E+001, 5.04827E+001, 4.16285E+001, 2.68142E+001, 3.17168E+001, 3.82142E+001, 1.79960E-002, 2.06024E-001, 1.69286E+003, 2.21919E-001, 5.02309E+001, 3.75639E+001, 1.85865E-001, 4.27131E+001, 3.43274E+001, 7.08453E-002, 3.71394E+001, 2.87850E+001
 6.00042E+001, 3.38187E+001, 3.84560E+001, 5.33208E+001, 4.11576E+001, 2.68303E+001, 3.19507E+001, 3.84653E+001, 1.79916E-002, 2.05998E-001, 1.73296E+003, 2.07457E-001, 4.52651E+001, 3.90992E+001, 1.84838E-001, 4.24145E+001, 3.44880E+001, 6.62226E-002, 3.72745E+001, 2.86725E+001
 6.10058E+001, 3.36689E+001, 3.88039E+001, 5.06993E+001, 4.12129E+001, 2.68394E+001, 3.21266E+001, 3.86345E+001, 1.79880E-002, 2.05965E-001, 1.77324E+003, 2.12279E-001, 4.84943E+001, 3.79808E+001, 1.86725E-001, 4.25173E+001, 3.47881E+001, 6.44314E-002, 3.76259E+001, 2.86214E+001
 6.20001E+001, 3.44404E+001, 3.95489E+001, 4.89687E+001, 4.08292E+001, 2.69153E+001, 3.23151E+001, 3.89756E+001, 1.79918E-002, 2.05922E-001, 1.81346E+003, 2.16003E-001, 4.73171E+001, 3.84008E+001, 1.86771E-001, 4.27004E+001, 3.50700E+001, 6.36736E-002, 3.78498E+001, 2.85269E+001
 6.30024E+001, 3.46594E+001, 4.43940E+001, 4.79463E+001, 4.16291E+001, 2.70309E+001, 3.23331E+001, 3.92536E+001, 1.80230E-002, 2.05884E-001, 1.85393E+003, 1.96408E-001, 4.80348E+001, 3.83945E+001, 1.82963E-001, 4.33242E+001, 3.52248E+001, 6.54770E-002, 3.80118E+001, 2.85322E+001
 6.40017E+001, 3.48421E+001, 4.15115E+001, 4.79252E+001, 4.20546E+001, 2.70878E+001, 3.22420E+001, 3.92056E+001, 1.79741E-002, 2.05854E-001, 1.89422E+003, 2.23676E-001, 4.80594E+001, 3.79814E+001, 1.77042E-001, 4.30484E+001, 3.52476E+001, 6.83707E-002, 3.81537E+001, 2.87215E+001
 6.50036E+001, 3.52057E+001, 3.96304E+001, 5.08280E+001, 4.19899E+001, 2.70448E+001, 3.21654E+001, 3.94042E+001, 1.79924E-002, 2.05780E-001, 1.93419E+003, 2.23319E-001, 5.01751E+001, 3.85228E+001, 1.68857E-001, 4.25366E+001, 3.52169E+001, 7.13672E-002, 3.84303E+001, 2.91356E+001
 6.60012E+001, 3.54976E+001, 4.01967E+001, 5.02136E+001, 4.16764E+001, 2.70638E+001, 3.22680E+001, 3.96878E+001, 1.80055E-002, 2.05682E-001, 1.97432E+003, 2.06322E-001, 4.75540E+001, 4.00772E+001, 1.58958E-001, 4.22435E+001, 3.52485E+001, 7.30415E-002, 3.88389E+001, 2.92858E+001
 6.70053E+001, 3.57163E+001, 4.07001E+001, 5.22687E+001, 4.12669E+001, 2.71355E+001, 3.31771E+001, 4.01221E+001, 1.80003E-002, 2.05621E-001, 2.01435E+003, 2.24742E-001, 5.09933E+001, 4.00806E+001, 1.51884E-001, 4.21185E+001, 3.53575E+001, 7.23417E-002, 3.91730E+001, 2.93069E+001
 6.80020E+001, 3.58765E+001, 4.07955E+001, 5.16166E+001, 4.12042E+001, 2.71826E+001, 3.28928E+001, 4.05387E+001, 1.79944E-002, 2.05529E-001, 2.05426E+003, 2.11240E-001, 4.81040E+001, 4.01406E+001, 1.56597E-001, 4.26673E+001, 3.56317E+001, 7.09323E-002, 3.94471E+001, 2.93684E+001
 6.90047E+001, 3.59225E+001, 4.09518E+001, 5.06307E+001, 4.21718E+001, 2.71740E+001, 3.34933E+001, 4.06006E+001, 1.79907E-002, 2.05437E-001, 2.09426E+003, 2.14421E-001, 4.81525E+001, 3.98394E+001, 1.65749E-001, 4.30074E+001, 3.59080E+001, 6.80627E-002, 3.95366E+001, 2.94033E+001
 7.00017E+001, 3.58649E+001, 4.14012E+001, 5.08918E+001, 4.25216E+001, 2.71706E+001, 3.38049E+001, 4.07938E+001, 1.80018E-002, 2.05355E-001, 2.13437E+003, 2.28074E-001, 5.09512E+001, 3.97422E+001, 1.55963E-001, 4.30571E+001, 3.58593E+001, 6.59716E-002, 3.99173E+001, 2.93822E+001
 7.10000E+001, 3.59779E+001, 4.18366E+001, 5.13055E+001, 4.26791E+001, 2.72404E+001, 3.37736E+001, 4.13378E+001, 1.79979E-002, 2.05301E-001, 2.17439E+003, 2.28764E-001, 5.10393E+001, 3.98693E+001, 1.51032E-001, 4.26697E+001, 3.59683E+001, 6.88557E-002, 4.02393E+001, 2.96048E+001
 7.20018E+001, 3.62282E+001, 4.25229E+001, 5.33960E+001, 4.25432E+001, 2.72986E+001, 3.22488E+001, 4.13786E+001, 1.79906E-002, 2.05328E-001, 2.21433E+003, 2.28257E-001, 5.35306E+001, 3.97080E+001, 1.56082E-001, 4.32499E+001, 3.63614E+001, 6.98504E-002, 4.04458E+001, 2.97168E+001
 7.30044E+001, 3.64921E+001, 4.12476E+001, 5.12760E+001, 4.25166E+001, 2.73449E+001, 3.38200E+001, 4.14643E+001, 1.79840E-002, 2.05312E-001, 2.25439E+003, 2.24827E-001, 5.09268E+001, 3.91232E+001, 1.62461E-001, 4.37276E+001, 3.67717E+001, 6.74233E-002, 4.05864E+001, 2.97769E+001
 7.40053E+001, 3.66667E+001, 4.17662E+001, 5.07542E+001, 4.26744E+001, 2.74726E+001, 3.43282E+001, 4.15473E+001, 1.80005E-002, 2.05258E-001, 2.29445E+003, 2.26099E-001, 5.15237E+001, 3.92909E+001, 1.61486E-001, 4.38081E+001, 3.68782E+001, 6.59164E-002, 4.04763E+001, 2.98044E+001
 7.50045E+001, 3.69386E+001, 4.30008E+001, 5.19384E+001, 4.34939E+001, 2.77592E+001, 3.46050E+001, 4.17311E+001, 1.79938E-002, 2.05216E-001, 2.33462E+003, 2.28940E-001, 5.21154E+001, 4.02873E+001, 1.50121E-001, 4.37019E+001, 3.68051E+001, 6.25245E-002, 4.06542E+001, 2.99319E+001
 7.60052E+001, 3.72569E+001, 4.26513E+001, 5.26371E+001, 4.34922E+001, 2.79487E+001, 3.48226E+001, 4.19325E+001, 1.79966E-002, 2.05220E-001, 2.37457E+003, 2.25918E-001, 5.38742E+001, 4.11875E+001, 1.45148E-001, 4.35778E+001, 3.68767E+001, 5.86891E-002, 4.08097E+001, 2.94510E+001
 7.70008E+001, 3.73833E+001, 4.20689E+001, 5.47651E+001, 4.35346E+001, 2.81058E+001, 3.50987E+001, 4.21254E+001, 1.79960E-002, 2.05241E-001, 2.41414E+003, 2.28120E-001, 5.56036E+001, 4.10672E+001, 1.42026E-001, 4.39028E+001, 3.70100E+001, 6.44060E-002, 4.09348E+001, 2.98666E+001
 7.80020E+001, 3.75662E+001, 4.30421E+001, 5.61166E+001, 4.39225E+001, 2.78205E+001, 3.56334E+001, 4.21319E+001, 1.79932E-002, 2.05221E-001, 2.45378E+003, 2.26157E-001, 5.69841E+001, 4.17896E+001, 1.45711E-001, 4.43685E+001, 3.73120E+001, 6.21648E-002, 4.08822E+001, 3.01580E+001
 7.90032E+001, 3.73941E+001, 4.30866E+001, 5.94131E+001, 4.45710E+001, 2.76147E+001, 3.60576E+001, 4.22966E+001, 1.79988E-002, 2.05183E-001, 2.49361E+003, 2.21708E-001, 5.75356E+001, 4.23090E+001, 1.56897E-001, 4.51334E+001, 3.76912E+001, 6.18044E-002, 4.13104E+001, 3.02656E+001
 8.00044E+001, 3.77029E+001, 4.28037E+001, 5.75222E+001, 4.56534E+001, 2.77545E+001, 3.69504E+001, 4.26183E+001, 1.79946E-002, 2.05137E-001, 2.53348E+003, 2.13974E-001, 5.35483E+001, 4.26111E+001, 1.57409E-001, 4.54154E+001, 3.78096E+001, 5.84965E-002, 4.16141E+001, 3.02583E+001
 8.10040E+001, 3.82724E+001, 4.26843E+001, 5.76003E+001, 4.60276E+001, 2.80300E+001, 3.68669E+001, 4.31721E+001, 1.79897E-002, 2.05112E-001, 2.57335E+003, 2.14795E-001, 5.47468E+001, 4.27037E+001, 1.53175E-001, 4.51932E+001, 3.78506E+001, 6.11290E-002, 4.17673E+001, 3.06074E+001
 8.20017E+001, 3.86412E+001, 4.21088E+001, 5.40742E+001, 4.60113E+001, 2.76830E+001, 3.57956E+001, 4.33622E+001, 1.79856E-002, 2.05109E-001, 2.61315E+003, 2.23912E-001, 5.34177E+001, 4.22793E+001, 1.59638E-001, 4.57940E+001, 3.82026E+001, 6.41991E-002, 4.18724E+001, 3.03573E+001
 8.30040E+001, 3.88471E+001, 4.22174E+001, 5.14629E+001, 4.65179E+001, 2.77110E+001, 3.60987E+001, 4.32381E+001, 1.80107E-002, 2.05158E-001, 2.65330E+003, 2.26454E-001, 5.19029E+001, 4.16583E+001, 1.53525E-001, 4.57367E+001, 3.82771E+001, 5.79056E-002, 4.19401E+001, 2.98878E+001
 8.40058E+001, 3.90806E+001, 4.33299E+001, 5.12278E+001, 4.59604E+001, 2.79887E+001, 3.64510E+001, 4.31151E+001, 1.79719E-002, 2.05207E-001, 2.69336E+003, 1.93091E-001, 4.83164E+001, 4.04731E+001, 1.40554E-001, 4.53635E+001, 3.81343E+001, 5.36384E-002, 4.21100E+001, 3.02114E+001
 8.50045E+001, 3.93970E+001, 4.40348E+001, 5.06646E+001, 4.58877E+001, 2.81894E+001, 3.60829E+001, 4.34193E+001, 1.80196E-002, 2.05223E-001, 2.73328E+003, 1.92467E-001, 4.89528E+001, 4.08829E+001, 1.30235E-001, 4.52004E+001, 3.80875E+001, 5.56589E-002, 4.24286E+001, 2.99661E+001
 8.60003E+001, 3.92210E+001, 4.52882E+001, 5.24544E+001, 4.48636E+001, 2.84480E+001, 3.59337E+001, 4.38330E+001, 1.79922E-002, 2.05229E-001, 2.77308E+003, 2.17394E-001, 5.27204E+001, 4.19008E+001, 1.31829E-001, 4.50726E+001, 3.83802E+001, 6.33995E-002, 4.27787E+001, 3.03058E+001
 8.70026E+001, 3.95849E+001, 4.46563E+001, 5.30452E+001, 4.55910E+001, 2.84671E+001, 3.68262E+001, 4.40102E+001, 1.79920E-002, 2.05239E-001, 2.81280E+003, 2.23888E-001, 5.29354E+001, 4.27831E+001, 1.29009E-001, 4.53877E+001, 3.84642E+001, 6.42692E-002, 4.29906E+001, 3.07346E+001
 8.80011E+001, 3.99145E+001, 4.48305E+001, 5.48977E+001, 4.50340E+001, 2.85533E+001, 3.70781E+001, 4.42736E+001, 1.80071E-002, 2.05249E-001, 2.85249E+003, 2.12526E-001, 5.26830E+001, 4.41850E+001, 1.16800E-001, 4.52606E+001, 3.83115E+001, 6.44257E-002, 4.31786E+001, 3.10353E+001
 8.90003E+001, 3.97622E+001, 4.59186E+001, 5.64565E+001, 4.53109E+001, 2.84707E+001, 3.75649E+001, 4.46622E+001, 1.79917E-002, 2.05242E-001, 2.89202E+003, 2.17574E-001, 5.42945E+001, 4.40268E+001, 1.15995E-001, 4.55470E+001, 3.84555E+001, 6.35839E-002, 4.34092E+001, 3.12236E+001
 9.00041E+001, 3.98450E+001, 4.52431E+001, 5.73097E+001, 4.60000E+001, 2.82672E+001, 3.78999E+001, 4.51799E+001, 1.79910E-002, 2.05221E-001, 2.93156E+003, 2.29085E-001, 5.73888E+001, 4.32642E+001, 1.28594E-001, 4.57849E+001, 3.88990E+001, 5.32471E-002, 4.35294E+001, 3.04289E+001
 9.10032E+001, 4.01544E+001, 4.49660E+001, 5.67263E+001, 4.65665E+001, 2.82427E+001, 3.85962E+001, 4.54531E+001, 1.79866E-002, 2.05210E-001, 2.97130E+003, 2.29214E-001, 5.65821E+001, 4.31726E+001, 1.39284E-001, 4.64846E+001, 3.92497E+001, 5.08538E-002, 4.37969E+001, 3.02648E+001
 9.20036E+001, 4.03546E+001, 4.45407E+001, 5.59116E+001, 4.75779E+001, 2.81988E+001, 3.84473E+001, 4.55061E+001, 1.80007E-002, 2.05185E-001, 3.01102E+003, 2.29342E-001, 5.54808E+001, 4.33555E+001, 1.36575E-001, 4.65672E+001, 3.93589E+001, 4.93155E-002, 4.41725E+001, 3.01224E+001
 9.30046E+001, 4.04852E+001, 4.45891E+001, 5.46481E+001, 4.75280E+001, 2.82455E+001, 3.84427E+001, 4.57324E+001, 1.79900E-002, 2.05126E-001, 3.05074E+003, 2.28807E-001, 5.38468E+001, 4.33939E+001, 1.32618E-001, 4.65276E+001, 3.94432E+001, 5.17691E-002, 4.41974E+001, 3.03374E+001
 9.40001E+001, 4.07082E+001, 4.54179E+001, 5.38166E+001, 4.79486E+001, 2.82876E+001, 3.87436E+001, 4.57487E+001, 1.80136E-002, 2.05060E-001, 3.09032E+003, 2.24842E-001, 5.26541E+001, 4.30645E+001, 1.26861E-001, 4.67822E+001, 3.95651E+001, 5.17749E-002, 4.38381E+001, 3.04309E+001
 9.50045E+001, 4.10135E+001, 4.64278E+001, 5.51522E+001, 4.72373E+001, 2.83547E+001, 3.94529E+001, 4.56171E+001, 1.79844E-002, 2.05043E-001, 3.12997E+003, 2.07021E-001, 5.24295E+001, 4.28261E+001, 1.35123E-001, 4.69094E+001, 4.00693E+001, 4.78311E-002, 4.38413E+001, 3.01548E+001
 9.60003E+001, 4.11937E+001, 4.60371E+001, 5.55159E+001, 4.68320E+001, 2.84457E+001, 3.93329E+001, 4.49622E+001, 1.79908E-002, 2.05044E-001, 3.16953E+003, 2.26488E-001, 5.59345E+001, 4.36603E+001, 1.30590E-001, 4.68786E+001, 3.99904E+001, 4.66742E-002, 4.44074E+001, 2.99970E+001
 9.70019E+001, 4.12552E+001, 4.54726E+001, 5.36118E+001, 4.68827E+001, 2.85637E+001, 3.93848E+001, 4.57059E+001, 1.80067E-002, 2.05034E-001, 3.20898E+003, 2.26770E-001, 5.39255E+001, 4.36667E+001, 1.24252E-001, 4.71236E+001, 3.99668E+001, 4.71866E-002, 4.44692E+001, 3.01889E+001
 9.80002E+001, 4.14137E+001, 4.61356E+001, 5.61239E+001, 4.76693E+001, 2.87082E+001, 3.86590E+001, 4.58718E+001, 1.79884E-002, 2.04968E-001, 3.24830E+003, 2.18499E-001, 5.47491E+001, 4.36436E+001, 1.27812E-001, 4.75118E+001, 4.02022E+001, 4.49817E-002, 4.42910E+001, 3.01561E+001
 9.90059E+001, 4.16450E+001, 4.69520E+001, 5.68714E+001, 4.72877E+001, 2.94282E+001, 3.86794E+001, 4.57645E+001, 1.79908E-002, 2.04913E-001, 3.28788E+003, 2.07033E-001, 5.27183E+001, 4.35472E+001, 1.28869E-001, 4.76590E+001, 4.03843E+001, 4.93464E-002, 4.45771E+001, 3.11746E+001
 1.00004E+002, 4.16524E+001, 4.73075E+001, 5.65091E+001, 4.76725E+001, 2.90565E+001, 3.96068E+001, 4.61196E+001, 1.80051E-002, 2.04902E-001, 3.32763E+003, 1.91391E-001, 5.20833E+001, 4.33545E+001, 1.33255E-001, 4.78610E+001, 4.06565E+001, 4.78728E-002, 4.46898E+001, 3.11921E+001
 1.01005E+002, 4.20450E+001, 4.77152E+001, 5.79011E+001, 4.76225E+001, 2.92202E+001, 3.99716E+001, 4.64670E+001, 1.79894E-002, 2.04885E-001, 3.36700E+003, 2.05493E-001, 5.38829E+001, 4.40068E+001, 1.38788E-001, 4.80430E+001, 4.08873E+001, 4.93465E-002, 4.49521E+001, 3.14181E+001
 1.02000E+002, 4.22539E+001, 4.74891E+001, 5.55057E+001, 4.82395E+001, 2.92546E+001, 3.97515E+001, 4.63154E+001, 1.79934E-002, 2.04859E-001, 3.40639E+003, 2.26913E-001, 5.54192E+001, 4.51131E+001, 1.34108E-001, 4.84671E+001, 4.08463E+001, 5.53855E-002, 4.54750E+001, 3.20656E+001
 1.03003E+002, 4.24165E+001, 4.66175E+001, 5.70410E+001, 4.83043E+001, 2.96556E+001, 3.99110E+001, 4.60606E+001, 1.79886E-002, 2.04853E-001, 3.44570E+003, 2.26987E-001, 5.77765E+001, 4.58521E+001, 1.21802E-001, 4.81974E+001, 4.06578E+001, 5.69859E-002, 4.55927E+001, 3.24308E+001
 1.04006E+002, 4.24546E+001, 4.67763E+001, 5.65508E+001, 4.94081E+001, 2.96862E+001, 3.99500E+001, 4.66460E+001, 1.80010E-002, 2.04883E-001, 3.48536E+003, 2.20749E-001, 5.61733E+001, 4.51831E+001, 1.23019E-001, 4.81364E+001, 4.08090E+001, 5.23346E-002, 4.56678E+001, 3.21985E+001
 1.05000E+002, 4.26347E+001, 4.76623E+001, 5.55801E+001, 4.89409E+001, 2.97550E+001, 4.05731E+001, 4.71040E+001, 1.79824E-002, 2.04920E-001, 3.52508E+003, 1.77336E-001, 5.15853E+001, 4.36622E+001, 1.13063E-001, 4.79120E+001, 4.05873E+001, 5.04098E-002, 4.57837E+001, 3.17333E+001
 1.06005E+002, 4.29318E+001, 4.82419E+001, 5.53056E+001, 4.88966E+001, 2.96091E+001, 4.07097E+001, 4.69795E+001, 1.80159E-002, 2.04900E-001, 3.56466E+003, 1.86238E-001, 5.21569E+001, 4.42151E+001, 1.09473E-001, 4.81040E+001, 4.08710E+001, 5.14654E-002, 4.59528E+001, 3.22663E+001
 1.07000E+002, 4.29669E+001, 4.84265E+001, 5.44221E+001, 4.86109E+001, 2.93543E+001, 4.03559E+001, 4.72321E+001, 1.79943E-002, 2.04900E-001, 3.60406E+003, 2.03439E-001, 5.32471E+001, 4.47994E+001, 1.29648E-001, 4.89089E+001, 4.17427E+001, 4.84921E-002, 4.62967E+001, 3.15305E+001
 1.08003E+002, 4.30715E+001, 4.82213E+001, 5.68681E+001, 4.88886E+001, 2.93635E+001, 4.09884E+001, 4.78717E+001, 1.79938E-002, 2.04892E-001, 3.64345E+003, 2.01673E-001, 5.41101E+001, 4.47698E+001, 1.38219E-001, 4.92808E+001, 4.20027E+001, 4.43075E-002, 4.61061E+001, 3.13928E+001
 1.09003E+002, 4.32193E+001, 4.83993E+001, 5.66653E+001, 4.91205E+001, 2.94917E+001, 4.08226E+001, 4.79007E+001, 1.79897E-002, 2.04881E-001, 3.68283E+003, 2.06235E-001, 5.47512E+001, 4.50095E+001, 1.13627E-001, 4.87144E+001, 4.14991E+001, 4.17380E-002, 4.60701E+001, 3.08062E+001
 1.10006E+002, 4.31722E+001, 4.95899E+001, 5.48461E+001, 4.99500E+001, 2.96340E+001, 4.07373E+001, 4.80260E+001, 1.79862E-002, 2.04859E-001, 3.72241E+003, 1.90478E-001, 5.32086E+001, 4.48153E+001, 1.12855E-001, 4.89471E+001, 4.15709E+001, 4.10114E-002, 4.61091E+001, 3.06586E+001
 1.11003E+002, 4.31177E+001, 4.95918E+001, 5.70849E+001, 4.93380E+001, 2.98028E+001, 4.12922E+001, 4.78597E+001, 1.80119E-002, 2.04846E-001, 3.76192E+003, 1.99363E-001, 5.45079E+001, 4.54680E+001, 1.14843E-001, 4.87692E+001, 4.17752E+001, 4.08954E-002, 4.64331E+001, 3.08962E+001
 1.12003E+002, 4.28634E+001, 4.91246E+001, 5.85048E+001, 4.89979E+001, 2.98311E+001, 4.18888E+001, 4.78185E+001, 1.79911E-002, 2.04822E-001, 3.80110E+003, 2.27135E-001, 5.80264E+001, 4.75376E+001, 1.11182E-001, 4.87885E+001, 4.18507E+001, 4.11915E-002, 4.66403E+001, 3.11862E+001
 1.13005E+002, 4.32562E+001, 4.97612E+001, 6.24224E+001, 4.98668E+001, 2.98430E+001, 4.17323E+001, 4.80058E+001, 1.79955E-002, 2.04764E-001, 3.84012E+003, 2.19508E-001, 6.00104E+001, 4.73890E+001, 1.12733E-001, 4.93241E+001, 4.20684E+001, 4.18352E-002, 4.69576E+001, 3.11337E+001
 1.14004E+002, 4.36213E+001, 5.02792E+001, 6.15988E+001, 4.98993E+001, 2.99192E+001, 4.09838E+001, 4.83661E+001, 1.79951E-002, 2.04736E-001, 3.87917E+003, 2.11649E-001, 5.76146E+001, 4.60261E+001, 1.17674E-001, 4.97919E+001, 4.23909E+001, 4.13436E-002, 4.70163E+001, 3.09953E+001
 1.15005E+002, 4.38858E+001, 5.06998E+001, 5.87899E+001, 5.04692E+001, 3.00689E+001, 4.08259E+001, 4.88169E+001, 1.80013E-002, 2.04746E-001, 3.91860E+003, 2.13502E-001, 5.67655E+001, 4.63001E+001, 1.25804E-001, 5.02382E+001, 4.27033E+001, 4.36164E-002, 4.71596E+001, 3.12418E+001
 1.16001E+002, 4.41477E+001, 5.03221E+001, 5.83070E+001, 5.10877E+001, 3.01567E+001, 4.27022E+001, 4.89175E+001, 1.79948E-002, 2.04745E-001, 3.95790E+003, 2.22600E-001, 5.81513E+001, 4.69873E+001, 1.30408E-001, 5.03714E+001, 4.29052E+001, 4.55358E-002, 4.74011E+001, 3.15157E+001
 1.17002E+002, 4.43093E+001, 4.88403E+001, 5.78094E+001, 5.07633E+001, 3.02328E+001, 4.34872E+001, 4.89618E+001, 1.79957E-002, 2.04721E-001, 3.99723E+003, 2.29177E-001, 5.75214E+001, 4.72850E+001, 1.29475E-001, 5.04474E+001, 4.29463E+001, 3.98904E-002, 4.73819E+001, 3.16562E+001
 1.18004E+002, 4.45530E+001, 4.87442E+001, 5.77385E+001, 5.10329E+001, 3.03017E+001, 4.29510E+001, 4.90629E+001, 1.79945E-002, 2.04698E-001, 4.03666E+003, 2.29118E-001, 5.75624E+001, 4.78246E+001, 1.23675E-001, 5.04767E+001, 4.27928E+001, 4.02870E-002, 4.73755E+001, 3.19665E+001
 1.19001E+002, 4.48384E+001, 4.96092E+001, 6.09331E+001, 5.11299E+001, 3.04313E+001, 4.25188E+001, 4.90295E+001, 1.80003E-002, 2.04679E-001, 4.07576E+003, 2.26753E-001, 6.12451E+001, 4.77327E+001, 1.18286E-001, 5.03231E+001, 4.28845E+001, 4.01971E-002, 4.77236E+001, 3.17949E+001
 1.20003E+002, 4.50687E+001, 5.08042E+001, 6.13157E+001, 5.05324E+001, 3.07731E+001, 4.29077E+001, 4.96131E+001, 1.79887E-002, 2.04648E-001, 4.11484E+003, 2.15342E-001, 5.85838E+001, 4.72744E+001, 1.18800E-001, 5.06585E+001, 4.30883E+001, 4.27256E-002, 4.75327E+001, 3.24258E+001
 1.21003E+002, 4.52146E+001, 5.15223E+001, 6.19783E+001, 5.09430E+001, 3.11566E+001, 4.30434E+001, 4.94967E+001, 1.79870E-002, 2.04602E-001, 4.15404E+003, 2.17962E-001, 6.06111E+001, 4.78382E+001, 1.16642E-001, 5.07466E+001, 4.32806E+001, 5.07247E-002, 4.80684E+001, 3.40619E+001
 1.22002E+002, 4.52281E+001, 5.16932E+001, 5.95470E+001, 5.09886E+001, 3.11492E+001, 4.30723E+001, 4.94312E+001, 1.80011E-002, 2.04564E-001, 4.19310E+003, 2.17005E-001, 5.86235E+001, 4.77530E+001, 1.19247E-001, 5.09702E+001, 4.35403E+001, 5.03821E-002, 4.82281E+001, 3.38751E+001
 1.23004E+002, 4.51129E+001, 5.07095E+001, 6.05042E+001, 5.17939E+001, 3.15327E+001, 4.29175E+001, 4.94998E+001, 1.79969E-002, 2.04555E-001, 4.23214E+003, 2.15049E-001, 5.82307E+001, 4.74731E+001, 1.25118E-001, 5.14084E+001, 4.37479E+001, 5.30671E-002, 4.85699E+001, 3.37538E+001
 1.24005E+002, 4.51312E+001, 4.93413E+001, 6.17877E+001, 5.22442E+001, 3.11903E+001, 4.31740E+001, 4.99550E+001, 1.79960E-002, 2.04547E-001, 4.27112E+003, 2.26998E-001, 6.09563E+001, 4.85351E+001, 1.13657E-001, 5.11554E+001, 4.34447E+001, 5.55527E-002, 4.89333E+001, 3.34990E+001
 1.25002E+002, 4.53034E+001, 4.96805E+001, 5.93887E+001, 5.23260E+001, 3.09908E+001, 4.45196E+001, 5.04352E+001, 1.79881E-002, 2.04557E-001, 4.31041E+003, 2.25857E-001, 5.94184E+001, 4.90300E+001, 1.09742E-001, 5.10235E+001, 4.34900E+001, 4.57612E-002, 4.88601E+001, 3.27426E+001
 1.26004E+002, 4.55120E+001, 5.05103E+001, 6.04693E+001, 5.30560E+001, 3.11473E+001, 4.43801E+001, 5.05048E+001, 1.79924E-002, 2.04594E-001, 4.34952E+003, 2.05311E-001, 5.67518E+001, 4.74290E+001, 1.04831E-001, 5.11913E+001, 4.32417E+001, 4.48998E-002, 4.88994E+001, 3.28120E+001
 1.27006E+002, 4.58355E+001, 5.07831E+001, 6.14041E+001, 5.30872E+001, 3.12658E+001, 4.37683E+001, 5.06268E+001, 1.79972E-002, 2.04614E-001, 4.38890E+003, 2.05921E-001, 5.85989E+001, 4.77531E+001, 1.04274E-001, 5.12761E+001, 4.35418E+001, 4.46146E-002, 4.91755E+001, 3.31589E+001
 1.28002E+002, 4.60229E+001, 5.10946E+001, 5.99197E+001, 5.22485E+001, 3.13477E+001, 4.26435E+001, 5.08922E+001, 1.79878E-002, 2.04612E-001, 4.42807E+003, 2.06180E-001, 5.84515E+001, 4.80092E+001, 1.21467E-001, 5.18129E+001, 4.41558E+001, 4.20872E-002, 4.92892E+001, 3.29816E+001
 1.29004E+002, 4.61042E+001, 5.11366E+001, 6.03697E+001, 5.22452E+001, 3.16499E+001, 4.33173E+001, 5.11226E+001, 1.79952E-002, 2.04608E-001, 4.46713E+003, 1.81683E-001, 5.52169E+001, 4.72408E+001, 1.17486E-001, 5.18949E+001, 4.41597E+001, 4.22972E-002, 4.92011E+001, 3.33140E+001
 1.30004E+002, 4.63289E+001, 5.17237E+001, 5.87137E+001, 5.29609E+001, 3.20384E+001, 4.47757E+001, 5.10626E+001, 1.80006E-002, 2.04603E-001, 4.50628E+003, 1.90851E-001, 5.59168E+001, 4.77715E+001, 1.11765E-001, 5.18318E+001, 4.41387E+001, 4.72457E-002, 4.93608E+001, 3.41073E+001
 1.31001E+002, 4.63943E+001, 5.20202E+001, 6.13691E+001, 5.24492E+001, 3.24268E+001, 4.52110E+001, 5.10054E+001, 1.79818E-002, 2.04587E-001, 4.54528E+003, 2.01905E-001, 5.76016E+001, 4.82040E+001, 1.04639E-001, 5.15681E+001, 4.40738E+001, 5.46672E-002, 4.98029E+001, 3.51063E+001
 1.32001E+002, 4.64981E+001, 5.23829E+001, 5.99543E+001, 5.22949E+001, 3.21072E+001, 4.48137E+001, 5.10250E+001, 1.80005E-002, 2.04571E-001, 4.58433E+003, 2.02277E-001, 5.80280E+001, 4.84279E+001, 1.05973E-001, 5.17597E+001, 4.42813E+001, 5.83487E-002, 5.01920E+001, 3.52069E+001
 1.33005E+002, 4.66033E+001, 5.23225E+001, 5.98662E+001, 5.19275E+001, 3.17626E+001, 4.52634E+001, 5.09290E+001, 1.79964E-002, 2.04552E-001, 4.62342E+003, 2.24270E-001, 6.01968E+001, 4.94382E+001, 9.77778E-002, 5.17532E+001, 4.40601E+001, 5.43634E-002, 5.01655E+001, 3.47901E+001
 1.34003E+002, 4.65656E+001, 5.25637E+001, 5.96163E+001, 5.25443E+001, 3.17581E+001, 4.48698E+001, 5.11417E+001, 1.80004E-002, 2.04522E-001, 4.66253E+003, 2.28720E-001, 5.96760E+001, 4.96830E+001, 1.04556E-001, 5.21182E+001, 4.45405E+001, 4.41198E-002, 4.98683E+001, 3.34299E+001
 1.35000E+002, 4.66894E+001, 5.24409E+001, 5.97194E+001, 5.20929E+001, 3.18264E+001, 4.47865E+001, 5.15728E+001, 1.79964E-002, 2.04493E-001, 4.70144E+003, 2.27911E-001, 6.01353E+001, 4.97217E+001, 1.04639E-001, 5.20721E+001, 4.45772E+001, 4.41557E-002, 5.00222E+001, 3.36680E+001
 1.36001E+002, 4.69610E+001, 5.27218E+001, 6.24928E+001, 5.26136E+001, 3.19992E+001, 4.45817E+001, 5.17996E+001, 1.79939E-002, 2.04468E-001, 4.74035E+003, 2.13092E-001, 6.06671E+001, 4.93637E+001, 1.06542E-001, 5.23259E+001, 4.48361E+001, 4.02589E-002, 5.01836E+001, 3.34188E+001
 1.37005E+002, 4.71164E+001, 5.42356E+001, 6.25488E+001, 5.33720E+001, 3.24827E+001, 4.49945E+001, 5.21899E+001, 1.80025E-002, 2.04454E-001, 4.77931E+003, 1.93315E-001, 5.84556E+001, 4.89403E+001, 1.08115E-001, 5.25473E+001, 4.50151E+001, 3.88933E-002, 5.02310E+001, 3.36420E+001
 1.38002E+002, 4.71492E+001, 5.45106E+001, 6.15877E+001, 5.26504E+001, 3.24793E+001, 4.60271E+001, 5.19962E+001, 1.80045E-002, 2.04443E-001, 4.81828E+003, 1.73172E-001, 5.70975E+001, 4.82836E+001, 1.09263E-001, 5.27696E+001, 4.52921E+001, 4.13074E-002, 5.04740E+001, 3.43933E+001
 1.39001E+002, 4.72570E+001, 5.26336E+001, 6.13024E+001, 5.36515E+001, 3.26150E+001, 4.67854E+001, 5.21233E+001, 1.79910E-002, 2.04434E-001, 4.85724E+003, 1.96230E-001, 5.83287E+001, 4.88971E+001, 1.10909E-001, 5.30755E+001, 4.54098E+001, 4.99760E-002, 5.07236E+001, 3.56218E+001
 1.40005E+002, 4.73291E+001, 5.23240E+001, 6.02864E+001, 5.42140E+001, 3.27367E+001, 4.69254E+001, 5.22894E+001, 1.79947E-002, 2.04415E-001, 4.89625E+003, 2.07264E-001, 5.87029E+001, 4.92203E+001, 1.09279E-001, 5.32214E+001, 4.54297E+001, 5.00328E-002, 5.07731E+001, 3.57504E+001
 1.41006E+002, 4.75047E+001, 5.31833E+001, 6.13254E+001, 5.39503E+001, 3.28200E+001, 4.66064E+001, 5.24715E+001, 1.79754E-002, 2.04413E-001, 4.93518E+003, 1.85264E-001, 5.78816E+001, 4.88268E+001, 1.04811E-001, 5.32309E+001, 4.51997E+001, 4.88438E-002, 5.10034E+001, 3.58742E+001
 1.42002E+002, 4.76551E+001, 5.33244E+001, 6.14008E+001, 5.37657E+001, 3.27437E+001, 4.64037E+001, 5.25624E+001, 1.79894E-002, 2.04434E-001, 4.97421E+003, 1.96266E-001, 5.84254E+001, 4.94115E+001, 9.37263E-002, 5.29292E+001, 4.48746E+001, 4.61433E-002, 5.09122E+001, 3.58033E+001
 1.43002E+002, 4.77614E+001, 5.33304E+001, 6.02295E+001, 5.46451E+001, 3.29087E+001, 4.69178E+001, 5.30235E+001, 1.80236E-002, 2.04425E-001, 5.01312E+003, 2.21269E-001, 6.00802E+001, 5.05567E+001, 1.01015E-001, 5.32333E+001, 4.53329E+001, 5.22964E-002, 5.14281E+001, 3.60444E+001
 1.44004E+002, 4.78991E+001, 5.38933E+001, 6.10387E+001, 5.36298E+001, 3.30697E+001, 4.66170E+001, 5.28188E+001, 1.79926E-002, 2.04378E-001, 5.05220E+003, 1.93045E-001, 5.79550E+001, 4.96354E+001, 1.02838E-001, 5.31831E+001, 4.56299E+001, 5.08131E-002, 5.17035E+001, 3.57905E+001
 1.45002E+002, 4.80558E+001, 5.41668E+001, 6.22346E+001, 5.33496E+001, 3.30700E+001, 4.59302E+001, 5.27001E+001, 1.80001E-002, 2.04334E-001, 5.09102E+003, 2.00641E-001, 5.88726E+001, 5.00261E+001, 9.95314E-002, 5.33199E+001, 4.56760E+001, 5.25991E-002, 5.18607E+001, 3.59859E+001
 1.46002E+002, 4.81384E+001, 5.38597E+001, 6.30804E+001, 5.33954E+001, 3.31102E+001, 4.65887E+001, 5.28437E+001, 1.79891E-002, 2.04330E-001, 5.12983E+003, 2.14288E-001, 6.07378E+001, 5.05194E+001, 9.81017E-002, 5.33997E+001, 4.59353E+001, 5.60945E-002, 5.18623E+001, 3.63102E+001
 1.47006E+002, 4.82042E+001, 5.42545E+001, 6.48830E+001, 5.36656E+001, 3.32917E+001, 4.71186E+001, 5.30711E+001, 1.79950E-002, 2.04329E-001, 5.16856E+003, 1.99365E-001, 5.96775E+001, 5.00854E+001, 9.95950E-002, 5.36038E+001, 4.61870E+001, 5.34170E-002, 5.17450E+001, 3.61592E+001
 1.48002E+002, 4.83425E+001, 5.52683E+001, 6.11455E+001, 5.48447E+001, 3.35677E+001, 4.67881E+001, 5.31754E+001, 1.79979E-002, 2.04319E-001, 5.20753E+003, 1.86570E-001, 5.78454E+001, 4.99696E+001, 9.81563E-002, 5.38650E+001, 4.61502E+001, 5.61988E-002, 5.20648E+001, 3.67220E+001
 1.49006E+002, 4.83168E+001, 5.47021E+001, 6.24291E+001, 5.41845E+001, 3.39265E+001, 4.62908E+001, 5.32221E+001, 1.79915E-002, 2.04328E-001, 5.24657E+003, 1.94189E-001, 5.91916E+001, 5.02046E+001, 1.01708E-001, 5.39093E+001, 4.62926E+001, 5.83632E-002, 5.21773E+001, 3.69054E+001
 1.50001E+002, 4.84859E+001, 5.39524E+001, 6.49010E+001, 5.38411E+001, 3.41820E+001, 4.78235E+001, 5.32331E+001, 1.79918E-002, 2.04352E-001, 5.28514E+003, 2.00915E-001, 5.93847E+001, 5.03594E+001, 1.09402E-001, 5.42996E+001, 4.64777E+001, 5.67766E-002, 5.19258E+001, 3.70289E+001
 1.51004E+002, 4.87932E+001, 5.38269E+001, 6.64083E+001, 5.41821E+001, 3.42242E+001, 4.87185E+001, 5.34811E+001, 1.80046E-002, 2.04358E-001, 5.32375E+003, 1.96904E-001, 6.03323E+001, 5.04241E+001, 1.01612E-001, 5.40209E+001, 4.62647E+001, 5.13259E-002, 5.21723E+001, 3.71776E+001
 1.52005E+002, 4.90289E+001, 5.52627E+001, 6.38463E+001, 5.40126E+001, 3.36558E+001, 4.90114E+001, 5.37406E+001, 1.79961E-002, 2.04353E-001, 5.36284E+003, 1.73872E-001, 5.97119E+001, 5.02373E+001, 9.93845E-002, 5.41039E+001, 4.64827E+001, 3.93880E-002, 5.18940E+001, 3.56943E+001
 1.53003E+002, 4.92588E+001, 5.50186E+001, 6.42193E+001, 5.50640E+001, 3.38210E+001, 4.99175E+001, 5.37695E+001, 1.79894E-002, 2.04349E-001, 5.40193E+003, 1.82717E-001, 6.04901E+001, 5.06545E+001, 1.06575E-001, 5.46983E+001, 4.68685E+001, 4.41626E-002, 5.23909E+001, 3.58089E+001
 1.54006E+002, 4.94289E+001, 5.45983E+001, 6.51136E+001, 5.55973E+001, 3.38992E+001, 4.85494E+001, 5.33971E+001, 1.79944E-002, 2.04335E-001, 5.44079E+003, 2.07418E-001, 6.20612E+001, 5.13338E+001, 1.09240E-001, 5.48632E+001, 4.71728E+001, 4.41707E-002, 5.23878E+001, 3.59153E+001
 1.55002E+002, 4.95123E+001, 5.44444E+001, 6.52028E+001, 5.59216E+001, 3.39841E+001, 4.84534E+001, 5.39028E+001, 1.79903E-002, 2.04313E-001, 5.47943E+003, 2.11818E-001, 6.23141E+001, 5.14610E+001, 1.16665E-001, 5.52724E+001, 4.75484E+001, 3.86833E-002, 5.22150E+001, 3.53996E+001
 1.56001E+002, 4.94126E+001, 5.55518E+001, 6.42256E+001, 5.57521E+001, 3.40597E+001, 4.80544E+001, 5.39027E+001, 1.79981E-002, 2.04305E-001, 5.51807E+003, 2.01395E-001, 6.09245E+001, 5.13840E+001, 1.14975E-001, 5.51556E+001, 4.76409E+001, 4.13219E-002, 5.25677E+001, 3.61153E+001
 1.57004E+002, 4.93452E+001, 5.58113E+001, 6.45912E+001, 5.55357E+001, 3.46533E+001, 4.55893E+001, 5.42646E+001, 1.79933E-002, 2.04297E-001, 5.55692E+003, 1.91777E-001, 5.99602E+001, 5.11722E+001, 1.15059E-001, 5.53325E+001, 4.78096E+001, 5.33274E-002, 5.33303E+001, 3.76569E+001
 1.58004E+002, 4.96575E+001, 5.57160E+001, 6.53613E+001, 5.54645E+001, 3.44303E+001, 4.86525E+001, 5.46275E+001, 1.79989E-002, 2.04281E-001, 5.59560E+003, 1.83357E-001, 6.02130E+001, 5.11226E+001, 1.16849E-001, 5.54130E+001, 4.79501E+001, 5.03068E-002, 5.32355E+001, 3.75324E+001
 1.59004E+002, 4.98222E+001, 5.62051E+001, 6.59655E+001, 5.57211E+001, 3.44176E+001, 4.90108E+001, 5.47294E+001, 1.80001E-002, 2.04268E-001, 5.63435E+003, 2.02925E-001, 6.17663E+001, 5.18477E+001, 1.12561E-001, 5.57039E+001, 4.79824E+001, 4.55931E-002, 5.30702E+001, 3.75328E+001
 1.60002E+002, 4.98191E+001, 5.57668E+001, 6.31112E+001, 5.62922E+001, 3.45569E+001, 4.83583E+001, 5.42688E+001, 1.79985E-002, 2.04278E-001, 5.67337E+003, 2.22108E-001, 6.29079E+001, 5.26983E+001, 1.19147E-001, 5.58823E+001, 4.82931E+001, 4.40484E-002, 5.30673E+001, 3.66252E+001
 1.61006E+002, 4.99277E+001, 5.52949E+001, 6.29201E+001, 5.66670E+001, 3.47692E+001, 4.78471E+001, 5.44119E+001, 1.79970E-002, 2.04285E-001, 5.71227E+003, 2.11544E-001, 6.17948E+001, 5.24573E+001, 1.15945E-001, 5.59515E+001, 4.81722E+001, 4.05305E-002, 5.30467E+001, 3.61357E+001
 1.62000E+002, 5.02279E+001, 5.53507E+001, 6.30561E+001, 5.70247E+001, 3.48559E+001, 4.84316E+001, 5.49054E+001, 1.79783E-002, 2.04284E-001, 5.75103E+003, 1.72293E-001, 5.92682E+001, 5.11782E+001, 1.11652E-001, 5.60468E+001, 4.81307E+001, 4.19685E-002, 5.34304E+001, 3.70280E+001
 1.63001E+002, 5.04833E+001, 5.62251E+001, 6.31704E+001, 5.69281E+001, 3.50964E+001, 4.89682E+001, 5.50711E+001, 1.79987E-002, 2.04283E-001, 5.78985E+003, 2.11997E-001, 6.24290E+001, 5.29172E+001, 1.05331E-001, 5.58852E+001, 4.81425E+001, 4.89063E-002, 5.38323E+001, 3.78927E+001
 1.64001E+002, 5.06136E+001, 5.73318E+001, 6.26019E+001, 5.61110E+001, 3.52957E+001, 4.97876E+001, 5.52320E+001, 1.80045E-002, 2.04295E-001, 5.82849E+003, 2.25555E-001, 6.22392E+001, 5.42838E+001, 1.11586E-001, 5.60232E+001, 4.84932E+001, 5.09789E-002, 5.38485E+001, 3.81361E+001
 1.65004E+002, 5.07735E+001, 5.72099E+001, 6.69661E+001, 5.58828E+001, 3.58424E+001, 4.98217E+001, 5.53049E+001, 1.79873E-002, 2.04313E-001, 5.86683E+003, 2.00346E-001, 6.23427E+001, 5.25425E+001, 1.07028E-001, 5.60208E+001, 4.84002E+001, 4.82068E-002, 5.39928E+001, 3.83814E+001
 1.66005E+002, 5.08105E+001, 5.68290E+001, 6.54123E+001, 5.70375E+001, 3.55854E+001, 4.99545E+001, 5.55530E+001, 1.79932E-002, 2.04319E-001, 5.90564E+003, 1.77663E-001, 6.06184E+001, 5.18979E+001, 1.00383E-001, 5.60868E+001, 4.82630E+001, 4.52895E-002, 5.43148E+001, 3.80713E+001
 1.67003E+002, 5.07315E+001, 5.58806E+001, 6.28329E+001, 5.65628E+001, 3.56919E+001, 4.96752E+001, 5.56591E+001, 1.79952E-002, 2.04305E-001, 5.94447E+003, 2.00917E-001, 6.15160E+001, 5.25581E+001, 9.90955E-002, 5.60421E+001, 4.84054E+001, 4.19295E-002, 5.41906E+001, 3.70873E+001
 1.68001E+002, 5.08279E+001, 5.57698E+001, 6.21484E+001, 5.66225E+001, 3.58968E+001, 4.85153E+001, 5.58631E+001, 1.79932E-002, 2.04286E-001, 5.98311E+003, 2.06967E-001, 6.09573E+001, 5.27364E+001, 1.08956E-001, 5.66172E+001, 4.89053E+001, 4.64974E-002, 5.44489E+001, 3.82142E+001
 1.69000E+002, 5.10632E+001, 5.60788E+001, 6.58199E+001, 5.65569E+001, 3.63486E+001, 4.86328E+001, 5.58371E+001, 1.79956E-002, 2.04268E-001, 6.02150E+003, 2.03587E-001, 6.27305E+001, 5.28318E+001, 1.04590E-001, 5.63492E+001, 4.89088E+001, 5.61171E-002, 5.48182E+001, 3.89138E+001
 1.70001E+002, 5.12699E+001, 5.68643E+001, 6.60953E+001, 5.61162E+001, 3.58532E+001, 5.02494E+001, 5.56444E+001, 1.80029E-002, 2.04247E-001, 6.05988E+003, 1.77561E-001, 6.17893E+001, 5.23245E+001, 1.11191E-001, 5.64927E+001, 4.91682E+001, 4.85376E-002, 5.45194E+001, 3.88076E+001
 1.71003E+002, 5.14798E+001, 5.75415E+001, 6.47418E+001, 5.64218E+001, 3.61692E+001, 5.01809E+001, 5.59323E+001, 1.79890E-002, 2.04223E-001, 6.09857E+003, 1.78269E-001, 6.06174E+001, 5.25464E+001, 9.72672E-002, 5.64523E+001, 4.87383E+001, 4.72509E-002, 5.49301E+001, 3.86580E+001
 1.72002E+002, 5.15201E+001, 5.81174E+001, 6.49212E+001, 5.81611E+001, 3.66714E+001, 5.05544E+001, 5.60320E+001, 1.79882E-002, 2.04195E-001, 6.13720E+003, 1.75293E-001, 6.12158E+001, 5.25838E+001, 9.81612E-002, 5.68783E+001, 4.89780E+001, 4.81583E-002, 5.50166E+001, 3.95935E+001
 1.73004E+002, 5.15009E+001, 5.74953E+001, 6.44998E+001, 5.81435E+001, 3.65336E+001, 5.06957E+001, 5.62099E+001, 1.79986E-002, 2.04186E-001, 6.17579E+003, 1.68712E-001, 6.05050E+001, 5.23893E+001, 1.09495E-001, 5.71047E+001, 4.95907E+001, 4.79255E-002, 5.48153E+001, 3.94061E+001
 1.74003E+002, 5.15763E+001, 5.73144E+001, 6.58247E+001, 5.67943E+001, 3.67200E+001, 5.08522E+001, 5.62301E+001, 1.79952E-002, 2.04182E-001, 6.21449E+003, 1.91664E-001, 6.23675E+001, 5.32493E+001, 1.18490E-001, 5.72373E+001, 4.99956E+001, 5.06729E-002, 5.48198E+001, 3.95674E+001
 1.75003E+002, 5.18409E+001, 5.77859E+001, 6.38821E+001, 5.77109E+001, 3.70713E+001, 5.09913E+001, 5.64241E+001, 1.80044E-002, 2.04162E-001, 6.25306E+003, 2.26388E-001, 6.39211E+001, 5.50637E+001, 1.13337E-001, 5.74171E+001, 4.98820E+001, 4.50229E-002, 5.50381E+001, 3.88716E+001
 1.76001E+002, 5.20386E+001, 5.79269E+001, 6.62688E+001, 5.79214E+001, 3.70705E+001, 5.13854E+001, 5.65879E+001, 1.79812E-002, 2.04125E-001, 6.29149E+003, 1.97564E-001, 6.22596E+001, 5.36922E+001, 1.07709E-001, 5.75235E+001, 4.98235E+001, 4.74979E-002, 5.54959E+001, 3.88272E+001
 1.77003E+002, 5.22403E+001, 5.86321E+001, 6.59758E+001, 5.77855E+001, 3.66345E+001, 5.15291E+001, 5.67541E+001, 1.80117E-002, 2.04108E-001, 6.33001E+003, 1.71101E-001, 6.18532E+001, 5.31869E+001, 1.07548E-001, 5.75548E+001, 4.99245E+001, 4.71757E-002, 5.54526E+001, 3.95993E+001
 1.78005E+002, 5.23363E+001, 5.96629E+001, 6.50301E+001, 5.76623E+001, 3.68072E+001, 5.12476E+001, 5.64394E+001, 1.79942E-002, 2.04112E-001, 6.36894E+003, 1.68096E-001, 6.18350E+001, 5.33117E+001, 9.89975E-002, 5.73687E+001, 4.94858E+001, 4.85237E-002, 5.53720E+001, 3.91588E+001
 1.79003E+002, 5.23573E+001, 5.82206E+001, 6.63287E+001, 5.79018E+001, 3.70009E+001, 5.03594E+001, 5.66373E+001, 1.79909E-002, 2.04102E-001, 6.40747E+003, 1.97820E-001, 6.25506E+001, 5.39654E+001, 9.81342E-002, 5.73716E+001, 4.98395E+001, 4.98996E-002, 5.54960E+001, 3.95185E+001
 1.80005E+002, 5.22958E+001, 5.70141E+001, 6.49424E+001, 5.77788E+001, 3.70361E+001, 4.90304E+001, 5.70280E+001, 1.79915E-002, 2.04089E-001, 6.44601E+003, 1.88706E-001, 6.12479E+001, 5.35189E+001, 1.03528E-001, 5.76376E+001, 5.00887E+001, 5.70077E-002, 5.61258E+001, 3.96577E+001
 1.81006E+002, 5.24437E+001, 5.77383E+001, 6.65157E+001, 5.80213E+001, 3.72397E+001, 5.01369E+001, 5.74667E+001, 1.79873E-002, 2.04113E-001, 6.48450E+003, 1.78568E-001, 6.23725E+001, 5.35637E+001, 9.85291E-002, 5.77821E+001, 4.99877E+001, 5.65048E-002, 5.64069E+001, 4.00162E+001
 1.82004E+002, 5.26313E+001, 5.89673E+001, 6.54082E+001, 5.76169E+001, 3.71437E+001, 4.94525E+001, 5.75169E+001, 1.80034E-002, 2.04131E-001, 6.52293E+003, 1.95510E-001, 6.32106E+001, 5.44481E+001, 1.01950E-001, 5.78485E+001, 5.02109E+001, 5.72368E-002, 5.63173E+001, 4.04242E+001
 1.83001E+002, 5.26660E+001, 5.89611E+001, 6.56615E+001, 5.84747E+001, 3.72911E+001, 5.15511E+001, 5.74119E+001, 1.79907E-002, 2.04141E-001, 6.56124E+003, 2.10233E-001, 6.43710E+001, 5.49060E+001, 1.09779E-001, 5.84558E+001, 5.06443E+001, 5.76227E-002, 5.61066E+001, 4.03904E+001
 1.84006E+002, 5.28143E+001, 5.88530E+001, 6.66432E+001, 5.89446E+001, 3.77934E+001, 5.18786E+001, 5.74193E+001, 1.80007E-002, 2.04135E-001, 6.59962E+003, 1.88474E-001, 6.28079E+001, 5.43359E+001, 1.07789E-001, 5.84006E+001, 5.07248E+001, 5.23975E-002, 5.62337E+001, 4.06913E+001
 1.85005E+002, 5.29979E+001, 5.85391E+001, 6.94793E+001, 5.91225E+001, 3.76062E+001, 5.24390E+001, 5.77806E+001, 1.79957E-002, 2.04135E-001, 6.63794E+003, 1.91596E-001, 6.43144E+001, 5.44869E+001, 9.56133E-002, 5.81023E+001, 5.02218E+001, 5.01137E-002, 5.65025E+001, 4.08384E+001
 1.86003E+002, 5.30732E+001, 5.80002E+001, 6.83587E+001, 5.88525E+001, 3.76633E+001, 5.27055E+001, 5.79230E+001, 1.80032E-002, 2.04138E-001, 6.67613E+003, 2.00448E-001, 6.44074E+001, 5.47035E+001, 9.81903E-002, 5.82500E+001, 5.06978E+001, 4.80313E-002, 5.65220E+001, 4.06867E+001
 1.87002E+002, 5.30820E+001, 5.79470E+001, 6.83311E+001, 5.90813E+001, 3.81539E+001, 5.28979E+001, 5.77771E+001, 1.79879E-002, 2.04137E-001, 6.71446E+003, 1.99518E-001, 6.40113E+001, 5.48451E+001, 1.10029E-001, 5.88849E+001, 5.11654E+001, 5.04384E-002, 5.65765E+001, 4.10637E+001
 1.88005E+002, 5.29193E+001, 5.83137E+001, 6.64641E+001, 5.95016E+001, 3.83266E+001, 5.29270E+001, 5.80225E+001, 1.79997E-002, 2.04139E-001, 6.75306E+003, 2.15352E-001, 6.49672E+001, 5.57618E+001, 1.08569E-001, 5.89956E+001, 5.13632E+001, 5.13529E-002, 5.66209E+001, 4.12851E+001
 1.89003E+002, 5.32933E+001, 5.89032E+001, 6.79109E+001, 5.89025E+001, 3.77617E+001, 5.15495E+001, 5.77882E+001, 1.80037E-002, 2.04140E-001, 6.79162E+003, 1.92383E-001, 6.38081E+001, 5.49807E+001, 1.16006E-001, 5.90515E+001, 5.15557E+001, 4.45960E-002, 5.67023E+001, 3.98375E+001
 1.90004E+002, 5.35632E+001, 5.94820E+001, 6.72536E+001, 5.89335E+001, 3.77849E+001, 5.14351E+001, 5.80716E+001, 1.79884E-002, 2.04132E-001, 6.83012E+003, 1.97602E-001, 6.48193E+001, 5.54055E+001, 1.05027E-001, 5.87947E+001, 5.12015E+001, 4.20046E-002, 5.68524E+001, 3.92320E+001
 1.91001E+002, 5.37699E+001, 5.94851E+001, 6.76341E+001, 5.89754E+001, 3.81170E+001, 5.29682E+001, 5.81994E+001, 1.79941E-002, 2.04117E-001, 6.86841E+003, 1.96332E-001, 6.42473E+001, 5.55065E+001, 1.01842E-001, 5.88952E+001, 5.13078E+001, 3.78657E-002, 5.66873E+001, 3.93296E+001
 1.92000E+002, 5.39974E+001, 5.95662E+001, 6.72365E+001, 5.92554E+001, 3.86693E+001, 5.28330E+001, 5.82716E+001, 1.79915E-002, 2.04107E-001, 6.90688E+003, 2.04475E-001, 6.62950E+001, 5.60076E+001, 1.04659E-001, 5.92659E+001, 5.15868E+001, 4.01955E-002, 5.68263E+001, 4.01534E+001
 1.93005E+002, 5.41273E+001, 5.96349E+001, 6.57641E+001, 5.98948E+001, 3.87061E+001, 5.31883E+001, 5.84755E+001, 1.79980E-002, 2.04105E-001, 6.94533E+003, 1.80653E-001, 6.33393E+001, 5.52840E+001, 1.06724E-001, 5.95652E+001, 5.18562E+001, 4.75473E-002, 5.72437E+001, 4.14614E+001
 1.94002E+002, 5.42452E+001, 6.00813E+001, 6.89488E+001, 6.03116E+001, 3.86339E+001, 5.28887E+001, 5.84994E+001, 1.79878E-002, 2.04107E-001, 6.98358E+003, 1.96404E-001, 6.40337E+001, 5.58088E+001, 1.07305E-001, 5.94787E+001, 5.18237E+001, 4.76142E-002, 5.72874E+001, 4.16615E+001
 1.95006E+002, 5.42327E+001, 6.05742E+001, 6.94878E+001, 6.03028E+001, 3.83621E+001, 5.28860E+001, 5.88800E+001, 1.80003E-002, 2.04102E-001, 7.02184E+003, 1.96344E-001, 6.46214E+001, 5.59077E+001, 1.06564E-001, 5.94345E+001, 5.18743E+001, 3.93441E-002, 5.68412E+001, 3.98060E+001
 1.96002E+002, 5.42982E+001, 6.08838E+001, 6.84655E+001, 5.97106E+001, 3.88010E+001, 5.32110E+001, 5.89247E+001, 1.80040E-002, 2.04087E-001, 7.06035E+003, 1.76746E-001, 6.42395E+001, 5.55093E+001, 1.03496E-001, 5.96440E+001, 5.18310E+001, 3.99762E-002, 5.74876E+001, 4.01084E+001
 1.97006E+002, 5.43845E+001, 6.05315E+001, 6.73633E+001, 5.98242E+001, 3.91392E+001, 5.35269E+001, 5.90963E+001, 1.79784E-002, 2.04075E-001, 7.09876E+003, 1.96448E-001, 6.50885E+001, 5.61951E+001, 1.04670E-001, 5.97977E+001, 5.22031E+001, 4.68974E-002, 5.78263E+001, 4.12551E+001
 1.98006E+002, 5.45382E+001, 6.05932E+001, 6.69619E+001, 6.07965E+001, 3.89517E+001, 5.27949E+001, 5.90777E+001, 1.79896E-002, 2.04070E-001, 7.13704E+003, 1.94922E-001, 6.42788E+001, 5.62007E+001, 1.10904E-001, 6.01037E+001, 5.24241E+001, 4.61530E-002, 5.77640E+001, 4.15746E+001
 1.99001E+002, 5.47004E+001, 6.01192E+001, 6.76024E+001, 6.12117E+001, 3.90972E+001, 5.28177E+001, 5.87361E+001, 1.79946E-002, 2.04049E-001, 7.17531E+003, 2.04164E-001, 6.45986E+001, 5.63858E+001, 1.05578E-001, 5.99098E+001, 5.24109E+001, 4.73146E-002, 5.77400E+001, 4.15963E+001
 2.00002E+002, 5.47946E+001, 6.00289E+001, 6.73893E+001, 6.09656E+001, 3.97178E+001, 5.29862E+001, 5.94657E+001, 1.80071E-002, 2.04025E-001, 7.21348E+003, 1.89861E-001, 6.44503E+001, 5.61792E+001, 1.05011E-001, 6.00327E+001, 5.25122E+001, 5.13045E-002, 5.82710E+001, 4.20845E+001
 2.01004E+002, 5.48614E+001, 6.04751E+001, 6.95952E+001, 6.07094E+001, 3.96125E+001, 5.45403E+001, 5.95981E+001, 1.79965E-002, 2.04010E-001, 7.25165E+003, 1.85998E-001, 6.54545E+001, 5.62408E+001, 1.09544E-001, 6.03325E+001, 5.27354E+001, 5.24888E-002, 5.83853E+001, 4.24543E+001
 2.02002E+002, 5.50556E+001, 6.07369E+001, 6.98092E+001, 6.12829E+001, 3.94044E+001, 5.39757E+001, 5.94926E+001, 1.80022E-002, 2.04005E-001, 7.28977E+003, 2.00204E-001, 6.72226E+001, 5.69888E+001, 9.43478E-002, 6.01602E+001, 5.22168E+001, 4.95472E-002, 5.83858E+001, 4.21447E+001
 2.03003E+002, 5.51665E+001, 6.07695E+001, 6.89337E+001, 6.09402E+001, 3.98590E+001, 5.32913E+001, 5.96256E+001, 1.79913E-002, 2.03995E-001, 7.32786E+003, 2.27692E-001, 6.86008E+001, 5.83524E+001, 9.06972E-002, 6.02935E+001, 5.22198E+001, 5.53183E-002, 5.84097E+001, 4.28051E+001
 2.04003E+002, 5.50688E+001, 6.01154E+001, 6.92999E+001, 6.08036E+001, 3.95170E+001, 5.43373E+001, 5.97367E+001, 1.79966E-002, 2.03992E-001, 7.36592E+003, 2.16825E-001, 6.80337E+001, 5.74441E+001, 9.55184E-002, 6.03841E+001, 5.25826E+001, 4.74010E-002, 5.85304E+001, 4.23811E+001
 2.05004E+002, 5.51001E+001, 6.06015E+001, 6.74653E+001, 6.06139E+001, 3.95430E+001, 5.49318E+001, 5.99853E+001, 1.79901E-002, 2.03991E-001, 7.40420E+003, 2.05430E-001, 6.57680E+001, 5.70639E+001, 1.06617E-001, 6.05667E+001, 5.29729E+001, 3.90675E-002, 5.84955E+001, 4.13165E+001
 2.06005E+002, 5.53428E+001, 6.15042E+001, 6.79424E+001, 6.09871E+001, 4.01477E+001, 5.42726E+001, 6.01950E+001, 1.80049E-002, 2.03968E-001, 7.44245E+003, 2.16545E-001, 6.77704E+001, 5.77714E+001, 1.00455E-001, 6.04723E+001, 5.30171E+001, 4.12735E-002, 5.86846E+001, 4.19842E+001
 2.07000E+002, 5.55611E+001, 6.11492E+001, 7.00435E+001, 6.04427E+001, 4.07205E+001, 5.44115E+001, 6.02537E+001, 1.79874E-002, 2.03932E-001, 7.48039E+003, 1.96316E-001, 6.59978E+001, 5.71212E+001, 1.14079E-001, 6.08619E+001, 5.36670E+001, 4.86372E-002, 5.89738E+001, 4.36934E+001
 2.08004E+002, 5.56173E+001, 6.07883E+001, 6.99258E+001, 6.08957E+001, 4.07939E+001, 5.46425E+001, 6.02871E+001, 1.79775E-002, 2.03913E-001, 7.51828E+003, 1.83114E-001, 6.53333E+001, 5.68020E+001, 1.06721E-001, 6.10680E+001, 5.33762E+001, 5.02895E-002, 5.89394E+001, 4.36727E+001
 2.09001E+002, 5.56763E+001, 6.11931E+001, 6.89565E+001, 6.20640E+001, 4.06958E+001, 5.42272E+001, 6.04490E+001, 1.80068E-002, 2.03910E-001, 7.55655E+003, 2.05498E-001, 6.71639E+001, 5.78043E+001, 1.06881E-001, 6.13066E+001, 5.36475E+001, 5.19516E-002, 5.90531E+001, 4.36707E+001
 2.10005E+002, 5.57213E+001, 6.14666E+001, 6.94811E+001, 6.10765E+001, 4.05595E+001, 5.42892E+001, 6.02083E+001, 1.80006E-002, 2.03913E-001, 7.59482E+003, 1.89257E-001, 6.60000E+001, 5.72713E+001, 1.13585E-001, 6.12721E+001, 5.39697E+001, 5.10417E-002, 5.92165E+001, 4.35438E+001
 2.11002E+002, 5.56805E+001, 6.17632E+001, 6.96315E+001, 6.13887E+001, 4.04687E+001, 5.44079E+001, 6.02176E+001, 1.79757E-002, 2.03908E-001, 7.63288E+003, 1.96535E-001, 6.65796E+001, 5.76549E+001, 1.09694E-001, 6.14313E+001, 5.39149E+001, 4.74255E-002, 5.91640E+001, 4.35637E+001
 2.12006E+002, 5.59646E+001, 6.17253E+001, 6.98419E+001, 6.25549E+001, 4.06921E+001, 5.43440E+001, 6.03072E+001, 1.80148E-002, 2.03895E-001, 7.67106E+003, 2.25565E-001, 7.01221E+001, 5.90371E+001, 1.06429E-001, 6.16355E+001, 5.38005E+001, 4.49051E-002, 5.92261E+001, 4.32776E+001
 2.13005E+002, 5.62205E+001, 6.19701E+001, 7.08866E+001, 6.22420E+001, 4.10218E+001, 5.49753E+001, 6.06289E+001, 1.79902E-002, 2.03879E-001, 7.70915E+003, 2.28374E-001, 7.00844E+001, 5.97020E+001, 1.06430E-001, 6.15141E+001, 5.40948E+001, 4.71483E-002, 5.95894E+001, 4.36077E+001
 2.14004E+002, 5.63818E+001, 6.22015E+001, 7.17191E+001, 6.20724E+001, 4.08582E+001, 5.60113E+001, 6.07557E+001, 1.80018E-002, 2.03873E-001, 7.74724E+003, 2.03904E-001, 6.86498E+001, 5.83691E+001, 1.14753E-001, 6.18908E+001, 5.44479E+001, 4.94297E-002, 5.98462E+001, 4.41421E+001
 2.15003E+002, 5.65213E+001, 6.18743E+001, 7.38282E+001, 6.21251E+001, 4.09701E+001, 5.59300E+001, 6.07240E+001, 1.80037E-002, 2.03879E-001, 7.78507E+003, 1.93269E-001, 6.76575E+001, 5.80225E+001, 1.13834E-001, 6.20817E+001, 5.45027E+001, 4.62791E-002, 5.95915E+001, 4.36549E+001
 2.16004E+002, 5.65937E+001, 6.27553E+001, 7.33747E+001, 6.23999E+001, 4.13064E+001, 5.50316E+001, 6.10416E+001, 1.79967E-002, 2.03877E-001, 7.82308E+003, 1.66421E-001, 6.61936E+001, 5.73673E+001, 1.07714E-001, 6.20600E+001, 5.44611E+001, 4.35616E-002, 5.94587E+001, 4.29656E+001
 2.17003E+002, 5.66181E+001, 6.23949E+001, 7.11856E+001, 6.28678E+001, 4.12522E+001, 5.47867E+001, 6.13059E+001, 1.79828E-002, 2.03874E-001, 7.86139E+003, 1.95277E-001, 6.79573E+001, 5.83369E+001, 1.12223E-001, 6.23982E+001, 5.46977E+001, 4.53464E-002, 5.99076E+001, 4.33962E+001
 2.18000E+002, 5.67559E+001, 6.28460E+001, 6.97589E+001, 6.28084E+001, 4.15362E+001, 5.49985E+001, 6.12841E+001, 1.79940E-002, 2.03860E-001, 7.89945E+003, 2.03924E-001, 6.86821E+001, 5.88417E+001, 1.12567E-001, 6.22558E+001, 5.48387E+001, 5.35745E-002, 6.02379E+001, 4.44210E+001
 2.19006E+002, 5.70134E+001, 6.30165E+001, 7.01563E+001, 6.22545E+001, 4.17067E+001, 5.62795E+001, 6.13760E+001, 1.79960E-002, 2.03855E-001, 7.93762E+003, 2.12411E-001, 6.98501E+001, 5.92687E+001, 1.10803E-001, 6.22047E+001, 5.47668E+001, 5.45028E-002, 6.02102E+001, 4.47174E+001
 2.20005E+002, 5.71378E+001, 6.24177E+001, 7.08541E+001, 6.26173E+001, 4.16927E+001, 5.64156E+001, 6.15644E+001, 1.79914E-002, 2.03856E-001, 7.97561E+003, 2.22093E-001, 7.05618E+001, 5.95706E+001, 9.27228E-002, 6.19268E+001, 5.39921E+001, 4.51427E-002, 6.00928E+001, 4.37652E+001
 2.21001E+002, 5.72001E+001, 6.31660E+001, 7.17037E+001, 6.30009E+001, 4.20456E+001, 5.63709E+001, 6.17329E+001, 1.79888E-002, 2.03848E-001, 8.01347E+003, 2.09132E-001, 6.98929E+001, 5.93705E+001, 8.92155E-002, 6.19677E+001, 5.42622E+001, 4.49964E-002, 6.00709E+001, 4.37330E+001
 2.22007E+002, 5.72904E+001, 6.38482E+001, 7.04203E+001, 6.26720E+001, 4.16740E+001, 5.68325E+001, 6.20549E+001, 1.79957E-002, 2.03848E-001, 8.05169E+003, 1.80461E-001, 6.68720E+001, 5.85853E+001, 1.03182E-001, 6.25042E+001, 5.49227E+001, 4.76590E-002, 6.05109E+001, 4.48986E+001
 2.23003E+002, 5.73646E+001, 6.35972E+001, 7.10348E+001, 6.34629E+001, 4.16250E+001, 5.60220E+001, 6.19324E+001, 1.79982E-002, 2.03856E-001, 8.08984E+003, 1.89502E-001, 6.93764E+001, 5.89673E+001, 9.82848E-002, 6.26443E+001, 5.48687E+001, 4.94271E-002, 6.07290E+001, 4.46070E+001
 2.24000E+002, 5.74065E+001, 6.28657E+001, 7.20163E+001, 6.36069E+001, 4.21535E+001, 5.51187E+001, 6.17027E+001, 1.80006E-002, 2.03856E-001, 8.12759E+003, 2.01796E-001, 6.95196E+001, 5.93021E+001, 1.02449E-001, 6.29056E+001, 5.51691E+001, 5.08423E-002, 6.07831E+001, 4.44922E+001
 2.25004E+002, 5.73243E+001, 6.28791E+001, 7.28306E+001, 6.36124E+001, 4.18954E+001, 5.49497E+001, 6.19286E+001, 1.79927E-002, 2.03857E-001, 8.16540E+003, 2.09596E-001, 6.98597E+001, 5.94495E+001, 1.02326E-001, 6.29848E+001, 5.51107E+001, 4.97001E-002, 6.09032E+001, 4.43767E+001
 2.26000E+002, 5.75169E+001, 6.35145E+001, 7.13280E+001, 6.44708E+001, 4.18770E+001, 5.59721E+001, 6.23227E+001, 1.79997E-002, 2.03849E-001, 8.20338E+003, 1.79642E-001, 6.76836E+001, 5.87812E+001, 9.36728E-002, 6.27481E+001, 5.50227E+001, 4.04883E-002, 6.07983E+001, 4.39287E+001
 2.27001E+002, 5.78984E+001, 6.44596E+001, 7.17125E+001, 6.36875E+001, 4.20836E+001, 5.71213E+001, 6.21823E+001, 1.79916E-002, 2.03829E-001, 8.24121E+003, 1.79859E-001, 6.74373E+001, 5.91428E+001, 1.08229E-001, 6.29761E+001, 5.57657E+001, 4.31056E-002, 6.09883E+001, 4.40771E+001
 2.28001E+002, 5.80627E+001, 6.45122E+001, 7.25325E+001, 6.34594E+001, 4.23368E+001, 5.75922E+001, 6.20733E+001, 1.80017E-002, 2.03806E-001, 8.27902E+003, 1.88930E-001, 6.77729E+001, 5.94902E+001, 1.14154E-001, 6.34460E+001, 5.60615E+001, 4.39186E-002, 6.11215E+001, 4.42427E+001
 2.29001E+002, 5.81888E+001, 6.34973E+001, 7.12660E+001, 6.32082E+001, 4.22887E+001, 5.78085E+001, 6.26424E+001, 1.79983E-002, 2.03798E-001, 8.31702E+003, 2.03421E-001, 6.92383E+001, 5.99720E+001, 1.12521E-001, 6.36197E+001, 5.61438E+001, 4.30366E-002, 6.11916E+001, 4.39472E+001
 2.30004E+002, 5.80077E+001, 6.38602E+001, 7.03411E+001, 6.36574E+001, 4.21925E+001, 5.77716E+001, 6.27923E+001, 1.79987E-002, 2.03794E-001, 8.35493E+003, 1.94138E-001, 6.76337E+001, 5.96564E+001, 1.07589E-001, 6.35777E+001, 5.59365E+001, 4.49785E-002, 6.13411E+001, 4.44872E+001
 2.31001E+002, 5.78825E+001, 6.38622E+001, 7.14192E+001, 6.39039E+001, 4.23097E+001, 5.75500E+001, 6.29601E+001, 1.79826E-002, 2.03782E-001, 8.39289E+003, 1.62214E-001, 6.72226E+001, 5.87631E+001, 1.04245E-001, 6.35705E+001, 5.59516E+001, 4.33138E-002, 6.14377E+001, 4.45317E+001
 2.32003E+002, 5.83017E+001, 6.43455E+001, 6.99576E+001, 6.44940E+001, 4.24252E+001, 5.68104E+001, 6.31942E+001, 1.80001E-002, 2.03764E-001, 8.43088E+003, 1.74912E-001, 6.77116E+001, 5.94551E+001, 1.07528E-001, 6.37113E+001, 5.63005E+001, 4.12896E-002, 6.13997E+001, 4.47174E+001
 2.33006E+002, 5.83920E+001, 6.46786E+001, 7.04431E+001, 6.37463E+001, 4.26443E+001, 5.65506E+001, 6.29657E+001, 1.79923E-002, 2.03737E-001, 8.46892E+003, 1.80221E-001, 6.78102E+001, 5.96351E+001, 1.14298E-001, 6.40116E+001, 5.67192E+001, 4.35964E-002, 6.16429E+001, 4.49720E+001
 2.34003E+002, 5.84808E+001, 6.36329E+001, 7.43668E+001, 6.46253E+001, 4.28104E+001, 5.75286E+001, 6.25578E+001, 1.80043E-002, 2.03709E-001, 8.50655E+003, 2.08200E-001, 7.06361E+001, 6.04981E+001, 1.14512E-001, 6.41806E+001, 5.68631E+001, 4.61390E-002, 6.15941E+001, 4.51665E+001
 2.35005E+002, 5.86717E+001, 6.40714E+001, 7.66623E+001, 6.43549E+001, 4.29400E+001, 5.79933E+001, 6.32805E+001, 1.79846E-002, 2.03692E-001, 8.54413E+003, 2.12175E-001, 7.30393E+001, 6.09135E+001, 1.13440E-001, 6.42282E+001, 5.68810E+001, 4.73677E-002, 6.17961E+001, 4.53918E+001
 2.36002E+002, 5.88554E+001, 6.49835E+001, 7.58281E+001, 6.34831E+001, 4.33323E+001, 5.74146E+001, 6.35451E+001, 1.79881E-002, 2.03683E-001, 8.58193E+003, 2.00682E-001, 7.20339E+001, 6.07669E+001, 1.13767E-001, 6.40221E+001, 5.70147E+001, 5.08140E-002, 6.22290E+001, 4.63771E+001
 2.37003E+002, 5.90390E+001, 6.49704E+001, 7.28538E+001, 6.37777E+001, 4.38989E+001, 5.75623E+001, 6.35472E+001, 1.80083E-002, 2.03701E-001, 8.61981E+003, 1.78046E-001, 6.98265E+001, 6.01956E+001, 1.13359E-001, 6.44040E+001, 5.69795E+001, 5.01966E-002, 6.21538E+001, 4.68575E+001
 2.38004E+002, 5.92290E+001, 6.38127E+001, 7.36869E+001, 6.55450E+001, 4.44630E+001, 5.68057E+001, 6.34566E+001, 1.80030E-002, 2.03719E-001, 8.65756E+003, 1.91363E-001, 6.99533E+001, 6.05317E+001, 1.13280E-001, 6.47375E+001, 5.71067E+001, 5.41429E-002, 6.22779E+001, 4.69589E+001
 2.39003E+002, 5.93176E+001, 6.37921E+001, 7.15038E+001, 6.57301E+001, 4.36860E+001, 5.78367E+001, 6.35115E+001, 1.79933E-002, 2.03726E-001, 8.69562E+003, 1.95756E-001, 6.91357E+001, 6.07354E+001, 1.22583E-001, 6.50322E+001, 5.74888E+001, 4.97242E-002, 6.23554E+001, 4.63182E+001
 2.40001E+002, 5.93984E+001, 6.44490E+001, 7.35450E+001, 6.47121E+001, 4.32790E+001, 5.83239E+001, 6.31967E+001, 1.79935E-002, 2.03715E-001, 8.73345E+003, 2.06681E-001, 7.08309E+001, 6.12797E+001, 1.06782E-001, 6.44022E+001, 5.69620E+001, 4.16310E-002, 6.23031E+001, 4.45938E+001
 2.41004E+002, 5.95305E+001, 6.50721E+001, 7.32260E+001, 6.44703E+001, 4.33937E+001, 5.81435E+001, 6.33562E+001, 1.80012E-002, 2.03698E-001, 8.77111E+003, 2.15643E-001, 7.19103E+001, 6.17855E+001, 9.75162E-002, 6.43107E+001, 5.70207E+001, 3.99804E-002, 6.20378E+001, 4.47084E+001
 2.42000E+002, 5.96025E+001, 6.52009E+001, 7.33497E+001, 6.49639E+001, 4.34663E+001, 5.78037E+001, 6.37223E+001, 1.79881E-002, 2.03689E-001, 8.80889E+003, 2.09659E-001, 7.06123E+001, 6.15436E+001, 1.20791E-001, 6.52954E+001, 5.79219E+001, 3.97621E-002, 6.21200E+001, 4.47978E+001
 2.43001E+002, 5.97190E+001, 6.51791E+001, 7.30886E+001, 6.59803E+001, 4.36049E+001, 5.69878E+001, 6.33951E+001, 1.79847E-002, 2.03678E-001, 8.84676E+003, 2.25177E-001, 7.30582E+001, 6.26379E+001, 1.10626E-001, 6.51622E+001, 5.76494E+001, 3.83485E-002, 6.24940E+001, 4.50383E+001
 2.44004E+002, 5.98824E+001, 6.50420E+001, 7.42558E+001, 6.48699E+001, 4.39065E+001, 5.80238E+001, 6.37652E+001, 1.80047E-002, 2.03674E-001, 8.88454E+003, 2.26453E-001, 7.42977E+001, 6.26425E+001, 1.09113E-001, 6.49420E+001, 5.77770E+001, 3.81064E-002, 6.27831E+001, 4.54955E+001
 2.45000E+002, 5.97943E+001, 6.50027E+001, 7.58259E+001, 6.53214E+001, 4.40733E+001, 5.86677E+001, 6.42296E+001, 1.79961E-002, 2.03666E-001, 8.92209E+003, 2.28579E-001, 7.56649E+001, 6.29555E+001, 1.13130E-001, 6.53691E+001, 5.78544E+001, 4.00525E-002, 6.26423E+001, 4.60888E+001
 2.46002E+002, 5.98335E+001, 6.51244E+001, 7.57507E+001, 6.56645E+001, 4.43697E+001, 5.93375E+001, 6.42826E+001, 1.79845E-002, 2.03656E-001, 8.95975E+003, 2.14609E-001, 7.37057E+001, 6.23729E+001, 1.05181E-001, 6.51988E+001, 5.78068E+001, 5.04610E-002, 6.30014E+001, 4.72750E+001
 2.47004E+002, 6.01664E+001, 6.53650E+001, 7.44067E+001, 6.54868E+001, 4.50074E+001, 5.79355E+001, 6.44113E+001, 1.80008E-002, 2.03656E-001, 8.99776E+003, 1.99272E-001, 7.12557E+001, 6.19322E+001, 1.15549E-001, 6.55702E+001, 5.82952E+001, 5.25872E-002, 6.34585E+001, 4.74480E+001
 2.48000E+002, 6.02058E+001, 6.54359E+001, 7.23597E+001, 6.62894E+001, 4.48248E+001, 5.85523E+001, 6.44578E+001, 1.79883E-002, 2.03649E-001, 9.03547E+003, 2.19488E-001, 7.22746E+001, 6.25901E+001, 1.16023E-001, 6.58064E+001, 5.83188E+001, 5.21095E-002, 6.36701E+001, 4.78369E+001
 2.49002E+002, 6.02954E+001, 6.54448E+001, 7.44683E+001, 6.66779E+001, 4.51728E+001, 5.88265E+001, 6.48451E+001, 1.79895E-002, 2.03646E-001, 9.07305E+003, 2.07062E-001, 7.13001E+001, 6.21914E+001, 1.02305E-001, 6.55306E+001, 5.79035E+001, 4.70700E-002, 6.33614E+001, 4.69353E+001
 2.50003E+002, 6.03217E+001, 6.59158E+001, 7.51916E+001, 6.67084E+001, 4.49633E+001, 5.91592E+001, 6.50691E+001, 1.79954E-002, 2.03645E-001, 9.11056E+003, 2.24441E-001, 7.47612E+001, 6.30991E+001, 1.00884E-001, 6.55607E+001, 5.80137E+001, 4.72004E-002, 6.33865E+001, 4.73379E+001
 2.51002E+002, 6.04396E+001, 6.59465E+001, 7.33370E+001, 6.55364E+001, 4.52346E+001, 5.91347E+001, 6.48002E+001, 1.79971E-002, 2.03647E-001, 9.14829E+003, 2.23752E-001, 7.35933E+001, 6.32036E+001, 1.05219E-001, 6.55436E+001, 5.83141E+001, 5.19366E-002, 6.39184E+001, 4.84870E+001
 2.52005E+002, 6.07284E+001, 6.66731E+001, 7.27341E+001, 6.56211E+001, 4.60142E+001, 5.92780E+001, 6.49862E+001, 1.80058E-002, 2.03642E-001, 9.18621E+003, 2.08828E-001, 7.09634E+001, 6.28171E+001, 1.01504E-001, 6.56718E+001, 5.82812E+001, 5.35601E-002, 6.38674E+001, 4.86636E+001
 2.53002E+002, 6.07903E+001, 6.68261E+001, 7.46460E+001, 6.62553E+001, 4.56888E+001, 5.93342E+001, 6.50854E+001, 1.79940E-002, 2.03624E-001, 9.22371E+003, 2.06432E-001, 7.28691E+001, 6.28308E+001, 1.03833E-001, 6.59257E+001, 5.85819E+001, 4.67146E-002, 6.38238E+001, 4.82885E+001
 2.54005E+002, 6.06741E+001, 6.63721E+001, 7.51098E+001, 6.58545E+001, 4.53362E+001, 5.96545E+001, 6.50063E+001, 1.79947E-002, 2.03609E-001, 9.26118E+003, 1.93348E-001, 7.12376E+001, 6.22635E+001, 1.06875E-001, 6.60212E+001, 5.87290E+001, 4.42370E-002, 6.39221E+001, 4.72796E+001
 2.55005E+002, 6.07556E+001, 6.66724E+001, 7.35455E+001, 6.73295E+001, 4.53735E+001, 5.96639E+001, 6.53891E+001, 1.79903E-002, 2.03594E-001, 9.29883E+003, 1.75492E-001, 6.96926E+001, 6.19032E+001, 1.11034E-001, 6.64522E+001, 5.90255E+001, 4.49111E-002, 6.42152E+001, 4.74110E+001
 2.56007E+002, 6.10841E+001, 6.74894E+001, 7.49867E+001, 6.70921E+001, 4.54327E+001, 5.97633E+001, 6.53566E+001, 1.79878E-002, 2.03576E-001, 9.33647E+003, 1.86531E-001, 7.12552E+001, 6.25672E+001, 1.09592E-001, 6.65010E+001, 5.89583E+001, 4.33574E-002, 6.40578E+001, 4.74938E+001
 2.57005E+002, 6.11481E+001, 6.72959E+001, 7.28638E+001, 6.61816E+001, 4.55384E+001, 5.97303E+001, 6.54040E+001, 1.79974E-002, 2.03572E-001, 9.37411E+003, 2.07178E-001, 7.15905E+001, 6.31664E+001, 1.01966E-001, 6.61722E+001, 5.89515E+001, 4.27992E-002, 6.39770E+001, 4.73783E+001
 2.58003E+002, 6.12084E+001, 6.67827E+001, 7.37304E+001, 6.60461E+001, 4.62013E+001, 5.95806E+001, 6.56116E+001, 1.79999E-002, 2.03576E-001, 9.41158E+003, 1.97868E-001, 7.10447E+001, 6.27873E+001, 1.04585E-001, 6.63581E+001, 5.90850E+001, 4.76293E-002, 6.44377E+001, 4.79668E+001
 2.59004E+002, 6.12653E+001, 6.73080E+001, 7.45745E+001, 6.69807E+001, 4.61947E+001, 5.96600E+001, 6.56613E+001, 1.79864E-002, 2.03562E-001, 9.44910E+003, 1.85102E-001, 7.04071E+001, 6.25633E+001, 1.08776E-001, 6.66657E+001, 5.94324E+001, 5.29459E-002, 6.45501E+001, 4.90439E+001
 2.60001E+002, 6.13381E+001, 6.77835E+001, 7.27314E+001, 6.68266E+001, 4.66234E+001, 6.00544E+001, 6.52055E+001, 1.80115E-002, 2.03541E-001, 9.48670E+003, 1.84174E-001, 7.07068E+001, 6.27880E+001, 1.07335E-001, 6.66313E+001, 5.93765E+001, 5.91485E-002, 6.50989E+001, 4.95389E+001
 2.61001E+002, 6.13947E+001, 6.75521E+001, 7.42328E+001, 6.70244E+001, 4.63169E+001, 6.14668E+001, 6.59742E+001, 1.79977E-002, 2.03527E-001, 9.52421E+003, 1.86609E-001, 7.10860E+001, 6.28878E+001, 1.01737E-001, 6.66718E+001, 5.91806E+001, 5.29665E-002, 6.47940E+001, 4.96213E+001
 2.62003E+002, 6.15826E+001, 6.78312E+001, 7.52995E+001, 6.64529E+001, 4.64443E+001, 6.14356E+001, 6.62521E+001, 1.79892E-002, 2.03506E-001, 9.56187E+003, 1.92230E-001, 7.19688E+001, 6.32465E+001, 9.75846E-002, 6.65544E+001, 5.92302E+001, 5.20620E-002, 6.49002E+001, 4.99474E+001
 2.63002E+002, 6.17623E+001, 6.80254E+001, 7.48301E+001, 6.68036E+001, 4.60680E+001, 6.14308E+001, 6.57354E+001, 1.79975E-002, 2.03494E-001, 9.59930E+003, 1.99932E-001, 7.22477E+001, 6.36404E+001, 1.06736E-001, 6.70485E+001, 5.97476E+001, 5.49709E-002, 6.52237E+001, 4.94386E+001
 2.64005E+002, 6.19737E+001, 6.80798E+001, 7.48556E+001, 6.78415E+001, 4.61790E+001, 6.06374E+001, 6.57958E+001, 1.79975E-002, 2.03488E-001, 9.63684E+003, 1.81944E-001, 7.13759E+001, 6.32080E+001, 1.05224E-001, 6.72812E+001, 5.96211E+001, 5.42280E-002, 6.54304E+001, 4.89536E+001
 2.65007E+002, 6.20870E+001, 6.72137E+001, 7.35979E+001, 6.76873E+001, 4.64853E+001, 6.06735E+001, 6.60200E+001, 1.79883E-002, 2.03484E-001, 9.67446E+003, 1.75498E-001, 7.08586E+001, 6.30573E+001, 9.68293E-002, 6.70144E+001, 5.94507E+001, 5.19839E-002, 6.52687E+001, 4.97710E+001
 2.66000E+002, 6.20476E+001, 6.78351E+001, 7.57711E+001, 6.75757E+001, 4.62303E+001, 6.25420E+001, 6.59362E+001, 1.80105E-002, 2.03473E-001, 9.71171E+003, 1.81047E-001, 7.15752E+001, 6.32537E+001, 9.01434E-002, 6.68434E+001, 5.93149E+001, 4.34164E-002, 6.51486E+001, 4.83103E+001
 2.67002E+002, 6.21218E+001, 6.79816E+001, 7.70506E+001, 6.81844E+001, 4.63203E+001, 6.24197E+001, 6.64978E+001, 1.79845E-002, 2.03462E-001, 9.74894E+003, 1.89938E-001, 7.27942E+001, 6.35705E+001, 9.98665E-002, 6.73755E+001, 5.99622E+001, 3.86793E-002, 6.51706E+001, 4.81856E+001
 2.68003E+002, 6.24687E+001, 6.75676E+001, 7.72097E+001, 6.81867E+001, 4.64043E+001, 6.21675E+001, 6.67125E+001, 1.79959E-002, 2.03453E-001, 9.78652E+003, 2.21292E-001, 7.67100E+001, 6.49251E+001, 1.07529E-001, 6.77860E+001, 6.01094E+001, 4.00385E-002, 6.51936E+001, 4.82767E+001
 2.69005E+002, 6.26098E+001, 6.76772E+001, 7.60761E+001, 6.85238E+001, 4.65293E+001, 6.21351E+001, 6.64501E+001, 1.79885E-002, 2.03442E-001, 9.82395E+003, 2.24494E-001, 7.72838E+001, 6.51901E+001, 1.05845E-001, 6.77361E+001, 6.03190E+001, 3.70798E-002, 6.51056E+001, 4.80167E+001
 2.70006E+002, 6.26138E+001, 6.78562E+001, 7.50263E+001, 6.85653E+001, 4.67817E+001, 6.23060E+001, 6.62811E+001, 1.80035E-002, 2.03442E-001, 9.86135E+003, 2.11146E-001, 7.39389E+001, 6.46196E+001, 1.18086E-001, 6.82291E+001, 6.07353E+001, 4.06116E-002, 6.58004E+001, 4.86141E+001
 2.71004E+002, 6.26247E+001, 6.81770E+001, 7.88126E+001, 6.90025E+001, 4.72352E+001, 6.15503E+001, 6.65296E+001, 1.79971E-002, 2.03450E-001, 9.89863E+003, 2.02698E-001, 7.47931E+001, 6.44567E+001, 1.13157E-001, 6.81653E+001, 6.06833E+001, 4.36878E-002, 6.56681E+001, 4.91716E+001
 2.72003E+002, 6.27963E+001, 6.86289E+001, 7.57203E+001, 6.83658E+001, 4.79226E+001, 6.15255E+001, 6.71172E+001, 1.79897E-002, 2.03456E-001, 9.93603E+003, 1.89307E-001, 7.26800E+001, 6.42962E+001, 1.10069E-001, 6.80683E+001, 6.09287E+001, 4.55690E-002, 6.57937E+001, 4.93547E+001
 2.73004E+002, 6.29831E+001, 6.87246E+001, 7.55614E+001, 6.84509E+001, 4.81244E+001, 6.15347E+001, 6.72298E+001, 1.79968E-002, 2.03460E-001, 9.97358E+003, 2.01553E-001, 7.32609E+001, 6.47867E+001, 1.19236E-001, 6.85175E+001, 6.12177E+001, 4.94250E-002, 6.61146E+001, 5.03861E+001
 2.74006E+002, 6.31001E+001, 6.87010E+001, 7.53824E+001, 6.86211E+001, 4.78016E+001, 6.15679E+001, 6.70805E+001, 1.79879E-002, 2.03460E-001, 1.00109E+004, 2.14693E-001, 7.41459E+001, 6.53017E+001, 1.11778E-001, 6.84564E+001, 6.08980E+001, 4.59574E-002, 6.59908E+001, 4.94142E+001
 2.75000E+002, 6.31898E+001, 6.88722E+001, 7.56114E+001, 6.86556E+001, 4.73723E+001, 6.23934E+001, 6.73334E+001, 1.80088E-002, 2.03449E-001, 1.00483E+004, 2.27962E-001, 7.52946E+001, 6.69919E+001, 9.74256E-002, 6.81275E+001, 6.05439E+001, 4.30817E-002, 6.59508E+001, 4.91040E+001
 2.76001E+002, 6.31633E+001, 6.96900E+001, 7.74837E+001, 6.89706E+001, 4.74628E+001, 6.22535E+001, 6.74280E+001, 1.79960E-002, 2.03433E-001, 1.00855E+004, 2.22926E-001, 7.77461E+001, 6.78348E+001, 1.02171E-001, 6.83408E+001, 6.08813E+001, 4.09480E-002, 6.60505E+001, 4.92579E+001
 2.77003E+002, 6.33133E+001, 6.93957E+001, 7.93460E+001, 6.84691E+001, 4.80618E+001, 6.21335E+001, 6.76560E+001, 1.79924E-002, 2.03422E-001, 1.01227E+004, 2.18688E-001, 7.79413E+001, 6.71859E+001, 1.04923E-001, 6.84527E+001, 6.11964E+001, 4.70571E-002, 6.64975E+001, 5.04792E+001
 2.78004E+002, 6.35928E+001, 6.89149E+001, 8.05610E+001, 6.89876E+001, 4.79583E+001, 6.20365E+001, 6.77892E+001, 1.79947E-002, 2.03419E-001, 1.01598E+004, 2.13086E-001, 7.78574E+001, 6.57342E+001, 1.13345E-001, 6.90587E+001, 6.15752E+001, 5.21601E-002, 6.68042E+001, 5.13885E+001
 2.79001E+002, 6.36662E+001, 6.91798E+001, 7.75145E+001, 7.00294E+001, 4.81851E+001, 6.20279E+001, 6.81330E+001, 1.79965E-002, 2.03428E-001, 1.01974E+004, 2.09905E-001, 7.57481E+001, 6.57578E+001, 1.16769E-001, 6.92726E+001, 6.17742E+001, 5.00323E-002, 6.68438E+001, 5.11793E+001
 2.80000E+002, 6.36942E+001, 6.89603E+001, 7.59782E+001, 6.97851E+001, 4.83799E+001, 6.31013E+001, 6.82070E+001, 1.79880E-002, 2.03425E-001, 1.02347E+004, 1.88322E-001, 7.31676E+001, 6.50189E+001, 1.10233E-001, 6.90343E+001, 6.15712E+001, 4.67636E-002, 6.67928E+001, 5.10662E+001
 2.81001E+002, 6.38477E+001, 6.90361E+001, 7.55087E+001, 6.98573E+001, 4.85664E+001, 6.31701E+001, 6.83290E+001, 1.79961E-002, 2.03400E-001, 1.02721E+004, 1.80584E-001, 7.25807E+001, 6.49192E+001, 1.01738E-001, 6.88853E+001, 6.14247E+001, 4.95284E-002, 6.70314E+001, 5.13348E+001
 2.82005E+002, 6.39728E+001, 6.95293E+001, 7.60298E+001, 6.93524E+001, 4.89028E+001, 6.29303E+001, 6.83768E+001, 1.80009E-002, 2.03373E-001, 1.03096E+004, 1.99701E-001, 7.34287E+001, 6.55670E+001, 1.05973E-001, 6.89471E+001, 6.17492E+001, 5.25474E-002, 6.72412E+001, 5.12501E+001
 2.83000E+002, 6.40972E+001, 6.99381E+001, 7.58468E+001, 6.92189E+001, 4.92225E+001, 6.35710E+001, 6.85410E+001, 1.79893E-002, 2.03375E-001, 1.03470E+004, 2.23295E-001, 7.60134E+001, 6.66137E+001, 1.06454E-001, 6.91795E+001, 6.18448E+001, 4.97122E-002, 6.72587E+001, 5.08506E+001
 2.84002E+002, 6.42612E+001, 7.01752E+001, 7.61577E+001, 6.87384E+001, 4.90238E+001, 6.35881E+001, 6.84068E+001, 1.79927E-002, 2.03376E-001, 1.03842E+004, 2.12575E-001, 7.50555E+001, 6.64198E+001, 1.08510E-001, 6.92187E+001, 6.20374E+001, 4.99989E-002, 6.73721E+001, 5.11337E+001
 2.85003E+002, 6.43277E+001, 6.99755E+001, 7.72368E+001, 7.05716E+001, 4.90519E+001, 6.30741E+001, 6.85211E+001, 1.79994E-002, 2.03368E-001, 1.04214E+004, 2.02916E-001, 7.40410E+001, 6.60994E+001, 1.01913E-001, 6.92938E+001, 6.18633E+001, 5.15943E-002, 6.73751E+001, 5.21375E+001
 2.86003E+002, 6.43601E+001, 6.88645E+001, 7.81495E+001, 6.99876E+001, 4.85340E+001, 6.30618E+001, 6.86120E+001, 1.79864E-002, 2.03349E-001, 1.04587E+004, 1.99018E-001, 7.46938E+001, 6.58180E+001, 9.76812E-002, 6.91752E+001, 6.19046E+001, 4.88471E-002, 6.74291E+001, 5.13247E+001
 2.87002E+002, 6.45117E+001, 6.92135E+001, 7.90850E+001, 6.99165E+001, 4.84977E+001, 6.39806E+001, 6.87796E+001, 1.79859E-002, 2.03324E-001, 1.04958E+004, 1.89059E-001, 7.47302E+001, 6.57473E+001, 1.08368E-001, 6.95558E+001, 6.25405E+001, 4.36538E-002, 6.75977E+001, 5.08245E+001
 2.88001E+002, 6.46155E+001, 7.11038E+001, 7.82075E+001, 6.99217E+001, 4.85260E+001, 6.39627E+001, 6.89729E+001, 1.80001E-002, 2.03296E-001, 1.05330E+004, 1.88701E-001, 7.53481E+001, 6.61157E+001, 1.07755E-001, 6.97135E+001, 6.24885E+001, 4.28445E-002, 6.76302E+001, 5.04458E+001
 2.89003E+002, 6.46029E+001, 7.08614E+001, 7.77996E+001, 6.98789E+001, 4.89195E+001, 6.41150E+001, 6.91126E+001, 1.80136E-002, 2.03264E-001, 1.05704E+004, 1.78403E-001, 7.40555E+001, 6.57599E+001, 9.59820E-002, 6.95460E+001, 6.23264E+001, 4.53425E-002, 6.74935E+001, 5.12319E+001
 2.90000E+002, 6.45285E+001, 6.94022E+001, 7.85932E+001, 7.06248E+001, 4.91918E+001, 6.38647E+001, 6.89941E+001, 1.79916E-002, 2.03236E-001, 1.06076E+004, 1.85965E-001, 7.43784E+001, 6.58544E+001, 1.04549E-001, 7.00109E+001, 6.25685E+001, 4.95273E-002, 6.80686E+001, 5.22954E+001
 2.91005E+002, 6.46683E+001, 6.92722E+001, 7.66863E+001, 7.08771E+001, 4.93509E+001, 6.39934E+001, 6.91559E+001, 1.79884E-002, 2.03219E-001, 1.06447E+004, 1.90815E-001, 7.47228E+001, 6.61058E+001, 1.11099E-001, 7.02525E+001, 6.29246E+001, 4.52580E-002, 6.81130E+001, 5.13584E+001
 2.92002E+002, 6.50531E+001, 7.00137E+001, 7.86322E+001, 7.07918E+001, 4.96856E+001, 6.37918E+001, 6.92557E+001, 1.79994E-002, 2.03218E-001, 1.06819E+004, 1.89754E-001, 7.52434E+001, 6.64032E+001, 1.10100E-001, 7.00556E+001, 6.29479E+001, 4.32701E-002, 6.80924E+001, 5.15527E+001
 2.93003E+002, 6.52649E+001, 7.08009E+001, 8.07285E+001, 6.98534E+001, 5.01175E+001, 6.38259E+001, 6.94506E+001, 1.80079E-002, 2.03225E-001, 1.07191E+004, 2.03073E-001, 7.69061E+001, 6.70115E+001, 1.12933E-001, 7.02075E+001, 6.31766E+001, 4.48116E-002, 6.82133E+001, 5.19300E+001
 2.94004E+002, 6.54074E+001, 7.17303E+001, 8.00217E+001, 6.98216E+001, 5.02068E+001, 6.38057E+001, 6.94532E+001, 1.79868E-002, 2.03230E-001, 1.07564E+004, 1.97556E-001, 7.71397E+001, 6.70715E+001, 1.12694E-001, 7.03531E+001, 6.32724E+001, 4.47857E-002, 6.81901E+001, 5.16534E+001
 2.95005E+002, 6.54632E+001, 7.13420E+001, 7.92424E+001, 7.14576E+001, 5.02303E+001, 6.39689E+001, 6.94173E+001, 1.79770E-002, 2.03227E-001, 1.07935E+004, 2.12719E-001, 7.80390E+001, 6.76287E+001, 1.09941E-001, 7.07910E+001, 6.32302E+001, 4.56016E-002, 6.82677E+001, 5.18058E+001
 2.96004E+002, 6.53741E+001, 6.98765E+001, 7.74250E+001, 7.20991E+001, 5.06523E+001, 6.40850E+001, 6.96759E+001, 1.80056E-002, 2.03225E-001, 1.08305E+004, 2.28432E-001, 7.75118E+001, 6.86161E+001, 1.06965E-001, 7.08672E+001, 6.32197E+001, 4.62884E-002, 6.82846E+001, 5.22879E+001
 2.97003E+002, 6.53129E+001, 7.06032E+001, 7.83424E+001, 7.21216E+001, 5.07189E+001, 6.46090E+001, 6.99812E+001, 1.79971E-002, 2.03218E-001, 1.08677E+004, 2.26105E-001, 7.74421E+001, 6.93171E+001, 1.03211E-001, 7.05992E+001, 6.31194E+001, 5.11207E-002, 6.85614E+001, 5.35255E+001
 2.98005E+002, 6.54913E+001, 7.11755E+001, 7.97136E+001, 7.10263E+001, 5.00300E+001, 6.41888E+001, 7.01554E+001, 1.79970E-002, 2.03209E-001, 1.09049E+004, 1.96298E-001, 7.59179E+001, 6.72853E+001, 1.02600E-001, 7.03360E+001, 6.34353E+001, 5.72660E-002, 6.87389E+001, 5.34760E+001
 2.99005E+002, 6.57784E+001, 7.11567E+001, 8.04146E+001, 7.05713E+001, 4.98100E+001, 6.31544E+001, 7.00781E+001, 1.79976E-002, 2.03199E-001, 1.09420E+004, 1.91673E-001, 7.59839E+001, 6.72751E+001, 1.11489E-001, 7.08751E+001, 6.37634E+001, 4.62983E-002, 6.87010E+001, 5.23283E+001
 3.00001E+002, 6.58454E+001, 7.10848E+001, 7.76735E+001, 7.13010E+001, 4.99072E+001, 5.99051E+001, 6.97303E+001, 1.79996E-002, 2.03192E-001, 1.09793E+004, 1.74447E-001, 7.53788E+001, 6.69632E+001, 1.10813E-001, 7.13568E+001, 6.39209E+001, 4.55180E-002, 6.87604E+001, 5.18731E+001
 3.01002E+002, 6.58136E+001, 7.07218E+001, 7.80158E+001, 7.15955E+001, 4.99764E+001, 6.04258E+001, 7.05463E+001, 1.79910E-002, 2.03193E-001, 1.10163E+004, 1.74052E-001, 7.47939E+001, 6.69445E+001, 1.09879E-001, 7.13539E+001, 6.39963E+001, 4.21038E-002, 6.89274E+001, 5.17153E+001
 3.02006E+002, 6.59903E+001, 7.09923E+001, 7.87993E+001, 7.20242E+001, 5.02261E+001, 6.07979E+001, 7.02027E+001, 1.79928E-002, 2.03189E-001, 1.10536E+004, 1.89942E-001, 7.54399E+001, 6.74263E+001, 1.19826E-001, 7.16358E+001, 6.43342E+001, 3.87026E-002, 6.88284E+001, 5.16935E+001
 3.03000E+002, 6.62544E+001, 7.17772E+001, 7.98008E+001, 7.18653E+001, 5.05627E+001, 6.47754E+001, 7.03265E+001, 1.79953E-002, 2.03180E-001, 1.10907E+004, 1.81339E-001, 7.58885E+001, 6.74184E+001, 1.07987E-001, 7.13122E+001, 6.40390E+001, 4.11825E-002, 6.88605E+001, 5.26502E+001
 3.04002E+002, 6.64136E+001, 7.16015E+001, 7.76481E+001, 7.21551E+001, 5.07726E+001, 6.57155E+001, 7.05192E+001, 1.79945E-002, 2.03173E-001, 1.11278E+004, 1.65701E-001, 7.49125E+001, 6.71963E+001, 1.06064E-001, 7.12751E+001, 6.42138E+001, 5.15055E-002, 6.91488E+001, 5.39769E+001
 3.05002E+002, 6.64644E+001, 7.21021E+001, 7.71011E+001, 7.20143E+001, 5.08619E+001, 6.57221E+001, 7.06101E+001, 1.79899E-002, 2.03162E-001, 1.11650E+004, 1.87947E-001, 7.55374E+001, 6.78890E+001, 1.08573E-001, 7.16994E+001, 6.43096E+001, 4.97121E-002, 6.95777E+001, 5.42736E+001
 3.06006E+002, 6.65174E+001, 7.22155E+001, 8.02032E+001, 7.26289E+001, 5.09981E+001, 6.55788E+001, 7.06154E+001, 1.79998E-002, 2.03151E-001, 1.12020E+004, 1.94242E-001, 7.60929E+001, 6.80167E+001, 9.57539E-002, 7.14904E+001, 6.39542E+001, 5.18740E-002, 6.96748E+001, 5.45736E+001
 3.07004E+002, 6.66383E+001, 7.26990E+001, 8.10280E+001, 7.16408E+001, 5.13070E+001, 6.52145E+001, 7.06049E+001, 1.79967E-002, 2.03143E-001, 1.12391E+004, 2.08013E-001, 7.85322E+001, 6.85330E+001, 9.86539E-002, 7.15090E+001, 6.43391E+001, 4.83181E-002, 6.95663E+001, 5.45687E+001
 3.08001E+002, 6.66657E+001, 7.26778E+001, 7.98991E+001, 7.14424E+001, 5.14588E+001, 6.58745E+001, 7.10458E+001, 1.79829E-002, 2.03149E-001, 1.12758E+004, 2.23999E-001, 8.05771E+001, 6.92895E+001, 1.05348E-001, 7.17226E+001, 6.47198E+001, 4.89213E-002, 6.98428E+001, 5.45543E+001
 3.09002E+002, 6.68346E+001, 7.31385E+001, 8.11721E+001, 7.22171E+001, 5.15896E+001, 6.53797E+001, 7.12612E+001, 1.79975E-002, 2.03164E-001, 1.13127E+004, 2.22769E-001, 8.11629E+001, 6.94200E+001, 1.12180E-001, 7.21569E+001, 6.51252E+001, 5.10545E-002, 7.01974E+001, 5.46904E+001
 3.10007E+002, 6.69530E+001, 7.27041E+001, 8.25613E+001, 7.22589E+001, 5.14112E+001, 6.59281E+001, 7.10209E+001, 1.79896E-002, 2.03165E-001, 1.13497E+004, 2.21849E-001, 8.22043E+001, 6.94885E+001, 1.24390E-001, 7.27005E+001, 6.54657E+001, 5.59247E-002, 7.02840E+001, 5.48661E+001
 3.11003E+002, 6.69948E+001, 7.22794E+001, 8.18453E+001, 7.22579E+001, 5.14217E+001, 6.65738E+001, 7.15895E+001, 1.80147E-002, 2.03153E-001, 1.13867E+004, 2.19875E-001, 8.07590E+001, 6.91771E+001, 1.09175E-001, 7.22373E+001, 6.50640E+001, 4.83617E-002, 7.01170E+001, 5.46133E+001
 3.12004E+002, 6.71515E+001, 7.20740E+001, 8.24360E+001, 7.20408E+001, 5.17649E+001, 6.62793E+001, 7.14400E+001, 1.79906E-002, 2.03151E-001, 1.14236E+004, 2.11136E-001, 8.07938E+001, 6.89901E+001, 1.01978E-001, 7.20268E+001, 6.48557E+001, 4.89376E-002, 7.02624E+001, 5.46622E+001
 3.13004E+002, 6.73428E+001, 7.23843E+001, 8.12604E+001, 7.23913E+001, 5.21802E+001, 6.61364E+001, 7.13645E+001, 1.79690E-002, 2.03149E-001, 1.14606E+004, 1.96826E-001, 7.71584E+001, 6.86931E+001, 1.08456E-001, 7.23410E+001, 6.52505E+001, 4.86024E-002, 7.04580E+001, 5.49194E+001
 3.14002E+002, 6.73348E+001, 7.29347E+001, 8.01040E+001, 7.24946E+001, 5.20705E+001, 6.59933E+001, 7.12444E+001, 1.80236E-002, 2.03134E-001, 1.14977E+004, 2.27532E-001, 7.94387E+001, 7.05556E+001, 1.20035E-001, 7.27682E+001, 6.56201E+001, 5.09138E-002, 7.05038E+001, 5.53273E+001
 3.15006E+002, 6.75900E+001, 7.29758E+001, 8.05193E+001, 7.28886E+001, 5.20914E+001, 6.70531E+001, 7.14907E+001, 1.79949E-002, 2.03109E-001, 1.15346E+004, 2.25190E-001, 8.01247E+001, 7.10417E+001, 1.05640E-001, 7.25416E+001, 6.51882E+001, 4.97573E-002, 7.07153E+001, 5.52385E+001
 3.16000E+002, 6.76225E+001, 7.23545E+001, 8.32193E+001, 7.30506E+001, 5.22002E+001, 6.65256E+001, 7.19875E+001, 1.79885E-002, 2.03082E-001, 1.15711E+004, 2.14942E-001, 7.92591E+001, 6.96215E+001, 1.03071E-001, 7.24771E+001, 6.53700E+001, 4.97013E-002, 7.05944E+001, 5.54040E+001
 3.17002E+002, 6.75541E+001, 7.24763E+001, 8.27380E+001, 7.25033E+001, 5.18681E+001, 6.60430E+001, 7.20437E+001, 1.80023E-002, 2.03077E-001, 1.16079E+004, 2.01120E-001, 7.79833E+001, 6.93241E+001, 1.11795E-001, 7.27483E+001, 6.57811E+001, 5.42260E-002, 7.04340E+001, 5.50838E+001
 3.18005E+002, 6.77896E+001, 7.39256E+001, 8.34079E+001, 7.28199E+001, 5.18870E+001, 6.66921E+001, 7.16898E+001, 1.79881E-002, 2.03072E-001, 1.16452E+004, 1.83243E-001, 7.79426E+001, 6.91585E+001, 1.11149E-001, 7.28720E+001, 6.60222E+001, 4.56242E-002, 7.03680E+001, 5.42237E+001
 3.19006E+002, 6.79130E+001, 7.41422E+001, 8.33389E+001, 7.29144E+001, 5.20259E+001, 6.72631E+001, 7.15449E+001, 1.79972E-002, 2.03050E-001, 1.16820E+004, 2.05102E-001, 8.01181E+001, 7.01140E+001, 1.11798E-001, 7.32299E+001, 6.58915E+001, 4.76064E-002, 7.07217E+001, 5.52580E+001
 3.20001E+002, 6.79491E+001, 7.28254E+001, 8.10742E+001, 7.45021E+001, 5.22710E+001, 6.73826E+001, 7.21835E+001, 1.79852E-002, 2.03032E-001, 1.17188E+004, 2.13940E-001, 7.97567E+001, 7.01433E+001, 1.05749E-001, 7.33122E+001, 6.59123E+001, 4.68057E-002, 7.09024E+001, 5.54478E+001
 3.21007E+002, 6.80554E+001, 7.27545E+001, 7.95818E+001, 7.40866E+001, 5.24827E+001, 6.67539E+001, 7.24036E+001, 1.79924E-002, 2.03019E-001, 1.17560E+004, 1.78185E-001, 7.66763E+001, 6.91775E+001, 1.17678E-001, 7.35980E+001, 6.63217E+001, 4.90509E-002, 7.11339E+001, 5.56303E+001
 3.22002E+002, 6.82419E+001, 7.39410E+001, 7.94870E+001, 7.39264E+001, 5.26937E+001, 6.59437E+001, 7.26181E+001, 1.80003E-002, 2.03016E-001, 1.17929E+004, 1.80374E-001, 7.69156E+001, 6.94970E+001, 1.13435E-001, 7.33450E+001, 6.63496E+001, 5.30993E-002, 7.13677E+001, 5.58475E+001
 3.23002E+002, 6.85474E+001, 7.41983E+001, 8.08095E+001, 7.39723E+001, 5.32683E+001, 6.67721E+001, 7.26342E+001, 1.80030E-002, 2.03018E-001, 1.18297E+004, 1.78282E-001, 7.69972E+001, 6.96670E+001, 1.11263E-001, 7.36466E+001, 6.63624E+001, 5.17701E-002, 7.15344E+001, 5.62526E+001
 3.24003E+002, 6.86621E+001, 7.47039E+001, 8.04988E+001, 7.39645E+001, 5.33390E+001, 6.75729E+001, 7.30599E+001, 1.79995E-002, 2.03022E-001, 1.18665E+004, 1.90074E-001, 7.80829E+001, 7.01600E+001, 1.02263E-001, 7.35838E+001, 6.61086E+001, 5.23182E-002, 7.16284E+001, 5.65619E+001
 3.25002E+002, 6.86849E+001, 7.43959E+001, 8.19231E+001, 7.36135E+001, 5.30186E+001, 6.75137E+001, 7.27791E+001, 1.79894E-002, 2.03026E-001, 1.19033E+004, 1.96132E-001, 7.89540E+001, 7.03590E+001, 9.48609E-002, 7.31879E+001, 6.61005E+001, 5.00987E-002, 7.16006E+001, 5.63886E+001
 3.26004E+002, 6.87323E+001, 7.48706E+001, 8.09000E+001, 7.37841E+001, 5.31341E+001, 6.72718E+001, 7.26764E+001, 1.79963E-002, 2.03028E-001, 1.19402E+004, 2.16630E-001, 7.98681E+001, 7.10501E+001, 1.02663E-001, 7.35458E+001, 6.64004E+001, 4.89910E-002, 7.15728E+001, 5.58488E+001
 3.27003E+002, 6.87211E+001, 7.43644E+001, 8.03278E+001, 7.39234E+001, 5.31046E+001, 6.73623E+001, 7.30148E+001, 1.79966E-002, 2.03024E-001, 1.19770E+004, 2.26805E-001, 8.01063E+001, 7.15352E+001, 1.03831E-001, 7.36938E+001, 6.67969E+001, 4.70380E-002, 7.18090E+001, 5.57373E+001
 3.28003E+002, 6.86897E+001, 7.40129E+001, 8.19402E+001, 7.52807E+001, 5.34381E+001, 6.81343E+001, 7.32674E+001, 1.80063E-002, 2.03022E-001, 1.20136E+004, 2.17591E-001, 8.08106E+001, 7.10992E+001, 1.06853E-001, 7.41180E+001, 6.67595E+001, 4.74064E-002, 7.20642E+001, 5.63143E+001
 3.29001E+002, 6.86512E+001, 7.40848E+001, 8.19845E+001, 7.47078E+001, 5.33145E+001, 6.87326E+001, 7.33773E+001, 1.79816E-002, 2.03018E-001, 1.20502E+004, 2.02553E-001, 7.93750E+001, 7.05048E+001, 1.00218E-001, 7.39470E+001, 6.67841E+001, 4.66746E-002, 7.21982E+001, 5.66996E+001
 3.30002E+002, 6.87729E+001, 7.49500E+001, 8.13304E+001, 7.42678E+001, 5.33955E+001, 6.88020E+001, 7.33847E+001, 1.79852E-002, 2.03004E-001, 1.20870E+004, 1.87075E-001, 7.85201E+001, 7.02918E+001, 1.01470E-001, 7.38992E+001, 6.68804E+001, 4.34419E-002, 7.20751E+001, 5.63178E+001
 3.31006E+002, 6.89182E+001, 7.53022E+001, 8.13738E+001, 7.40860E+001, 5.38113E+001, 6.85015E+001, 7.32686E+001, 1.80091E-002, 2.02981E-001, 1.21240E+004, 1.81191E-001, 7.90279E+001, 7.04037E+001, 1.02072E-001, 7.39717E+001, 6.70389E+001, 4.45894E-002, 7.21604E+001, 5.69029E+001
 3.32005E+002, 6.90599E+001, 7.56047E+001, 8.37173E+001, 7.40477E+001, 5.37211E+001, 6.82158E+001, 7.34887E+001, 1.79962E-002, 2.02958E-001, 1.21608E+004, 1.90142E-001, 8.16473E+001, 7.07894E+001, 1.07597E-001, 7.44278E+001, 6.72703E+001, 4.79378E-002, 7.22731E+001, 5.70472E+001
 3.33003E+002, 6.91682E+001, 7.44553E+001, 8.34120E+001, 7.49718E+001, 5.41306E+001, 6.82785E+001, 7.35860E+001, 1.79842E-002, 2.02941E-001, 1.21974E+004, 2.17452E-001, 8.22903E+001, 7.15170E+001, 1.09893E-001, 7.45996E+001, 6.75006E+001, 4.90019E-002, 7.24601E+001, 5.66129E+001
 3.34001E+002, 6.92950E+001, 7.45879E+001, 8.38161E+001, 7.47124E+001, 5.43590E+001, 6.89365E+001, 7.35393E+001, 1.80078E-002, 2.02928E-001, 1.22339E+004, 2.10733E-001, 8.13733E+001, 7.13253E+001, 1.13265E-001, 7.47666E+001, 6.77153E+001, 4.67898E-002, 7.26215E+001, 5.68235E+001
 3.35005E+002, 6.95420E+001, 7.57075E+001, 8.44365E+001, 7.50402E+001, 5.46273E+001, 6.74609E+001, 7.38649E+001, 1.79944E-002, 2.02917E-001, 1.22705E+004, 1.97231E-001, 8.05029E+001, 7.13373E+001, 1.10271E-001, 7.48199E+001, 6.76362E+001, 5.42847E-002, 7.27923E+001, 5.72905E+001
 3.36004E+002, 6.97259E+001, 7.64298E+001, 8.40244E+001, 7.47628E+001, 5.43838E+001, 6.73722E+001, 7.40431E+001, 1.79788E-002, 2.02898E-001, 1.23073E+004, 1.96994E-001, 8.01846E+001, 7.14744E+001, 1.08842E-001, 7.48738E+001, 6.77487E+001, 5.53185E-002, 7.28566E+001, 5.77394E+001
 3.37007E+002, 6.97366E+001, 7.56174E+001, 8.12251E+001, 7.58000E+001, 5.47051E+001, 6.64058E+001, 7.38182E+001, 1.80041E-002, 2.02874E-001, 1.23442E+004, 2.04813E-001, 7.98698E+001, 7.16800E+001, 1.15582E-001, 7.53218E+001, 6.78500E+001, 5.60515E-002, 7.32248E+001, 5.78883E+001
 3.38000E+002, 6.97890E+001, 7.45955E+001, 8.35857E+001, 7.51716E+001, 5.49250E+001, 6.58544E+001, 7.39766E+001, 1.80028E-002, 2.02849E-001, 1.23809E+004, 2.15778E-001, 8.27636E+001, 7.20256E+001, 9.86801E-002, 7.45543E+001, 6.74866E+001, 5.53165E-002, 7.32318E+001, 5.75828E+001
 3.39007E+002, 6.99497E+001, 7.45667E+001, 8.38136E+001, 7.44605E+001, 5.48752E+001, 6.84178E+001, 7.42813E+001, 1.79916E-002, 2.02828E-001, 1.24175E+004, 2.18180E-001, 8.27727E+001, 7.22479E+001, 1.02368E-001, 7.47313E+001, 6.77929E+001, 5.21196E-002, 7.31973E+001, 5.80854E+001
 3.40004E+002, 7.00988E+001, 7.55625E+001, 8.41807E+001, 7.51688E+001, 5.43372E+001, 6.83781E+001, 7.40675E+001, 1.79932E-002, 2.02813E-001, 1.24542E+004, 2.05040E-001, 8.28166E+001, 7.21409E+001, 1.10920E-001, 7.54235E+001, 6.80417E+001, 4.48664E-002, 7.32110E+001, 5.67422E+001
 3.41007E+002, 7.03054E+001, 7.62942E+001, 8.38461E+001, 7.56527E+001, 5.43621E+001, 6.71381E+001, 7.44496E+001, 1.79880E-002, 2.02812E-001, 1.24908E+004, 1.83043E-001, 7.96777E+001, 7.15550E+001, 1.10253E-001, 7.54410E+001, 6.83772E+001, 4.24760E-002, 7.32590E+001, 5.59857E+001
 3.42004E+002, 7.04591E+001, 7.62765E+001, 8.43231E+001, 7.53990E+001, 5.46505E+001, 6.79969E+001, 7.47365E+001, 1.79972E-002, 2.02826E-001, 1.25274E+004, 1.96524E-001, 8.12205E+001, 7.20748E+001, 1.15646E-001, 7.56267E+001, 6.85724E+001, 4.17684E-002, 7.32199E+001, 5.60339E+001
 3.43001E+002, 7.05049E+001, 7.58611E+001, 8.48369E+001, 7.63311E+001, 5.49536E+001, 6.94536E+001, 7.47157E+001, 1.80020E-002, 2.02837E-001, 1.25639E+004, 1.84725E-001, 8.10605E+001, 7.18011E+001, 1.23028E-001, 7.59815E+001, 6.89998E+001, 4.85571E-002, 7.34636E+001, 5.76787E+001
 3.44005E+002, 7.06669E+001, 7.54110E+001, 8.29889E+001, 7.57456E+001, 5.51722E+001, 7.08142E+001, 7.48316E+001, 1.79973E-002, 2.02849E-001, 1.26004E+004, 1.78083E-001, 7.93320E+001, 7.16919E+001, 1.20356E-001, 7.58649E+001, 6.90516E+001, 4.86170E-002, 7.35870E+001, 5.84727E+001
 3.45006E+002, 7.07110E+001, 7.56364E+001, 8.24356E+001, 7.55059E+001, 5.50602E+001, 6.81283E+001, 7.50164E+001, 1.79919E-002, 2.02855E-001, 1.26371E+004, 1.98771E-001, 8.07313E+001, 7.23811E+001, 1.17705E-001, 7.59037E+001, 6.90632E+001, 4.80890E-002, 7.36390E+001, 5.83496E+001
 3.46004E+002, 7.07989E+001, 7.61199E+001, 8.25266E+001, 7.59050E+001, 5.50862E+001, 6.99931E+001, 7.49729E+001, 1.79890E-002, 2.02860E-001, 1.26739E+004, 1.82038E-001, 7.96792E+001, 7.20190E+001, 1.10868E-001, 7.59852E+001, 6.89565E+001, 4.66957E-002, 7.39017E+001, 5.81825E+001
 3.47000E+002, 7.08879E+001, 7.62985E+001, 8.34599E+001, 7.61005E+001, 5.54269E+001, 7.02484E+001, 7.52767E+001, 1.79928E-002, 2.02866E-001, 1.27105E+004, 1.82109E-001, 8.01632E+001, 7.21344E+001, 1.08852E-001, 7.60419E+001, 6.89820E+001, 4.81899E-002, 7.39135E+001, 5.85568E+001
 3.48005E+002, 7.08981E+001, 7.68769E+001, 8.20809E+001, 7.64878E+001, 5.55497E+001, 6.90154E+001, 7.49248E+001, 1.80084E-002, 2.02876E-001, 1.27473E+004, 2.01290E-001, 8.14762E+001, 7.28563E+001, 1.12717E-001, 7.62102E+001, 6.92502E+001, 5.01537E-002, 7.41823E+001, 5.89153E+001
 3.49001E+002, 7.10111E+001, 7.68924E+001, 8.35295E+001, 7.66718E+001, 5.59427E+001, 6.86867E+001, 7.46340E+001, 1.79993E-002, 2.02883E-001, 1.27837E+004, 2.03788E-001, 8.15983E+001, 7.28812E+001, 1.18138E-001, 7.64757E+001, 6.94578E+001, 5.10742E-002, 7.44764E+001, 5.86269E+001
 3.50000E+002, 7.11614E+001, 7.65961E+001, 8.53148E+001, 7.68753E+001, 5.62689E+001, 6.85829E+001, 7.50727E+001, 1.79884E-002, 2.02879E-001, 1.28200E+004, 2.12365E-001, 8.31784E+001, 7.32342E+001, 1.09822E-001, 7.62369E+001, 6.93491E+001, 5.42286E-002, 7.46986E+001, 5.87680E+001
