# run,27082026_3_Candles_R3.csv
# config_candles,3
# scope,FREE-BURNING candle test (no external flux)
# mass_note,load-cell SHAPE only; absolute mass from manual weigh table
# t_ignition_s,32.0
# t_flameout_s,1757.0
# routeC_HRR_per_candle_W_dHc38,19.5
# HRR_O2_note,near instrument noise floor -- qualitative only
time_from_ignition_s,time_s,mass_lost_since_ignition_g,O2_pct,CO2_pct,CO_pct,HRR_O2_kW,HRR_per_area_kW_m2
-32,0,1636.52,20.945,0.05,0.019,0,0
-31,1,1636.52,20.945,0.05,0.032,0,0
-30,2,1636.52,20.945,0.046,-0.032,0,0
-29,3,1636.52,20.945,0.051,0.025,0,0
-28,4,1636.52,20.947,0.053,0.039,0,0
-27,5,1636.52,20.947,0.052,0.026,0,0
-26,6,1636.52,20.946,0.052,0.023,0,0
-25,7,1636.52,20.946,0.051,0.019,0,0
-24,8,1636.52,20.947,0.051,0.016,0,0
-23,9,1636.52,20.946,0.05,0.027,0,0
-22,10,1636.52,20.945,0.05,0.02,0,0
-21,11,1636.52,20.946,0.051,0.028,0,0
-20,12,1636.52,20.945,0.05,0.03,0,0
-19,13,1636.52,20.947,0.05,0.011,0,0
-18,14,1636.52,20.947,0.05,0.006,0,0
-17,15,1636.52,20.945,0.05,0.004,0,0
-16,16,1636.52,20.946,0.05,-0.003,0,0
-15,17,1636.52,20.947,0.051,-0.004,0,0
-14,18,1636.52,20.948,0.051,0.014,0,0
-13,19,1636.52,20.948,0.05,0.012,0,0
-12,20,1636.52,20.948,0.05,0.015,0,0
-11,21,1636.52,20.947,0.05,0.035,0,0
-10,22,1636.52,20.948,0.05,0.02,0,0
-9,23,1636.52,20.945,0.05,0.015,0,0
-8,24,1553.42,20.946,0.049,0.002,0.0421798,4.7736
-7,25,1455.13,20.949,0.05,-0.003,0.065642,7.4289
-6,26,-1.8101,20.948,0.049,0.009,0.0656091,7.4252
-5,27,0.0599,20.947,0.05,0.02,0.0653687,7.398
-4,28,0.0599,20.947,0.05,0.012,0.0922651,10.442
-3,29,-0.11,20.947,0.05,0.007,0.0937951,10.6151
-2,30,0.0599,20.948,0.05,0.013,0.0937968,10.6153
-1,31,-11.39,20.949,0.051,-0.005,0.0800607,9.0607
0,32,0,20.947,0.053,0.007,0.0776741,8.7906
1,33,0.04,20.948,0.057,0.025,0.0867637,9.8193
2,34,0.05,20.944,0.062,0.019,0.087192,9.8678
3,35,0.0599,20.94,0.064,0,0.0782799,8.8592
4,36,0.0599,20.934,0.067,-0.006,0.0716039,8.1037
5,37,0.0599,20.93,0.069,0.005,0.0661964,7.4917
6,38,0.0599,20.927,0.07,0.018,0.045211,5.1167
7,39,0.0599,20.924,0.071,0.011,0.0390791,4.4227
8,40,0.0599,20.92,0.07,0.014,0.0219438,2.4835
9,41,0.0599,20.919,0.069,0.015,0.0319564,3.6166
10,42,0.0599,20.919,0.067,0.019,0.0503838,5.7021
11,43,0.0699,20.921,0.066,0.007,0.0448765,5.0788
12,44,0.0699,20.924,0.065,0.001,0.0646897,7.3211
13,45,0.0699,20.924,0.065,-0.003,0.0585502,6.6263
14,46,0.0699,20.925,0.065,-0.004,0.0517003,5.8511
15,47,0.0699,20.927,0.064,0.002,0.0497268,5.6277
16,48,0.0699,20.927,0.064,0.009,0.0366295,4.1455
17,49,0.0699,20.927,0.063,0.014,0.0241,2.7275
18,50,0.0699,20.93,0.063,0.02,0.020606,2.332
19,51,0.0699,20.93,0.063,0.027,0.0286586,3.2434
20,52,0.0799,20.932,0.062,0.027,0.0325399,3.6826
21,53,0.0799,20.93,0.062,0.011,0.0482154,5.4567
22,54,0.0799,20.93,0.062,0.011,0.0445421,5.041
23,55,0.0799,20.931,0.062,-0.009,0.0586866,6.6418
24,56,0.0799,20.931,0.062,0.002,0.0451519,5.11
25,57,0.0799,20.93,0.062,0.005,0.064034,7.2469
26,58,0.0899,20.931,0.062,0.002,0.0426239,4.8239
27,59,0.0899,20.932,0.061,0.014,0.0284507,3.2199
28,60,0.0899,20.932,0.062,0.027,0.0138538,1.5679
29,61,0.0899,20.932,0.061,0.034,0.0225578,2.5529
30,62,0.1,20.931,0.062,0.023,0.0358569,4.0581
31,63,0.1,20.932,0.06,0.008,0.0461722,5.2255
32,64,0.1,20.934,0.06,0.001,0.0593462,6.7164
33,65,0.1,20.933,0.061,-0.005,0.0555051,6.2817
34,66,0.1,20.935,0.06,-0.01,0.0418047,4.7312
35,67,0.1,20.933,0.06,0.003,0.0393012,4.4479
36,68,0.11,20.933,0.061,-0.01,0.0408206,4.6198
37,69,0.11,20.932,0.061,0.009,0.0249483,2.8235
38,70,0.12,20.932,0.061,0.013,0.037862,4.285
39,71,0.12,20.934,0.061,0.027,0.0187442,2.1213
40,72,0.12,20.934,0.062,0.019,0.0265146,3.0008
41,73,0.12,20.934,0.061,0.01,0.0415135,4.6982
42,74,0.12,20.933,0.061,0.001,0.0477815,5.4076
43,75,0.12,20.933,0.061,-0.007,0.057599,6.5187
44,76,0.12,20.932,0.061,-0.002,0.052607,5.9537
45,77,0.12,20.932,0.061,0.006,0.0453807,5.1359
46,78,0.12,20.933,0.061,0.003,0.0375307,4.2475
47,79,0.12,20.934,0.061,0.007,0.0422621,4.7829
48,80,0.12,20.933,0.062,0.021,0.0192475,2.1783
49,81,0.12,20.933,0.061,0.018,0.0200452,2.2686
50,82,0.12,20.931,0.062,0.027,0.0403623,4.5679
51,83,0.12,20.933,0.062,0.014,0.0544929,6.1671
52,84,0.13,20.934,0.062,0.01,0.0555048,6.2817
53,85,0.13,20.932,0.063,0.008,0.0682613,7.7254
54,86,0.13,20.931,0.063,-0.002,0.0561956,6.3599
55,87,0.14,20.931,0.062,-0.002,0.0392947,4.4471
56,88,0.14,20.932,0.061,0.011,0.0396116,4.483
57,89,0.14,20.931,0.062,0.014,0.0327048,3.7013
58,90,0.14,20.932,0.061,0.009,0.0199312,2.2557
59,91,0.14,20.932,0.062,0.022,0.0216908,2.4548
60,92,0.14,20.934,0.062,0.025,0.0051848,0.5868
61,93,0.15,20.933,0.062,0.011,0.030797,3.4854
62,94,0.15,20.932,0.061,-0.002,0.0513674,5.8134
63,95,0.15,20.932,0.062,-0.008,0.0517976,5.8621
64,96,0.15,20.933,0.062,-0.015,0.0423726,4.7954
65,97,0.15,20.932,0.061,-0.009,0.0555541,6.2872
66,98,0.15,20.933,0.062,0.003,0.051177,5.7919
67,99,0.15,20.934,0.061,0.007,0.0357701,4.0482
68,100,0.15,20.933,0.061,0.014,0.0419577,4.7485
69,101,0.15,20.933,0.061,0.021,0.0216912,2.4549
70,102,0.1599,20.934,0.061,0.015,0.035442,4.0111
71,103,0.1599,20.935,0.062,0.035,0.0563288,6.3749
72,104,0.1599,20.934,0.062,0.015,0.0721139,8.1614
73,105,0.1599,20.933,0.062,0,0.0762862,8.6336
74,106,0.1599,20.932,0.062,-0.001,0.061367,6.9451
75,107,0.1599,20.932,0.062,0.008,0.0559958,6.3372
76,108,0.1599,20.932,0.061,0.006,0.0472456,5.3469
77,109,0.1699,20.93,0.061,0.006,0.0316943,3.587
78,110,0.1699,20.931,0.062,0.016,0.0117023,1.3244
79,111,0.1699,20.932,0.062,0.015,0.0136166,1.541
80,112,0.1699,20.931,0.062,0.028,0.0349889,3.9598
81,113,0.1699,20.932,0.062,0.015,0.04429,5.0124
82,114,0.1799,20.932,0.062,0.005,0.0488546,5.529
83,115,0.1799,20.93,0.062,-0.004,0.0413473,4.6794
84,116,0.1799,20.929,0.062,-0.009,0.0447543,5.065
85,117,0.1799,20.929,0.062,0.001,0.0633783,7.1727
86,118,0.1799,20.93,0.063,0.005,0.0303614,3.4361
87,119,0.1799,20.93,0.062,0.013,0.0504874,5.7138
88,120,0.1799,20.93,0.063,0.028,0.0384696,4.3537
89,121,0.1899,20.93,0.063,0.027,0.0521495,5.9019
90,122,0.1899,20.934,0.063,0.03,0.0313349,3.5463
91,123,0.1899,20.933,0.062,0.014,0.0512256,5.7974
92,124,0.1899,20.932,0.063,0.011,0.0548247,6.2047
93,125,0.1899,20.931,0.063,-0.004,0.0579818,6.562
94,126,0.1899,20.933,0.063,-0.001,0.0561185,6.3511
95,127,0.1899,20.934,0.064,0.001,0.0517486,5.8566
96,128,0.1999,20.933,0.064,-0.013,0.0570389,6.4553
97,129,0.1999,20.932,0.064,0.013,0.032567,3.6857
98,130,0.1999,20.933,0.063,-0.006,0.034404,3.8936
99,131,0.1999,20.933,0.064,0.011,0.0235445,2.6646
100,132,0.1999,20.932,0.063,0.002,0.0361506,4.0913
101,133,0.1999,20.931,0.062,0.023,0.0544662,6.1641
102,134,0.1999,20.931,0.062,0.006,0.0548623,6.2089
103,135,0.2099,20.931,0.062,0.002,0.0479516,5.4268
104,136,0.2099,20.931,0.062,0.004,0.0549826,6.2226
105,137,0.2099,20.93,0.063,0.006,0.0672722,7.6134
106,138,0.2099,20.93,0.063,0.004,0.0533315,6.0357
107,139,0.2099,20.931,0.063,-0.002,0.0436422,4.9391
108,140,0.2099,20.931,0.063,0.017,0.0398491,4.5099
109,141,0.2099,20.932,0.062,0.015,0.0200908,2.2737
110,142,0.22,20.932,0.062,0.026,0.0296631,3.3571
111,143,0.22,20.932,0.062,0.014,0.0228843,2.5899
112,144,0.22,20.932,0.062,0.002,0.025707,2.9093
113,145,0.2301,20.931,0.063,-0.003,0.0460988,5.2172
114,146,0.2301,20.932,0.062,-0.003,0.0640018,7.2433
115,147,0.2401,20.933,0.062,-0.013,0.0463215,5.2424
116,148,0.2401,20.934,0.062,-0.014,0.0545787,6.1769
117,149,0.2301,20.932,0.062,0.003,0.0504752,5.7124
118,150,0.2301,20.931,0.062,0.003,0.0394782,4.4679
119,151,0.2401,20.933,0.062,0.011,0.0492375,5.5724
120,152,0.2501,20.932,0.062,0.025,0.0346037,3.9162
121,153,0.2501,20.933,0.061,0.011,0.0372816,4.2193
122,154,0.2501,20.934,0.061,0.014,0.0398392,4.5087
123,155,0.2501,20.935,0.062,0.006,0.052043,5.8899
124,156,0.2501,20.936,0.062,-0.009,0.0384444,4.3509
125,157,0.2501,20.935,0.062,-0.016,0.0461688,5.2251
126,158,0.2501,20.933,0.062,-0.004,0.0444911,5.0352
127,159,0.2501,20.934,0.061,0.002,0.0278227,3.1488
128,160,0.2501,20.931,0.062,0.002,0.0199761,2.2608
129,161,0.2501,20.932,0.061,0.016,0.0249025,2.8183
130,162,0.2501,20.931,0.061,0.008,0.0509654,5.7679
131,163,0.2501,20.931,0.061,0.012,0.0356655,4.0364
132,164,0.2501,20.933,0.061,0.01,0.0450852,5.1024
133,165,0.2501,20.933,0.061,0.007,0.0401233,4.5409
134,166,0.2501,20.933,0.062,-0.005,0.0362593,4.1036
135,167,0.2501,20.933,0.061,-0.002,0.0557147,6.3054
136,168,0.26,20.935,0.062,0.001,0.0381028,4.3122
137,169,0.26,20.933,0.062,0.002,0.0526911,5.9632
138,170,0.26,20.933,0.061,0.013,0.0267957,3.0326
139,171,0.26,20.934,0.061,0.021,0.0289259,3.2736
140,172,0.26,20.934,0.062,0.017,0.0167475,1.8954
141,173,0.26,20.934,0.062,0.001,0.0179367,2.03
142,174,0.27,20.932,0.062,0.015,0.0361184,4.0876
143,175,0.27,20.932,0.061,0.006,0.0533474,6.0375
144,176,0.27,20.932,0.062,0.007,0.0574346,6.5001
145,177,0.27,20.933,0.063,0.01,0.0410051,4.6407
146,178,0.27,20.933,0.062,-0.01,0.0363175,4.1102
147,179,0.28,20.933,0.062,0.008,0.0496926,5.6239
148,180,0.28,20.933,0.062,-0.001,0.037537,4.2482
149,181,0.28,20.932,0.062,0.023,0.0350638,3.9683
150,182,0.28,20.932,0.062,0.021,0.0276079,3.1245
151,183,0.28,20.932,0.062,0.028,0.0474323,5.3681
152,184,0.28,20.933,0.062,0.027,0.0568854,6.4379
153,185,0.29,20.933,0.062,0,0.0499968,5.6583
154,186,0.29,20.935,0.062,-0.006,0.0361042,4.086
155,187,0.29,20.933,0.061,-0.005,0.0574366,6.5003
156,188,0.29,20.932,0.061,0.011,0.0415443,4.7017
157,189,0.29,20.932,0.061,0.011,0.0445383,5.0406
158,190,0.3,20.933,0.062,0.008,0.0336664,3.8101
159,191,0.3,20.931,0.062,0.018,0.0122499,1.3864
160,192,0.3,20.931,0.063,0.015,0.0250016,2.8295
161,193,0.3,20.932,0.062,0.017,0.028421,3.2165
162,194,0.3,20.933,0.062,0.014,0.0299828,3.3933
163,195,0.3,20.93,0.063,0,0.0394291,4.4623
164,196,0.3,20.931,0.061,0,0.0656369,7.4284
165,197,0.31,20.932,0.061,0.006,0.0456406,5.1653
166,198,0.31,20.934,0.061,-0.01,0.0579703,6.5607
167,199,0.31,20.933,0.062,0.011,0.0276356,3.1276
168,200,0.31,20.932,0.062,0.002,0.0308383,3.4901
169,201,0.31,20.933,0.062,0.007,0.036058,4.0808
170,202,0.31,20.934,0.061,0.032,0.0193463,2.1895
171,203,0.31,20.933,0.062,0.026,0.0256895,2.9074
172,204,0.32,20.932,0.062,0.022,0.0412171,4.6647
173,205,0.32,20.932,0.062,0.016,0.0432714,4.8972
174,206,0.32,20.933,0.062,0.011,0.0563238,6.3744
175,207,0.32,20.932,0.062,-0.017,0.0553757,6.2671
176,208,0.32,20.933,0.062,0.005,0.0654418,7.4063
177,209,0.32,20.932,0.062,-0.002,0.0448739,5.0785
178,210,0.32,20.931,0.061,0.013,0.0520083,5.886
179,211,0.3301,20.934,0.061,0.016,0.0338184,3.8273
180,212,0.3301,20.933,0.061,0.015,0.0093056,1.0531
181,213,0.3301,20.932,0.062,0.022,0.0153672,1.7392
182,214,0.3301,20.934,0.061,0.01,0.0481849,5.4533
183,215,0.3301,20.935,0.062,0.001,0.0372709,4.2181
184,216,0.3301,20.934,0.061,-0.002,0.058829,6.6579
185,217,0.3301,20.934,0.061,-0.013,0.0589728,6.6742
186,218,0.3401,20.934,0.061,-0.007,0.0604018,6.8359
187,219,0.3401,20.933,0.061,-0.002,0.0309546,3.5032
188,220,0.3401,20.93,0.062,0.012,0.0245818,2.782
189,221,0.3401,20.931,0.062,-0.001,0.0161541,1.8282
190,222,0.3401,20.932,0.062,0.012,0.0133248,1.508
191,223,0.3401,20.933,0.062,0.035,0.0291895,3.3035
192,224,0.3401,20.933,0.061,0.029,0.0442022,5.0025
193,225,0.3501,20.933,0.061,0.005,0.031148,3.5251
194,226,0.3501,20.932,0.061,0.01,0.0613531,6.9435
195,227,0.3501,20.933,0.061,-0.005,0.0688063,7.787
196,228,0.3501,20.932,0.061,-0.005,0.0566898,6.4158
197,229,0.3501,20.932,0.061,-0.002,0.0492576,5.5746
198,230,0.3501,20.931,0.062,0.006,0.0408389,4.6219
199,231,0.3501,20.935,0.062,0.016,0.0277515,3.1407
200,232,0.36,20.934,0.061,0.019,0.0187994,2.1276
201,233,0.36,20.935,0.061,0.032,0.0278279,3.1494
202,234,0.36,20.933,0.061,0.022,0.0284577,3.2207
203,235,0.37,20.932,0.061,-0.002,0.0333072,3.7695
204,236,0.37,20.934,0.061,0.006,0.0348748,3.9469
205,237,0.37,20.935,0.061,-0.013,0.0522763,5.9163
206,238,0.37,20.933,0.061,-0.019,0.0514868,5.8269
207,239,0.37,20.933,0.06,-0.009,0.0410484,4.6456
208,240,0.37,20.933,0.06,0,0.0406182,4.5969
209,241,0.37,20.933,0.061,0.008,0.0204489,2.3143
210,242,0.38,20.933,0.062,0.014,0.0184082,2.0833
211,243,0.38,20.934,0.061,0.021,0.0119398,1.3513
212,244,0.38,20.934,0.062,0.009,0.0222705,2.5204
213,245,0.38,20.935,0.062,0.017,0.0447024,5.0591
214,246,0.38,20.933,0.062,0.008,0.0558576,6.3216
215,247,0.38,20.934,0.062,0.011,0.0425916,4.8202
216,248,0.39,20.933,0.062,-0.001,0.0389168,4.4043
217,249,0.39,20.932,0.061,-0.005,0.0295483,3.3441
218,250,0.39,20.933,0.061,0.006,0.0046892,0.5307
219,251,0.39,20.933,0.061,0.002,0.0327294,3.7041
220,252,0.39,20.934,0.061,0.011,0.0435651,4.9304
221,253,0.39,20.936,0.061,0.023,0.0057719,0.6532
222,254,0.39,20.934,0.061,0.024,0.0139164,1.575
223,255,0.4,20.935,0.061,0.024,0.0120405,1.3627
224,256,0.4,20.933,0.061,-0.007,0.0174756,1.9778
225,257,0.4,20.935,0.061,-0.003,0.0392051,4.437
226,258,0.4,20.932,0.061,0.005,0.0500375,5.6629
227,259,0.4,20.933,0.061,0.003,0.0384619,4.3529
228,260,0.4,20.934,0.062,-0.002,0.0338489,3.8308
229,261,0.4,20.937,0.062,0.025,0.0303491,3.4347
230,262,0.4,20.936,0.061,0.008,0.0235535,2.6656
231,263,0.4,20.934,0.061,0.004,0.0157493,1.7824
232,264,0.41,20.933,0.061,0.025,0.0215464,2.4385
233,265,0.41,20.936,0.062,0.027,0.0177451,2.0083
234,266,0.41,20.934,0.061,0.023,0.0253217,2.8657
235,267,0.41,20.935,0.061,0.014,0.0483588,5.4729
236,268,0.42,20.936,0.061,0.003,0.0418362,4.7347
237,269,0.42,20.934,0.061,-0.007,0.0355465,4.0229
238,270,0.42,20.934,0.061,0.008,0.0198784,2.2497
239,271,0.42,20.933,0.061,0.008,0.0254844,2.8842
240,272,0.43,20.934,0.061,0.012,0.0309262,3.5
241,273,0.43,20.934,0.061,0.018,0.024619,2.7862
242,274,0.43,20.934,0.061,0.025,0.0212898,2.4094
243,275,0.43,20.934,0.062,0.015,0.0220366,2.494
244,276,0.43,20.935,0.062,0.013,0.0388589,4.3978
245,277,0.43,20.936,0.061,0.006,0.0554123,6.2712
246,278,0.43,20.936,0.061,-0.01,0.0401408,4.5429
247,279,0.43,20.935,0.061,-0.004,0.0292435,3.3096
248,280,0.43,20.935,0.061,-0.003,0.0277175,3.1369
249,281,0.44,20.936,0.062,0.012,0.0034327,0.3885
250,282,0.44,20.936,0.062,0.015,0.0015548,0.176
251,283,0.44,20.934,0.062,0.024,0.0036969,0.4184
252,284,0.44,20.931,0.062,0.025,0.0045263,0.5123
253,285,0.4501,20.932,0.061,0.019,0.0318471,3.6042
254,286,0.4501,20.934,0.061,0.019,0.0449907,5.0918
255,287,0.4501,20.934,0.06,0.003,0.0387632,4.387
256,288,0.4501,20.934,0.061,-0.006,0.0452982,5.1266
257,289,0.4501,20.933,0.061,0.002,0.0377428,4.2715
258,290,0.4501,20.934,0.061,0.003,0.024807,2.8075
259,291,0.4501,20.936,0.061,0.014,0.0201218,2.2772
260,292,0.4599,20.934,0.06,0.032,0.0238702,2.7015
261,293,0.4599,20.935,0.06,0.03,0.0244028,2.7617
262,294,0.4599,20.936,0.061,0.028,0.0338346,3.8292
263,295,0.4599,20.936,0.062,0.031,0.0121572,1.3759
264,296,0.4599,20.935,0.062,0.014,0.0299312,3.3874
265,297,0.4599,20.933,0.061,0.001,0.0399062,4.5163
266,298,0.4599,20.933,0.062,-0.001,0.0592756,6.7084
267,299,0.4599,20.935,0.061,-0.004,0.0270498,3.0613
268,300,0.47,20.934,0.061,0,0.0315148,3.5666
269,301,0.47,20.935,0.06,0.012,0.0171834,1.9447
270,302,0.47,20.935,0.06,0.008,0.0241979,2.7386
271,303,0.47,20.937,0.06,0.014,0.0099137,1.122
272,304,0.48,20.935,0.06,0.013,0.0158414,1.7928
273,305,0.48,20.935,0.061,0.004,0.0174924,1.9797
274,306,0.48,20.935,0.061,0.019,0.0262279,2.9683
275,307,0.48,20.936,0.06,0.007,0.0424163,4.8004
276,308,0.48,20.935,0.06,-0.001,0.0327969,3.7117
277,309,0.48,20.935,0.061,-0.015,0.0322249,3.647
278,310,0.49,20.934,0.06,0.005,0.0215898,2.4434
279,311,0.49,20.936,0.06,-0.003,0.0277041,3.1354
280,312,0.49,20.937,0.061,0.02,0.0339893,3.8467
281,313,0.49,20.935,0.061,0.013,0.018192,2.0588
282,314,0.5,20.935,0.06,0.026,0.0259877,2.9411
283,315,0.5,20.935,0.06,0.021,0.0285721,3.2336
284,316,0.5,20.935,0.06,0.015,0.0291746,3.3018
285,317,0.5,20.936,0.06,0.007,0.0185221,2.0962
286,318,0.5,20.936,0.06,-0.013,0.037274,4.2184
287,319,0.5,20.937,0.06,-0.004,0.0249579,2.8246
288,320,0.51,20.937,0.06,-0.003,0.0306163,3.465
289,321,0.52,20.937,0.061,0.016,0,0
290,322,0.52,20.935,0.06,0.014,0.0055142,0.6241
291,323,0.52,20.934,0.06,0.004,0.01159,1.3117
292,324,0.52,20.935,0.06,0.019,0.0080392,0.9098
293,325,0.51,20.935,0.06,0.012,0.0230693,2.6108
294,326,0.51,20.935,0.06,0.014,0.0240625,2.7232
295,327,0.52,20.934,0.061,0.009,0.0231788,2.6232
296,328,0.53,20.935,0.06,0.013,0.0295924,3.3491
297,329,0.53,20.936,0.06,0,0.0393401,4.4522
298,330,0.53,20.935,0.06,0.008,0.0370034,4.1878
299,331,0.53,20.936,0.061,0.007,0.0194918,2.206
300,332,0.52,20.935,0.061,0.021,0.0186575,2.1115
301,333,0.52,20.938,0.061,0.03,0.0277789,3.1438
302,334,0.52,20.935,0.061,0.029,0.0299537,3.39
303,335,0.53,20.934,0.06,0.023,0.0114054,1.2908
304,336,0.53,20.936,0.06,0.01,0.0222001,2.5125
305,337,0.53,20.936,0.06,0.014,0.0272286,3.0815
306,338,0.53,20.935,0.06,0.01,0.0378822,4.2873
307,339,0.53,20.936,0.061,0.004,0.0563607,6.3785
308,340,0.53,20.936,0.061,0.003,0.0299153,3.3856
309,341,0.53,20.934,0.061,0,0.0295672,3.3462
310,342,0.53,20.935,0.061,0.017,0.024625,2.7869
311,343,0.53,20.935,0.061,0.013,0.0226259,2.5606
312,344,0.54,20.936,0.061,0.014,0.0191204,2.1639
313,345,0.54,20.934,0.061,0.012,0.0163754,1.8533
314,346,0.54,20.934,0.061,0.029,0.0089805,1.0164
315,347,0.54,20.934,0.061,0.014,0.0138311,1.5653
316,348,0.54,20.935,0.06,0.005,0.0241465,2.7327
317,349,0.54,20.936,0.061,-0.004,0.0204578,2.3153
318,350,0.54,20.936,0.06,-0.017,0.0235977,2.6706
319,351,0.55,20.935,0.06,0.008,0.0269862,3.0541
320,352,0.55,20.935,0.06,0.004,0.0325496,3.6837
321,353,0.55,20.936,0.06,0.013,0,0
322,354,0.55,20.935,0.06,0.01,0.0047327,0.5356
323,355,0.5599,20.936,0.06,0.023,0.0138811,1.571
324,356,0.5599,20.934,0.061,0.016,0.0282755,3.2
325,357,0.5599,20.936,0.06,0.022,0.0454765,5.1467
326,358,0.5599,20.936,0.061,0.009,0.0273201,3.0919
327,359,0.5599,20.938,0.061,0.008,0.044396,5.0244
328,360,0.5599,20.936,0.061,0.011,0.0349161,3.9516
329,361,0.5599,20.936,0.06,0.008,0.0321517,3.6387
330,362,0.5599,20.936,0.061,0.011,0.0239085,2.7058
331,363,0.5599,20.935,0.06,0.005,0.0155695,1.7621
332,364,0.5599,20.935,0.061,0.033,0.0102615,1.1613
333,365,0.5699,20.936,0.061,0.026,0,0
334,366,0.5699,20.936,0.061,0.022,0.0132901,1.5041
335,367,0.5699,20.935,0.061,0.004,0.0305691,3.4596
336,368,0.5799,20.936,0.061,-0.012,0.0467116,5.2865
337,369,0.5799,20.936,0.061,0.005,0.0297199,3.3635
338,370,0.5799,20.936,0.06,-0.007,0.0526087,5.9539
339,371,0.5799,20.935,0.061,0.003,0.0296249,3.3528
340,372,0.5799,20.935,0.061,0.01,0.0226813,2.5669
341,373,0.5799,20.934,0.061,0.008,0.0074993,0.8487
342,374,0.5799,20.936,0.061,0.016,0.0204747,2.3172
343,375,0.5899,20.936,0.062,0.021,0.0215882,2.4432
344,376,0.5899,20.936,0.062,0.025,0.019201,2.173
345,377,0.5899,20.937,0.062,0.017,0.0350145,3.9627
346,378,0.5899,20.936,0.061,0.005,0.0455725,5.1576
347,379,0.5899,20.935,0.061,-0.004,0.0483747,5.4747
348,380,0.5899,20.934,0.062,0.007,0.0326721,3.6976
349,381,0.6,20.935,0.061,-0.01,0.0348161,3.9403
350,382,0.6,20.934,0.062,0.012,0.0418143,4.7323
351,383,0.6,20.934,0.061,0.013,0.0159438,1.8044
352,384,0.6,20.935,0.061,0.033,0.0084406,0.9552
353,385,0.6,20.934,0.062,0.021,0.0190687,2.1581
354,386,0.61,20.934,0.062,0.009,0.0382992,4.3344
355,387,0.61,20.936,0.061,0.016,0.0382993,4.3345
356,388,0.61,20.935,0.061,0.002,0.0351357,3.9764
357,389,0.61,20.935,0.061,-0.007,0.0405104,4.5847
358,390,0.61,20.935,0.06,-0.015,0.0473584,5.3597
359,391,0.61,20.936,0.061,0.001,0.026198,2.9649
360,392,0.62,20.936,0.061,0.003,0.0133158,1.507
361,393,0.62,20.935,0.06,0.005,0.0162993,1.8446
362,394,0.62,20.933,0.061,0.021,0.027096,3.0665
363,395,0.62,20.935,0.061,0.032,0.0096072,1.0873
364,396,0.62,20.934,0.062,0.022,0.0313777,3.5511
365,397,0.62,20.934,0.061,0.008,0.025764,2.9158
366,398,0.62,20.933,0.062,0.009,0.043402,4.9119
367,399,0.63,20.933,0.062,0.001,0.0385782,4.366
368,400,0.63,20.935,0.062,0.001,0.0544001,6.1566
369,401,0.63,20.934,0.061,-0.01,0.0348535,3.9445
370,402,0.63,20.935,0.061,0.011,0.0251374,2.8449
371,403,0.63,20.935,0.061,0.013,0.015221,1.7226
372,404,0.64,20.937,0.061,0.015,0.0269319,3.048
373,405,0.64,20.936,0.061,0.015,0.0089394,1.0117
374,406,0.64,20.934,0.061,0.026,0.0205864,2.3298
375,407,0.64,20.935,0.061,0.006,0.0229742,2.6001
376,408,0.64,20.935,0.061,0.011,0.0352275,3.9868
377,409,0.64,20.935,0.06,-0.005,0.0269028,3.0447
378,410,0.64,20.935,0.06,0,0.0326195,3.6917
379,411,0.64,20.935,0.061,-0.02,0.0255869,2.8958
380,412,0.65,20.936,0.061,-0.002,0.0375891,4.2541
381,413,0.65,20.936,0.061,0.007,0.0321834,3.6423
382,414,0.65,20.936,0.061,0.021,0.0325385,3.6825
383,415,0.65,20.935,0.061,0.01,0.0046998,0.5319
384,416,0.65,20.935,0.061,0.022,0.0267445,3.0268
385,417,0.6599,20.936,0.062,0.011,0.0422358,4.78
386,418,0.6599,20.936,0.061,0.008,0.0579045,6.5532
387,419,0.6599,20.936,0.062,-0.003,0.0478977,5.4207
388,420,0.6599,20.936,0.063,0.009,0.0446262,5.0505
389,421,0.6599,20.935,0.063,0.003,0.0283954,3.2136
390,422,0.6599,20.935,0.062,0.014,0.0403603,4.5677
391,423,0.6699,20.934,0.063,-0.001,0.0039948,0.4521
392,424,0.6699,20.935,0.061,0.003,0.0088748,1.0044
393,425,0.6699,20.935,0.061,0,0,0
394,426,0.6699,20.936,0.061,0.026,0.0153566,1.738
395,427,0.6699,20.936,0.061,0.01,0.0249893,2.8281
396,428,0.6699,20.935,0.061,0,0.0333741,3.7771
397,429,0.6799,20.934,0.061,-0.014,0.0344892,3.9033
398,430,0.6799,20.934,0.061,-0.001,0.0400543,4.5331
399,431,0.6799,20.933,0.061,-0.007,0.0388981,4.4022
400,432,0.6799,20.935,0.06,-0.001,0.0205752,2.3286
401,433,0.6799,20.937,0.061,-0.006,0.00282,0.3192
402,434,0.6799,20.936,0.061,0.022,0.0109568,1.24
403,435,0.6899,20.937,0.061,0.022,0.0130623,1.4783
404,436,0.6899,20.936,0.061,0.031,0.020748,2.3481
405,437,0.6899,20.936,0.061,0.016,0.0189214,2.1414
406,438,0.6899,20.936,0.061,0.007,0.0270841,3.0652
407,439,0.6999,20.936,0.061,0.004,0.0431153,4.8795
408,440,0.6999,20.935,0.061,0.007,0.0522778,5.9165
409,441,0.6999,20.934,0.062,-0.002,0.0514353,5.8211
410,442,0.6999,20.935,0.062,0.003,0.0297706,3.3692
411,443,0.6999,20.934,0.06,0.015,0.0169143,1.9142
412,444,0.6999,20.935,0.061,0.024,0.0120381,1.3624
413,445,0.7099,20.937,0.06,0.025,0.0077242,0.8742
414,446,0.7099,20.935,0.06,0.024,0.0252891,2.8621
415,447,0.7099,20.935,0.062,0.012,0.0090645,1.0259
416,448,0.7099,20.936,0.061,0.016,0.0364541,4.1256
417,449,0.7099,20.935,0.06,0.005,0.0283191,3.205
418,450,0.7099,20.936,0.061,0.001,0.0411959,4.6623
419,451,0.7099,20.934,0.061,-0.01,0.0286832,3.2462
420,452,0.7099,20.934,0.061,-0.012,0.026474,2.9962
421,453,0.72,20.935,0.061,-0.002,0.0191899,2.1718
422,454,0.72,20.937,0.061,0.019,0.0101747,1.1515
423,455,0.72,20.935,0.061,0.024,0.0143371,1.6226
424,456,0.72,20.935,0.061,0.028,0.0205432,2.3249
425,457,0.72,20.935,0.061,0.016,0.0344891,3.9033
426,458,0.72,20.934,0.062,0.022,0.0251319,2.8443
427,459,0.72,20.936,0.061,0,0.0326097,3.6905
428,460,0.7301,20.935,0.062,0.004,0.0390209,4.4161
429,461,0.7301,20.936,0.062,-0.005,0.0400622,4.534
430,462,0.7301,20.935,0.06,0.003,0.0120472,1.3634
431,463,0.7301,20.936,0.06,0.011,0.0238206,2.6959
432,464,0.7301,20.935,0.061,0.009,0.0196835,2.2277
433,465,0.7301,20.937,0.061,0.021,0.011242,1.2723
434,466,0.7401,20.936,0.061,0.017,0.0160193,1.813
435,467,0.7401,20.936,0.06,0.011,0.0007766,0.0879
436,468,0.7401,20.936,0.061,0.008,0.0084519,0.9565
437,469,0.7401,20.934,0.061,0.007,0.0199621,2.2592
438,470,0.7401,20.936,0.061,0,0.0286544,3.2429
439,471,0.7401,20.936,0.061,-0.006,0.0258967,2.9308
440,472,0.7401,20.936,0.061,0.003,0.0232232,2.6282
441,473,0.7401,20.934,0.061,0.019,0.0321843,3.6424
442,474,0.7401,20.936,0.061,0.013,0.0131361,1.4867
443,475,0.7501,20.935,0.06,0.017,0.0189087,2.14
444,476,0.7501,20.935,0.061,0.021,0.0307173,3.4764
445,477,0.7501,20.936,0.061,0.02,0.0244849,2.771
446,478,0.7501,20.935,0.06,0.025,0.027679,3.1325
447,479,0.7501,20.937,0.06,0.014,0.0200617,2.2705
448,480,0.7501,20.938,0.061,0.008,0.0363007,4.1083
449,481,0.76,20.937,0.061,0.004,0.0379222,4.2918
450,482,0.76,20.936,0.061,0.006,0.0420067,4.754
451,483,0.76,20.936,0.06,0.009,0.0220114,2.4911
452,484,0.76,20.936,0.06,0.011,0,0
453,485,0.76,20.934,0.061,0.019,0,0
454,486,0.77,20.936,0.06,0.008,0.0122495,1.3863
455,487,0.77,20.937,0.061,0.007,0.0111256,1.2591
456,488,0.77,20.935,0.061,0.007,0.019527,2.2099
457,489,0.78,20.936,0.062,0.009,0.0328457,3.7173
458,490,0.78,20.935,0.061,0.001,0.0307965,3.4853
459,491,0.78,20.938,0.061,-0.003,0.0284813,3.2233
460,492,0.78,20.936,0.061,-0.005,0.0273733,3.0979
461,493,0.78,20.936,0.06,-0.005,0.0234916,2.6586
462,494,0.78,20.935,0.061,0.011,0.0153494,1.7371
463,495,0.79,20.936,0.061,0.033,0.0231109,2.6155
464,496,0.79,20.938,0.06,0.036,0.0125368,1.4188
465,497,0.79,20.936,0.06,0.02,0.0064062,0.725
466,498,0.79,20.936,0.061,0.016,0.023806,2.6942
467,499,0.8,20.937,0.06,0.003,0.0316897,3.5864
468,500,0.8,20.938,0.06,0.001,0.023604,2.6713
469,501,0.8,20.936,0.06,0.007,0.0376136,4.2569
470,502,0.8,20.935,0.06,0,0.0234694,2.6561
471,503,0.8,20.937,0.06,0.001,0.0219455,2.4837
472,504,0.8,20.937,0.06,0.005,0.0105029,1.1887
473,505,0.8,20.937,0.06,0.017,0.0242727,2.747
474,506,0.8,20.936,0.06,0.014,0.0131945,1.4933
475,507,0.8,20.935,0.06,0.015,0.0126708,1.434
476,508,0.8,20.937,0.06,0.016,0.0036523,0.4133
477,509,0.81,20.938,0.06,0.009,0.0225149,2.5481
478,510,0.81,20.936,0.06,0.006,0.0183748,2.0795
479,511,0.81,20.935,0.06,0.005,0.0510673,5.7795
480,512,0.81,20.937,0.06,0.001,0.0294924,3.3378
481,513,0.81,20.935,0.059,0.014,0.0290515,3.2879
482,514,0.82,20.935,0.06,0.007,0.0133958,1.516
483,515,0.82,20.937,0.061,0.017,0.0106381,1.2039
484,516,0.82,20.937,0.06,0.008,0.0148085,1.6759
485,517,0.8301,20.936,0.061,0.019,0.0096764,1.0951
486,518,0.8301,20.936,0.061,0.023,0.0212869,2.4091
487,519,0.8301,20.935,0.062,0.027,0.0255231,2.8885
488,520,0.8301,20.936,0.061,0.013,0.0361367,4.0897
489,521,0.8301,20.935,0.061,0.013,0.034839,3.9428
490,522,0.8301,20.936,0.06,-0.012,0.0357358,4.0443
491,523,0.8301,20.935,0.059,-0.001,0.0387994,4.3911
492,524,0.8301,20.937,0.059,-0.004,0.0149433,1.6912
493,525,0.8401,20.938,0.059,0.015,0.0040125,0.4541
494,526,0.8401,20.937,0.059,0.013,0.0050111,0.5671
495,527,0.8401,20.938,0.06,0.014,0.0052046,0.589
496,528,0.8401,20.937,0.06,0.013,0,0
497,529,0.8501,20.938,0.061,0.007,0.0252059,2.8526
498,530,0.8501,20.937,0.061,-0.003,0.02138,2.4196
499,531,0.8501,20.938,0.062,-0.003,0.0265246,3.0019
500,532,0.8501,20.936,0.061,-0.003,0.0219522,2.4844
501,533,0.8501,20.936,0.061,0.002,0.0253402,2.8678
502,534,0.8501,20.935,0.061,-0.001,0.0151316,1.7125
503,535,0.8501,20.935,0.061,0.021,0.0269265,3.0474
504,536,0.86,20.935,0.061,0.022,0.0041629,0.4711
505,537,0.86,20.937,0.061,0.021,0.0249715,2.8261
506,538,0.86,20.937,0.061,0.016,0.018111,2.0497
507,539,0.86,20.938,0.06,0.033,0.0206299,2.3348
508,540,0.86,20.938,0.061,0.008,0.0391435,4.43
509,541,0.86,20.936,0.061,0.006,0.0437686,4.9534
510,542,0.86,20.937,0.06,0.001,0.0175501,1.9862
511,543,0.87,20.937,0.06,0.011,0.0318411,3.6036
512,544,0.87,20.936,0.06,0.003,0.0107626,1.218
513,545,0.87,20.937,0.059,0.017,0.0164966,1.867
514,546,0.87,20.936,0.059,0.007,0,0
515,547,0.87,20.936,0.059,0.019,0,0
516,548,0.87,20.938,0.06,0.004,0.0018453,0.2088
517,549,0.88,20.937,0.061,0.005,0.0167107,1.8912
518,550,0.88,20.938,0.061,0.006,0.014814,1.6765
519,551,0.88,20.937,0.061,-0.001,0.0217985,2.467
520,552,0.88,20.935,0.061,-0.001,0.0221731,2.5094
521,553,0.88,20.934,0.061,0.014,0.0162559,1.8397
522,554,0.88,20.936,0.06,0.005,0.0077489,0.877
523,555,0.88,20.935,0.06,0.026,0.0005336,0.0604
524,556,0.88,20.935,0.06,0.021,0.0098441,1.1141
525,557,0.89,20.935,0.061,0.028,0.0175126,1.982
526,558,0.89,20.937,0.061,0.023,0.0196429,2.2231
527,559,0.89,20.938,0.06,0.024,0.0227268,2.5721
528,560,0.89,20.937,0.06,0.006,0.0230359,2.6071
529,561,0.89,20.938,0.06,0.008,0.0258107,2.9211
530,562,0.89,20.938,0.06,-0.003,0.0166552,1.8849
531,563,0.89,20.939,0.059,0.006,0.0046229,0.5232
532,564,0.9,20.937,0.059,0.003,0.0042092,0.4764
533,565,0.9,20.939,0.059,0.011,0.0096422,1.0912
534,566,0.9,20.939,0.06,0.013,0,0
535,567,0.9,20.94,0.061,0.008,0.0053477,0.6052
536,568,0.9,20.939,0.061,0.014,0,0
537,569,0.9,20.936,0.061,0.012,0.0106689,1.2074
538,570,0.9,20.936,0.06,0.009,0.021995,2.4892
539,571,0.91,20.936,0.06,0.005,0.0171875,1.9452
540,572,0.91,20.937,0.06,0.007,0.008453,0.9567
541,573,0.91,20.936,0.061,0.016,0.0324259,3.6697
542,574,0.91,20.936,0.06,0.012,0.0052157,0.5903
543,575,0.91,20.939,0.06,0.018,0.010362,1.1727
544,576,0.92,20.938,0.06,0.013,0.0071747,0.812
545,577,0.92,20.938,0.06,0.039,0.0191572,2.1681
546,578,0.92,20.936,0.06,0.017,0.0082112,0.9293
547,579,0.92,20.938,0.06,0.023,0.0271367,3.0711
548,580,0.92,20.938,0.06,0.012,0.0238589,2.7002
549,581,0.92,20.938,0.06,0.006,0.0384122,4.3472
550,582,0.92,20.937,0.061,0.006,0.0229795,2.6007
551,583,0.92,20.938,0.06,0.013,0.0255325,2.8896
552,584,0.92,20.938,0.059,0.001,0.0042944,0.486
553,585,0.93,20.936,0.059,0.018,0.0077272,0.8745
554,586,0.93,20.938,0.059,0.018,0,0
555,587,0.93,20.937,0.059,0.021,0.0073142,0.8278
556,588,0.94,20.937,0.059,0.005,0.0007758,0.0878
557,589,0.94,20.938,0.06,0.02,0.0043142,0.4883
558,590,0.94,20.937,0.06,0.006,0.0233296,2.6403
559,591,0.94,20.936,0.06,0.009,0.0179087,2.0268
560,592,0.94,20.936,0.06,-0.005,0.0287834,3.2575
561,593,0.94,20.936,0.06,0.005,0.0363242,4.1109
562,594,0.94,20.937,0.059,0.003,0.0133719,1.5133
563,595,0.94,20.937,0.059,0.019,0.0113441,1.2839
564,596,0.94,20.938,0.059,0.011,0,0
565,597,0.9501,20.939,0.059,0.022,0.0070869,0.8021
566,598,0.9501,20.939,0.06,0.016,0.0127608,1.4442
567,599,0.9501,20.938,0.06,0.026,0.015898,1.7992
568,600,0.9501,20.937,0.06,0.018,0.0153855,1.7412
569,601,0.9599,20.938,0.06,0.009,0.0280186,3.171
570,602,0.9599,20.936,0.06,0.01,0.0216959,2.4554
571,603,0.9599,20.937,0.059,0.009,0.0135202,1.5301
572,604,0.9599,20.935,0.06,-0.002,0.0111384,1.2606
573,605,0.9599,20.936,0.06,0.014,0.0018078,0.2046
574,606,0.9599,20.937,0.06,0.021,0,0
575,607,0.9599,20.936,0.06,0.032,0,0
576,608,0.9599,20.937,0.06,0.02,0.0042605,0.4822
577,609,0.9599,20.937,0.06,0.015,0.0075719,0.8569
578,610,0.97,20.937,0.06,0.012,0.0332043,3.7578
579,611,0.97,20.937,0.06,0.003,0.0307049,3.475
580,612,0.97,20.939,0.06,-0.004,0.0318872,3.6088
581,613,0.97,20.938,0.06,0.002,0.0086179,0.9753
582,614,0.98,20.938,0.06,0.014,0.0076226,0.8627
583,615,0.99,20.937,0.06,0.021,0.0061013,0.6905
584,616,1,20.936,0.06,0.025,0.006928,0.7841
585,617,1,20.937,0.061,0.032,0.0029349,0.3321
586,618,1,20.937,0.06,0.02,0.0069552,0.7871
587,619,0.99,20.939,0.06,0.018,0.0081911,0.927
588,620,0.99,20.938,0.06,0.015,0.0296785,3.3588
589,621,1,20.938,0.06,-0.005,0.0357837,4.0498
590,622,0.99,20.937,0.059,-0.007,0.0388823,4.4004
591,623,0.99,20.938,0.059,-0.007,0.0238921,2.704
592,624,0.99,20.938,0.06,0.01,0.0166766,1.8874
593,625,0.99,20.939,0.06,0.01,0.0217044,2.4564
594,626,0.99,20.939,0.061,0.021,0.0144797,1.6387
595,627,0.99,20.937,0.061,0.024,0.0108414,1.227
596,628,1,20.936,0.061,0.023,0.0033706,0.3815
597,629,1,20.937,0.061,0.024,0.0029748,0.3367
598,630,1,20.936,0.06,0.018,0.0214572,2.4284
599,631,1,20.937,0.06,0.004,0.0324676,3.6745
600,632,1,20.936,0.06,0.003,0.045144,5.1091
601,633,1.01,20.935,0.06,-0.005,0.0358522,4.0575
602,634,1.01,20.936,0.061,0.009,0.0445511,5.042
603,635,1.01,20.936,0.061,0.01,0.0329212,3.7258
604,636,1.01,20.937,0.061,0.005,0.0206746,2.3398
605,637,1.01,20.937,0.06,0.017,0.0165682,1.8751
606,638,1.01,20.936,0.061,0.026,0.0114266,1.2932
607,639,1.01,20.935,0.061,0.032,0.0297973,3.3723
608,640,1.02,20.935,0.061,0.023,0.0285481,3.2309
609,641,1.02,20.937,0.062,0.015,0.0318533,3.6049
610,642,1.02,20.935,0.061,-0.006,0.0269256,3.0473
611,643,1.02,20.937,0.061,-0.012,0.0252809,2.8611
612,644,1.02,20.936,0.061,-0.008,0.019697,2.2292
613,645,1.03,20.937,0.061,-0.006,0.0258819,2.9291
614,646,1.03,20.935,0.061,0,0.0053485,0.6053
615,647,1.03,20.936,0.061,0.011,0,0
616,648,1.03,20.936,0.061,0.015,0.0052192,0.5907
617,649,1.04,20.936,0.061,0.015,0.0176332,1.9956
618,650,1.04,20.937,0.061,0.007,0.0215753,2.4418
619,651,1.04,20.935,0.062,0.008,0.0084736,0.959
620,652,1.04,20.935,0.062,0.004,0.0379778,4.2981
621,653,1.04,20.935,0.061,0.004,0.023708,2.6831
622,654,1.05,20.936,0.061,0.007,0.0422697,4.7838
623,655,1.05,20.936,0.06,0.007,0.031152,3.5256
624,656,1.05,20.937,0.06,0.007,0.0190513,2.1561
625,657,1.05,20.936,0.06,0.017,0.0125944,1.4254
626,658,1.05,20.938,0.06,0.024,0.0215277,2.4364
627,659,1.05,20.939,0.06,0.017,0.0074682,0.8452
628,660,1.0599,20.938,0.062,0.015,0.0170844,1.9335
629,661,1.0599,20.936,0.062,0.009,0.0106976,1.2107
630,662,1.0599,20.936,0.061,0.012,0.0290578,3.2886
631,663,1.0699,20.938,0.061,0,0.0193196,2.1865
632,664,1.0699,20.935,0.061,0.008,0.032782,3.71
633,665,1.0699,20.936,0.06,-0.009,0.0219375,2.4827
634,666,1.0699,20.936,0.06,0.002,0.013928,1.5763
635,667,1.0699,20.936,0.059,0.009,0.0068116,0.7709
636,668,1.0699,20.937,0.06,0.016,0.0131049,1.4831
637,669,1.0699,20.937,0.06,0.011,0.0195051,2.2075
638,670,1.0799,20.936,0.06,0.015,0.0372386,4.2144
639,671,1.0799,20.938,0.06,0.001,0.0295491,3.3442
640,672,1.0799,20.939,0.061,0.012,0.0202807,2.2952
641,673,1.0799,20.938,0.061,-0.002,0.0249167,2.8199
642,674,1.0799,20.937,0.061,0.008,0.0358432,4.0565
643,675,1.0799,20.937,0.061,-0.005,0.0247727,2.8036
644,676,1.0899,20.937,0.061,0.015,0.0261953,2.9646
645,677,1.0899,20.935,0.061,0.022,0,0
646,678,1.0899,20.935,0.06,0.024,0.01344,1.5211
647,679,1.0899,20.936,0.06,0.024,0.0101823,1.1524
648,680,1.0899,20.935,0.06,0.018,0.0132502,1.4996
649,681,1.0899,20.935,0.061,0.001,0.0076656,0.8675
650,682,1.0899,20.935,0.061,0.003,0.032447,3.6721
651,683,1.0899,20.936,0.061,0.002,0.0301925,3.417
652,684,1.1,20.938,0.061,-0.007,0.0359422,4.0677
653,685,1.1,20.939,0.061,-0.003,0.0184568,2.0888
654,686,1.1,20.936,0.06,0.007,0.0273723,3.0978
655,687,1.1,20.936,0.06,0.007,0.0142675,1.6147
656,688,1.1,20.936,0.06,0.025,0.0112862,1.2773
657,689,1.1,20.939,0.06,0.014,0.0144452,1.6348
658,690,1.1,20.937,0.06,0.017,0.0205858,2.3298
659,691,1.1,20.937,0.06,0.005,0.0144363,1.6338
660,692,1.1,20.939,0.06,0.01,0.0399592,4.5223
661,693,1.1,20.939,0.06,-0.004,0.0267298,3.0251
662,694,1.11,20.937,0.06,0.003,0.0273624,3.0967
663,695,1.11,20.936,0.061,-0.003,0.0329666,3.7309
664,696,1.11,20.936,0.061,0.013,0.0268256,3.0359
665,697,1.11,20.936,0.062,0.005,0,0
666,698,1.11,20.936,0.061,0.016,0.0283238,3.2055
667,699,1.12,20.936,0.061,0.015,0.0229711,2.5997
668,700,1.12,20.937,0.06,0.017,0.0455505,5.1551
669,701,1.12,20.936,0.06,0.003,0.0241323,2.7311
670,702,1.13,20.938,0.061,0.013,0.0271446,3.072
671,703,1.13,20.937,0.06,-0.007,0.0258903,2.9301
672,704,1.13,20.936,0.06,0.006,0.0325773,3.6869
673,705,1.13,20.936,0.06,0.006,0.0090888,1.0286
674,706,1.13,20.936,0.06,0.001,0.0153472,1.7369
675,707,1.13,20.936,0.06,0.006,0.0101426,1.1479
676,708,1.13,20.936,0.061,0.028,0.0146103,1.6535
677,709,1.13,20.937,0.061,0.009,0.0278911,3.1565
678,710,1.13,20.935,0.061,0.014,0.0162729,1.8417
679,711,1.14,20.935,0.061,-0.012,0.0153328,1.7353
680,712,1.14,20.936,0.062,0.003,0.0306481,3.4685
681,713,1.14,20.937,0.062,-0.001,0.0211293,2.3913
682,714,1.14,20.937,0.061,0.01,0.0257185,2.9107
683,715,1.14,20.935,0.061,0.005,0.0171339,1.9391
684,716,1.14,20.935,0.062,0.022,0.0275138,3.1138
685,717,1.14,20.936,0.061,0.015,0.0125605,1.4215
686,718,1.15,20.936,0.061,0.021,0.0081858,0.9264
687,719,1.15,20.936,0.061,0.012,0.0007789,0.0881
688,720,1.15,20.937,0.061,0.009,0.0218168,2.4691
689,721,1.15,20.935,0.061,0.015,0.0282374,3.1957
690,722,1.15,20.936,0.061,0.011,0.0211064,2.3887
691,723,1.15,20.937,0.061,-0.012,0.0222165,2.5143
692,724,1.15,20.939,0.06,0.001,0.0263732,2.9847
693,725,1.1599,20.938,0.06,-0.007,0.0225823,2.5557
694,726,1.1599,20.939,0.06,0.006,0.0210027,2.377
695,727,1.1599,20.938,0.06,0.001,0.0083539,0.9454
696,728,1.1599,20.937,0.06,0.015,0.0032152,0.3639
697,729,1.1599,20.937,0.061,0.019,0.0113929,1.2894
698,730,1.1599,20.937,0.061,0.025,0.0103554,1.172
699,731,1.1699,20.937,0.061,0.01,0.0161615,1.8291
700,732,1.1699,20.936,0.061,0.004,0.0243976,2.7612
701,733,1.1699,20.936,0.061,0.006,0.0339977,3.8476
702,734,1.1699,20.937,0.06,0.005,0.0415572,4.7032
703,735,1.1699,20.937,0.061,0.002,0.0166832,1.8881
704,736,1.1699,20.937,0.061,0.014,0.0230977,2.614
705,737,1.1799,20.935,0.061,0.006,0.0183654,2.0785
706,738,1.1799,20.937,0.061,0.013,0.0151473,1.7143
707,739,1.1799,20.938,0.06,0.018,0.0089937,1.0178
708,740,1.1899,20.938,0.06,0.016,0.0261169,2.9557
709,741,1.1899,20.937,0.06,0.017,0.0115209,1.3039
710,742,1.1899,20.937,0.061,0.007,0.0223745,2.5322
711,743,1.1899,20.938,0.06,-0.002,0.0264643,2.9951
712,744,1.1899,20.938,0.06,-0.005,0.0362965,4.1078
713,745,1.1899,20.937,0.061,-0.013,0.0278623,3.1533
714,746,1.1899,20.937,0.061,0.01,0.0271679,3.0747
715,747,1.1899,20.937,0.06,0.004,0.032292,3.6546
716,748,1.1899,20.937,0.06,0.005,0.0039205,0.4437
717,749,1.1999,20.938,0.061,0.017,0.0096305,1.0899
718,750,1.1999,20.936,0.061,0.022,0.0298229,3.3752
719,751,1.1999,20.936,0.06,0.006,0.0322323,3.6478
720,752,1.1999,20.936,0.06,0.016,0.0309982,3.5082
721,753,1.1999,20.937,0.061,0.006,0.0312537,3.5371
722,754,1.1999,20.937,0.06,0.001,0.0408316,4.6211
723,755,1.2099,20.937,0.06,-0.003,0.0200161,2.2653
724,756,1.2099,20.936,0.06,0.01,0.0227328,2.5727
725,757,1.22,20.935,0.061,0.001,0.0274556,3.1072
726,758,1.22,20.937,0.06,0,0.0103856,1.1754
727,759,1.22,20.936,0.06,0.023,0.0007747,0.0877
728,760,1.22,20.937,0.06,0.013,0.0134617,1.5235
729,761,1.22,20.938,0.059,-0.001,0.0083409,0.944
730,762,1.22,20.937,0.06,-0.007,0.0198709,2.2489
731,763,1.22,20.938,0.06,-0.007,0.0231041,2.6148
732,764,1.22,20.938,0.06,-0.012,0.0285979,3.2365
733,765,1.22,20.939,0.06,-0.012,0.0227599,2.5758
734,766,1.2301,20.937,0.06,0.008,0.0120615,1.365
735,767,1.2301,20.937,0.06,0.005,0,0
736,768,1.2401,20.937,0.061,0.001,0,0
737,769,1.2401,20.937,0.06,0.016,0.0064319,0.7279
738,770,1.2501,20.937,0.061,0.026,0.0065479,0.741
739,771,1.2501,20.937,0.06,0.013,0.017155,1.9415
740,772,1.2501,20.937,0.06,0.014,0.0241666,2.735
741,773,1.26,20.938,0.06,0.003,0.0300339,3.399
742,774,1.27,20.938,0.06,0.005,0.028615,3.2385
743,775,1.27,20.937,0.06,-0.005,0.0363786,4.1171
744,776,1.27,20.938,0.061,-0.004,0.0136026,1.5395
745,777,1.26,20.939,0.06,0.005,0.0137962,1.5614
746,778,1.2501,20.939,0.06,0.019,0,0
747,779,1.2501,20.939,0.06,0.023,0.0040058,0.4533
748,780,1.26,20.938,0.059,0.016,0.006035,0.683
749,781,1.26,20.938,0.06,0.012,0.0122964,1.3916
750,782,1.26,20.939,0.06,0.001,0.0176527,1.9978
751,783,1.26,20.939,0.061,-0.005,0.0388672,4.3987
752,784,1.26,20.939,0.061,-0.007,0.0419735,4.7503
753,785,1.26,20.938,0.061,-0.001,0.0317962,3.5985
754,786,1.26,20.937,0.061,-0.008,0.0317083,3.5885
755,787,1.26,20.937,0.06,0.013,0.0269415,3.0491
756,788,1.26,20.937,0.06,0.009,0.0172442,1.9516
757,789,1.26,20.938,0.061,0.027,0.0200499,2.2691
758,790,1.26,20.939,0.061,0.022,0.0243959,2.761
759,791,1.26,20.937,0.061,0.02,0.030041,3.3998
760,792,1.27,20.937,0.062,0.014,0.0402173,4.5515
761,793,1.27,20.937,0.061,0.013,0.0200599,2.2702
762,794,1.28,20.936,0.061,-0.001,0.0321748,3.6413
763,795,1.28,20.935,0.062,-0.013,0.0332229,3.76
764,796,1.29,20.937,0.061,-0.005,0.0290607,3.2889
765,797,1.29,20.937,0.061,0,0.0158452,1.7933
766,798,1.29,20.936,0.061,0.005,0,0
767,799,1.29,20.936,0.061,0.019,0.0258715,2.928
768,800,1.29,20.935,0.061,0.012,0.0079227,0.8966
769,801,1.29,20.936,0.06,0.008,0.016175,1.8306
770,802,1.3,20.936,0.06,-0.002,0.0097991,1.109
771,803,1.31,20.937,0.061,-0.007,0.0135731,1.5361
772,804,1.31,20.936,0.061,0.007,0.0300492,3.4008
773,805,1.31,20.937,0.061,0,0.0268239,3.0358
774,806,1.3,20.936,0.062,0.004,0.0079318,0.8977
775,807,1.3,20.935,0.062,0.002,0.013953,1.5791
776,808,1.3,20.936,0.062,0.01,0.0231385,2.6187
777,809,1.3,20.937,0.062,0.021,0.0374849,4.2423
778,810,1.3,20.938,0.062,0.005,0.0192143,2.1745
779,811,1.3,20.936,0.062,0.022,0.0281962,3.1911
780,812,1.31,20.936,0.063,0.014,0.0380753,4.3091
781,813,1.31,20.936,0.062,0.024,0.0561023,6.3493
782,814,1.31,20.935,0.062,0.017,0.0323443,3.6605
783,815,1.31,20.936,0.062,0.006,0.0429039,4.8556
784,816,1.31,20.935,0.062,0.009,0.0222272,2.5155
785,817,1.31,20.935,0.062,0.022,0.0308722,3.4939
786,818,1.32,20.936,0.062,0.021,0.0029174,0.3302
787,819,1.32,20.935,0.062,0.022,0.003711,0.42
788,820,1.3301,20.933,0.062,0.004,0.0337428,3.8188
789,821,1.3301,20.934,0.062,0.016,0.0219824,2.4878
790,822,1.3301,20.935,0.063,-0.002,0.0314833,3.5631
791,823,1.3301,20.937,0.062,0.002,0.0334111,3.7813
792,824,1.3401,20.934,0.063,-0.014,0.0357782,4.0491
793,825,1.3401,20.934,0.062,0.003,0.0133811,1.5144
794,826,1.3401,20.935,0.062,0.004,0.0191133,2.1631
795,827,1.3401,20.933,0.062,0.013,0.0200253,2.2663
796,828,1.3401,20.935,0.061,0.01,0.0255865,2.8957
797,829,1.3401,20.934,0.062,0.023,0.0235528,2.6655
798,830,1.3401,20.937,0.062,0.026,0.0066778,0.7558
799,831,1.3401,20.936,0.062,0.003,0.0109524,1.2395
800,832,1.3401,20.935,0.062,0.009,0.0232734,2.6339
801,833,1.3401,20.936,0.063,0,0.0293852,3.3256
802,834,1.3401,20.936,0.062,0.001,0.0418768,4.7393
803,835,1.3401,20.935,0.062,-0.004,0.044961,5.0884
804,836,1.3501,20.936,0.062,0.012,0.0324518,3.6727
805,837,1.3501,20.937,0.062,0.016,0.0241017,2.7277
806,838,1.3501,20.935,0.062,0.011,0.0193826,2.1936
807,839,1.3501,20.936,0.063,0.015,0,0
808,840,1.3501,20.934,0.063,0.016,0.011165,1.2636
809,841,1.3501,20.934,0.063,0.027,0.0267773,3.0305
810,842,1.36,20.935,0.064,0.023,0.0387318,4.3834
811,843,1.36,20.935,0.063,0.02,0.0278073,3.147
812,844,1.36,20.933,0.063,0.015,0.0242295,2.7421
813,845,1.36,20.933,0.062,0.003,0.0293874,3.3259
814,846,1.36,20.933,0.062,0.001,0,0
815,847,1.36,20.933,0.062,0.004,0.0134005,1.5166
816,848,1.36,20.935,0.062,0.011,0,0
817,849,1.36,20.935,0.062,0.016,0.0086121,0.9747
818,850,1.37,20.935,0.062,0.036,0.0018276,0.2068
819,851,1.37,20.935,0.062,0.019,0.0153081,1.7325
820,852,1.37,20.936,0.062,0.014,0.01142,1.2924
821,853,1.37,20.934,0.062,0.002,0.0147924,1.6741
822,854,1.37,20.934,0.062,0.003,0.0284918,3.2245
823,855,1.38,20.936,0.062,0.007,0.0372712,4.2181
824,856,1.38,20.936,0.062,0.002,0.0307392,3.4789
825,857,1.38,20.936,0.062,0.021,0.021261,2.4062
826,858,1.38,20.938,0.061,0.017,0.0104926,1.1875
827,859,1.38,20.936,0.06,0.03,0,0
828,860,1.38,20.938,0.061,0.014,0.0104017,1.1772
829,861,1.38,20.938,0.062,0.024,0.0210719,2.3848
830,862,1.38,20.937,0.061,0.015,0.040529,4.5868
831,863,1.38,20.936,0.062,0.015,0.0297365,3.3654
832,864,1.38,20.937,0.062,0.011,0.0416052,4.7086
833,865,1.39,20.937,0.062,0.003,0.0403155,4.5626
834,866,1.39,20.936,0.062,-0.001,0.0220164,2.4917
835,867,1.39,20.935,0.062,0.001,0.0298152,3.3743
836,868,1.39,20.936,0.062,0.009,0.0164427,1.8609
837,869,1.39,20.936,0.062,0.015,0.0058277,0.6595
838,870,1.39,20.937,0.061,0.029,0,0
839,871,1.4,20.937,0.061,0.016,0.0110819,1.2542
840,872,1.4,20.937,0.061,0.006,0.0177055,2.0038
841,873,1.4,20.937,0.061,-0.012,0.0052252,0.5914
842,874,1.4,20.937,0.061,-0.002,0.028711,3.2493
843,875,1.4,20.937,0.062,-0.004,0.0169747,1.9211
844,876,1.4,20.935,0.062,-0.013,0.0205337,2.3239
845,877,1.41,20.937,0.062,0.004,0.0221419,2.5059
846,878,1.41,20.937,0.06,0.006,0.0135435,1.5328
847,879,1.41,20.935,0.061,0.016,0.0071835,0.813
848,880,1.41,20.936,0.061,0.025,0.0050499,0.5715
849,881,1.41,20.936,0.061,0.031,0.0063961,0.7239
850,882,1.41,20.937,0.061,0.02,0.0229938,2.6023
851,883,1.41,20.936,0.061,0.009,0.0253469,2.8686
852,884,1.42,20.937,0.061,0.016,0.023983,2.7142
853,885,1.42,20.938,0.061,-0.001,0.0223839,2.5333
854,886,1.42,20.937,0.06,0.005,0.0169902,1.9228
855,887,1.43,20.938,0.061,0.003,0.0205117,2.3214
856,888,1.43,20.938,0.061,0.005,0.0260437,2.9475
857,889,1.43,20.937,0.061,0.013,0.0103545,1.1719
858,890,1.43,20.937,0.061,0.019,0,0
859,891,1.43,20.937,0.061,0.021,0,0
860,892,1.43,20.937,0.06,0.015,0.0186324,2.1087
861,893,1.44,20.938,0.06,0.005,0.0106421,1.2044
862,894,1.44,20.937,0.06,-0.002,0.0198394,2.2453
863,895,1.44,20.938,0.061,-0.005,0.0319999,3.6215
864,896,1.44,20.939,0.061,0,0.0441555,4.9972
865,897,1.44,20.938,0.06,0.01,0.0274555,3.1072
866,898,1.44,20.937,0.061,0.012,0.0004952,0.056
867,899,1.44,20.936,0.061,0.006,0,0
868,900,1.44,20.936,0.06,0.016,0,0
869,901,1.4501,20.937,0.06,0.027,0.016397,1.8557
870,902,1.4501,20.939,0.059,0.028,0.0186899,2.1152
871,903,1.4501,20.938,0.061,0.015,0.0336878,3.8126
872,904,1.4501,20.936,0.061,0.011,0.0181589,2.0551
873,905,1.4501,20.938,0.061,0.007,0.0349716,3.9579
874,906,1.4599,20.937,0.061,0,0.0443082,5.0145
875,907,1.4599,20.936,0.061,-0.006,0.0344374,3.8974
876,908,1.4599,20.935,0.061,0.005,0.0028761,0.3255
877,909,1.4599,20.936,0.06,0.03,0.0120939,1.3687
878,910,1.4599,20.936,0.061,0.03,0.0007731,0.0875
879,911,1.4599,20.937,0.061,0.027,0.0186377,2.1093
880,912,1.47,20.938,0.061,0.015,0.0105679,1.196
881,913,1.47,20.936,0.061,0.013,0.0341547,3.8654
882,914,1.47,20.936,0.061,-0.006,0.0225297,2.5498
883,915,1.47,20.937,0.06,0.004,0.0271107,3.0682
884,916,1.47,20.938,0.061,-0.006,0.0211519,2.3938
885,917,1.47,20.937,0.06,-0.011,0.0134489,1.5221
886,918,1.47,20.936,0.06,-0.001,0.0050247,0.5687
887,919,1.48,20.936,0.061,0.024,0.0090734,1.0269
888,920,1.48,20.937,0.06,0.019,0,0
889,921,1.48,20.936,0.061,0.026,0,0
890,922,1.49,20.937,0.062,0.013,0.0071576,0.8101
891,923,1.49,20.936,0.061,0.015,0.0169515,1.9185
892,924,1.49,20.937,0.061,-0.001,0.0167171,1.8919
893,925,1.49,20.936,0.061,0.009,0.0152752,1.7288
894,926,1.49,20.936,0.06,0,0.02047,2.3167
895,927,1.5,20.937,0.061,0.007,0.0392404,4.441
896,928,1.5,20.937,0.061,0.013,0.0200214,2.2659
897,929,1.5,20.937,0.061,0.021,0.0243138,2.7517
898,930,1.5,20.937,0.061,0.022,0.0028997,0.3282
899,931,1.5,20.936,0.061,0.03,0.0069121,0.7823
900,932,1.5,20.938,0.06,0.021,0.0005029,0.0569
901,933,1.5,20.938,0.061,0.02,0.0283144,3.2044
902,934,1.5,20.937,0.059,0.005,0.0234475,2.6536
903,935,1.5,20.938,0.06,0.007,0.0129306,1.4634
904,936,1.5,20.938,0.061,0.003,0.0059391,0.6721
905,937,1.5,20.939,0.061,0.011,0.0191549,2.1678
906,938,1.51,20.936,0.061,-0.011,0.0007749,0.0877
907,939,1.51,20.937,0.061,0.007,0.0112821,1.2768
908,940,1.51,20.937,0.062,0.008,0.0059503,0.6734
909,941,1.51,20.936,0.062,0.022,0,0
910,942,1.51,20.937,0.061,0.023,0,0
911,943,1.52,20.936,0.061,0.03,0.0171448,1.9403
912,944,1.52,20.936,0.061,0.004,0.0349855,3.9594
913,945,1.52,20.936,0.061,0.008,0.0200026,2.2638
914,946,1.52,20.936,0.061,0.009,0.0315467,3.5702
915,947,1.52,20.938,0.061,0.025,0.0301055,3.4071
916,948,1.53,20.936,0.061,0.012,0.0121967,1.3803
917,949,1.53,20.936,0.061,0.025,0,0
918,950,1.53,20.937,0.061,0.015,0,0
919,951,1.53,20.937,0.06,0.02,0.0007755,0.0878
920,952,1.53,20.937,0.061,0.025,0,0
921,953,1.54,20.938,0.061,0.025,0.0042325,0.479
922,954,1.54,20.938,0.061,0.005,0.0365878,4.1408
923,955,1.54,20.938,0.061,-0.003,0.0238538,2.6996
924,956,1.54,20.936,0.061,0.007,0.0291234,3.296
925,957,1.54,20.937,0.06,0.001,0.0104913,1.1873
926,958,1.54,20.936,0.06,0.008,0.0245914,2.7831
927,959,1.54,20.935,0.06,0.02,0.0244617,2.7684
928,960,1.55,20.936,0.06,0.026,0.0042492,0.4809
929,961,1.55,20.938,0.06,0.024,0.0021023,0.2379
930,962,1.55,20.938,0.061,0.026,0.0098001,1.1091
931,963,1.55,20.937,0.061,0.028,0.0151256,1.7118
932,964,1.55,20.938,0.06,0.017,0.0314716,3.5617
933,965,1.55,20.938,0.06,-0.008,0.043257,4.8955
934,966,1.5599,20.937,0.06,0.004,0.0475989,5.3869
935,967,1.5599,20.937,0.06,-0.001,0.0407808,4.6153
936,968,1.5599,20.937,0.06,0.017,0.0418124,4.732
937,969,1.5599,20.937,0.06,0.008,0.0265853,3.0088
938,970,1.5599,20.936,0.06,0.018,0.0058068,0.6572
939,971,1.5699,20.934,0.059,0.018,0.0036934,0.418
940,972,1.5699,20.938,0.06,0.021,0,0
941,973,1.5699,20.938,0.06,0.008,0.0110138,1.2465
942,974,1.5699,20.939,0.06,0.008,0.0138606,1.5686
943,975,1.5799,20.938,0.061,-0.003,0.0294192,3.3295
944,976,1.5799,20.937,0.061,-0.01,0.0357676,4.0479
945,977,1.5799,20.936,0.062,-0.009,0.0343734,3.8902
946,978,1.5899,20.935,0.061,-0.004,0.0226784,2.5666
947,979,1.5899,20.935,0.061,0.006,0.0102569,1.1608
948,980,1.5899,20.933,0.061,0.015,0.0213382,2.4149
949,981,1.5899,20.934,0.062,0.025,0.019117,2.1635
950,982,1.5899,20.936,0.061,0.026,0.0055607,0.6293
951,983,1.5899,20.936,0.06,0.032,0.008261,0.9349
952,984,1.5899,20.936,0.06,0.021,0.0187763,2.125
953,985,1.5899,20.936,0.061,0.009,0.0250747,2.8378
954,986,1.5899,20.938,0.061,-0.002,0.0337117,3.8153
955,987,1.5899,20.937,0.061,-0.003,0.0433744,4.9088
956,988,1.5899,20.936,0.061,0.003,0.0177994,2.0144
957,989,1.6,20.935,0.061,0.009,0.0050835,0.5753
958,990,1.6,20.936,0.061,0.016,0,0
959,991,1.6,20.937,0.061,0.015,0,0
960,992,1.6,20.935,0.061,0.022,0,0
961,993,1.6,20.934,0.061,0.03,0.0122675,1.3884
962,994,1.6,20.935,0.061,0.018,0.0301178,3.4085
963,995,1.6,20.937,0.061,0.013,0.0171333,1.939
964,996,1.61,20.936,0.061,0.007,0.0191355,2.1656
965,997,1.61,20.936,0.061,-0.006,0.0371115,4.2
966,998,1.61,20.937,0.06,-0.015,0.0060969,0.69
967,999,1.61,20.937,0.06,0.01,0.0144149,1.6314
968,1000,1.61,20.937,0.061,0.022,0.0071476,0.8089
969,1001,1.61,20.937,0.061,0.027,0.0047886,0.5419
970,1002,1.61,20.937,0.061,0.024,0.0156829,1.7749
971,1003,1.61,20.938,0.06,0.021,0.0126469,1.4313
972,1004,1.61,20.938,0.061,0.02,0.0293584,3.3226
973,1005,1.62,20.936,0.061,0.002,0.0318651,3.6063
974,1006,1.62,20.936,0.061,0.005,0.0311015,3.5199
975,1007,1.62,20.938,0.061,0.003,0.0315334,3.5687
976,1008,1.62,20.938,0.06,-0.01,0.031477,3.5624
977,1009,1.62,20.937,0.06,0.021,0.0145197,1.6432
978,1010,1.63,20.937,0.061,0.018,0.0125741,1.4231
979,1011,1.63,20.936,0.061,0.019,0.0061058,0.691
980,1012,1.63,20.937,0.06,0.026,0.0185914,2.1041
981,1013,1.63,20.936,0.061,0.012,0.0186649,2.1124
982,1014,1.64,20.937,0.061,0.014,0.0249356,2.822
983,1015,1.64,20.937,0.061,0.003,0.0488274,5.526
984,1016,1.64,20.936,0.061,0.001,0.0299605,3.3907
985,1017,1.65,20.936,0.06,0.006,0.0299535,3.3899
986,1018,1.65,20.935,0.061,0.002,0.0261796,2.9628
987,1019,1.65,20.936,0.06,0.001,0.0251181,2.8427
988,1020,1.6599,20.936,0.06,0.013,0.0279559,3.1639
989,1021,1.6599,20.937,0.06,0.015,0.0129582,1.4665
990,1022,1.6599,20.937,0.06,0.021,0.0207022,2.3429
991,1023,1.6599,20.937,0.06,0.014,0,0
992,1024,1.6599,20.936,0.06,0.009,0.0168118,1.9026
993,1025,1.6599,20.937,0.06,0.003,0.0306884,3.4731
994,1026,1.6699,20.937,0.06,-0.015,0.044223,5.0049
995,1027,1.6699,20.936,0.059,-0.002,0.0453642,5.134
996,1028,1.6699,20.937,0.06,-0.001,0.0524552,5.9365
997,1029,1.6699,20.937,0.061,0.002,0.0230171,2.6049
998,1030,1.6699,20.937,0.059,0.007,0,0
999,1031,1.6699,20.936,0.06,0.011,0.0149179,1.6883
1000,1032,1.6699,20.935,0.061,0.024,0,0
1001,1033,1.6699,20.935,0.06,0.016,0.018559,2.1004
1002,1034,1.6699,20.935,0.06,0.029,0.0161554,1.8284
1003,1035,1.6799,20.938,0.061,0.006,0.0263076,2.9773
1004,1036,1.6799,20.938,0.061,-0.003,0.0315127,3.5664
1005,1037,1.6799,20.937,0.061,-0.016,0.0330549,3.7409
1006,1038,1.6799,20.937,0.061,-0.012,0.0337201,3.8162
1007,1039,1.6799,20.936,0.06,-0.014,0.0413032,4.6744
1008,1040,1.6799,20.935,0.061,0.01,0.022874,2.5887
1009,1041,1.6799,20.936,0.06,0.026,0.0225955,2.5572
1010,1042,1.6799,20.937,0.06,0.022,0.005568,0.6302
1011,1043,1.6799,20.935,0.06,0.028,0.0191737,2.1699
1012,1044,1.6799,20.937,0.061,0.014,0.0210722,2.3848
1013,1045,1.6799,20.936,0.06,0.006,0.0251694,2.8485
1014,1046,1.6799,20.938,0.061,0.002,0.0213961,2.4215
1015,1047,1.6899,20.937,0.061,-0.004,0.038921,4.4048
1016,1048,1.6899,20.937,0.061,0.004,0.0265278,3.0022
1017,1049,1.6899,20.935,0.061,0.003,0.020647,2.3367
1018,1050,1.6899,20.935,0.061,0.001,0,0
1019,1051,1.6899,20.934,0.061,0.014,0.0060968,0.69
1020,1052,1.6899,20.935,0.061,0.014,0,0
1021,1053,1.6999,20.935,0.06,0.03,0.01465,1.658
1022,1054,1.6999,20.935,0.06,0.009,0.0063949,0.7237
1023,1055,1.6999,20.937,0.06,0.002,0.0344188,3.8953
1024,1056,1.6999,20.938,0.06,0.003,0.0329218,3.7259
1025,1057,1.7099,20.937,0.06,0.011,0.0425644,4.8172
1026,1058,1.7099,20.936,0.061,-0.005,0.0177868,2.013
1027,1059,1.7099,20.936,0.061,0.001,0.0151799,1.718
1028,1060,1.7099,20.937,0.061,0.011,0.0085924,0.9724
1029,1061,1.7099,20.936,0.06,0.026,0.0142747,1.6155
1030,1062,1.7099,20.939,0.06,0.021,0.0020868,0.2362
1031,1063,1.7099,20.937,0.061,0.029,0.0031968,0.3618
1032,1064,1.7099,20.937,0.061,0.012,0.0314002,3.5537
1033,1065,1.72,20.937,0.061,0.015,0.033328,3.7718
1034,1066,1.72,20.938,0.061,-0.007,0.0348198,3.9407
1035,1067,1.72,20.937,0.06,-0.005,0.0157704,1.7848
1036,1068,1.72,20.937,0.06,-0.013,0.0181769,2.0571
1037,1069,1.72,20.937,0.061,0.01,0.005083,0.5753
1038,1070,1.72,20.937,0.061,0.002,0.0147867,1.6735
1039,1071,1.7301,20.939,0.06,0.013,0.0091559,1.0362
1040,1072,1.7301,20.938,0.061,0.013,0.0102098,1.1555
1041,1073,1.7301,20.937,0.061,0.019,0.0144491,1.6353
1042,1074,1.7301,20.938,0.061,0.018,0.0198187,2.243
1043,1075,1.7301,20.938,0.06,0.001,0.0117591,1.3308
1044,1076,1.7301,20.936,0.06,0,0.0061364,0.6945
1045,1077,1.7301,20.936,0.06,-0.006,0.0284057,3.2148
1046,1078,1.7401,20.937,0.06,0.007,0.0372899,4.2202
1047,1079,1.7401,20.938,0.06,0,0.026895,3.0438
1048,1080,1.7401,20.939,0.06,0.022,0.0092856,1.0509
1049,1081,1.7401,20.937,0.06,0.013,0.0070738,0.8006
1050,1082,1.7401,20.937,0.06,0.023,0.0174651,1.9766
1051,1083,1.7401,20.936,0.06,0.017,0,0
1052,1084,1.7501,20.937,0.06,0.018,0.020694,2.342
1053,1085,1.7501,20.936,0.06,0.013,0.0221574,2.5076
1054,1086,1.7501,20.936,0.061,0.011,0.0300494,3.4008
1055,1087,1.7501,20.938,0.061,0.02,0.0306311,3.4666
1056,1088,1.7501,20.937,0.061,-0.001,0.0242878,2.7487
1057,1089,1.7501,20.937,0.061,-0.009,0.0135396,1.5323
1058,1090,1.76,20.937,0.061,0,0.0092541,1.0473
1059,1091,1.76,20.937,0.06,0.017,0.0026029,0.2946
1060,1092,1.76,20.937,0.06,0.02,0,0
1061,1093,1.76,20.937,0.061,0.015,0.0156556,1.7718
1062,1094,1.76,20.936,0.06,0.027,0,0
1063,1095,1.76,20.938,0.059,0.007,0.0038951,0.4408
1064,1096,1.76,20.937,0.06,0.007,0.0010628,0.1203
1065,1097,1.77,20.937,0.061,-0.001,0.0172548,1.9528
1066,1098,1.77,20.937,0.06,0.002,0.0264927,2.9983
1067,1099,1.77,20.936,0.061,-0.001,0.0179036,2.0262
1068,1100,1.77,20.938,0.06,0.013,0.0097777,1.1066
1069,1101,1.77,20.937,0.06,0.018,0.0147177,1.6657
1070,1102,1.78,20.937,0.06,0.029,0.0026133,0.2958
1071,1103,1.78,20.936,0.059,0.027,0.0304129,3.4419
1072,1104,1.78,20.938,0.059,0.013,0.0248149,2.8084
1073,1105,1.78,20.937,0.06,0.028,0.0307781,3.4833
1074,1106,1.78,20.937,0.061,0.023,0.0462531,5.2346
1075,1107,1.78,20.937,0.06,0.02,0.0262811,2.9743
1076,1108,1.78,20.938,0.06,0.006,0.0383149,4.3362
1077,1109,1.78,20.938,0.059,0.002,0.0378063,4.2787
1078,1110,1.78,20.937,0.06,0.011,0.0075605,0.8556
1079,1111,1.79,20.937,0.061,0.013,0.003215,0.3638
1080,1112,1.79,20.938,0.06,0.012,0,0
1081,1113,1.79,20.937,0.06,0.029,0,0
1082,1114,1.79,20.936,0.061,0.003,0,0
1083,1115,1.8,20.936,0.061,0.002,0.0127041,1.4378
1084,1116,1.8,20.937,0.06,-0.008,0.0178058,2.0151
1085,1117,1.8,20.938,0.06,-0.012,0,0
1086,1118,1.8,20.936,0.059,-0.003,0,0
1087,1119,1.8,20.938,0.06,-0.004,0.007742,0.8762
1088,1120,1.8,20.936,0.059,-0.013,0.0023957,0.2711
1089,1121,1.81,20.938,0.06,0.016,0,0
1090,1122,1.81,20.938,0.06,0.019,0,0
1091,1123,1.81,20.938,0.06,0.036,0.0169035,1.913
1092,1124,1.81,20.939,0.06,0.027,0.0021033,0.238
1093,1125,1.82,20.939,0.059,0.023,0.0149166,1.6882
1094,1126,1.82,20.939,0.06,0.011,0.0250659,2.8368
1095,1127,1.82,20.938,0.06,0.01,0.0365496,4.1364
1096,1128,1.82,20.937,0.06,0.018,0.0327212,3.7032
1097,1129,1.82,20.939,0.06,0.023,0.0308688,3.4935
1098,1130,1.82,20.94,0.059,0.01,0.0126614,1.4329
1099,1131,1.8301,20.939,0.059,0.016,0.0042806,0.4845
1100,1132,1.8301,20.939,0.059,0.023,0,0
1101,1133,1.8301,20.938,0.059,0.025,0,0
1102,1134,1.8301,20.939,0.059,0.012,0.0062809,0.7108
1103,1135,1.8301,20.937,0.06,0.021,0.010495,1.1878
1104,1136,1.8301,20.938,0.06,0.008,0.0070068,0.793
1105,1137,1.8301,20.938,0.06,0.003,0,0
1106,1138,1.8301,20.937,0.06,-0.007,0.0188887,2.1377
1107,1139,1.8301,20.937,0.06,0.001,0.0207632,2.3498
1108,1140,1.8401,20.936,0.06,0.002,0.0139728,1.5814
1109,1141,1.8401,20.936,0.06,0.01,0.0059461,0.6729
1110,1142,1.8401,20.938,0.06,0.018,0.0010518,0.119
1111,1143,1.8401,20.938,0.06,0.034,0,0
1112,1144,1.8401,20.938,0.06,0.027,0.0178913,2.0248
1113,1145,1.8401,20.937,0.06,0.016,0.01579,1.787
1114,1146,1.8401,20.938,0.06,0.017,0.0289429,3.2756
1115,1147,1.8401,20.937,0.06,0.02,0.0237067,2.683
1116,1148,1.8501,20.937,0.06,0.02,0.0469693,5.3157
1117,1149,1.8501,20.939,0.059,0.009,0.031024,3.5111
1118,1150,1.86,20.937,0.06,0.008,0.0246133,2.7856
1119,1151,1.86,20.937,0.061,0.004,0.0130002,1.4713
1120,1152,1.86,20.939,0.06,0.025,0.0196557,2.2245
1121,1153,1.86,20.936,0.06,0.021,0,0
1122,1154,1.86,20.938,0.06,0.028,0.0112439,1.2725
1123,1155,1.86,20.937,0.06,0.005,0.0114885,1.3002
1124,1156,1.86,20.938,0.06,0.012,0.0178896,2.0246
1125,1157,1.86,20.937,0.06,-0.005,0.0112993,1.2788
1126,1158,1.86,20.938,0.06,0,0.0243056,2.7508
1127,1159,1.86,20.938,0.061,-0.008,0.0334466,3.7853
1128,1160,1.86,20.935,0.061,0.001,0.0158518,1.794
1129,1161,1.87,20.936,0.06,-0.002,0.0109359,1.2377
1130,1162,1.87,20.938,0.061,0.019,0,0
1131,1163,1.87,20.936,0.06,0.017,0,0
1132,1164,1.88,20.935,0.061,0.034,0.017093,1.9345
1133,1165,1.88,20.936,0.061,0.02,0.0239338,2.7087
1134,1166,1.88,20.936,0.059,0.015,0.012028,1.3612
1135,1167,1.88,20.937,0.06,0.006,0.0230569,2.6094
1136,1168,1.88,20.938,0.06,0.016,0.0271304,3.0704
1137,1169,1.88,20.937,0.06,0.004,0.0381477,4.3173
1138,1170,1.88,20.937,0.06,-0.005,0.0136894,1.5493
1139,1171,1.88,20.937,0.059,0.012,0.0021194,0.2399
1140,1172,1.89,20.937,0.059,0.008,0.0026215,0.2967
1141,1173,1.89,20.939,0.059,0.028,0,0
1142,1174,1.89,20.939,0.06,0.033,0.0077716,0.8795
1143,1175,1.89,20.94,0.06,0.011,0.003699,0.4186
1144,1176,1.89,20.937,0.061,0.004,0.0199782,2.261
1145,1177,1.9,20.937,0.061,0.005,0.0221528,2.5071
1146,1178,1.9,20.939,0.06,-0.001,0.0226945,2.5684
1147,1179,1.9,20.938,0.06,0.001,0.0206204,2.3337
1148,1180,1.91,20.937,0.06,-0.004,0.0214174,2.4239
1149,1181,1.91,20.936,0.06,0.014,0.0127348,1.4412
1150,1182,1.91,20.937,0.06,0.02,0.0028713,0.325
1151,1183,1.91,20.938,0.059,0.029,0.0129642,1.4672
1152,1184,1.91,20.936,0.059,0.037,0.0007723,0.0874
1153,1185,1.91,20.938,0.059,0.025,0.0118008,1.3355
1154,1186,1.91,20.936,0.06,0.029,0.0199712,2.2602
1155,1187,1.91,20.936,0.06,0.003,0.0258087,2.9209
1156,1188,1.91,20.938,0.06,0.001,0.0268723,3.0412
1157,1189,1.91,20.938,0.06,-0.004,0.0150601,1.7044
1158,1190,1.91,20.939,0.06,0.003,0.0262506,2.9709
1159,1191,1.91,20.938,0.06,0.002,0.0168737,1.9097
1160,1192,1.92,20.938,0.06,0.01,0.0082433,0.9329
1161,1193,1.92,20.938,0.06,0.024,0,0
1162,1194,1.92,20.937,0.06,0.024,0,0
1163,1195,1.92,20.935,0.06,0.026,0.0057431,0.65
1164,1196,1.93,20.937,0.059,0.011,0.0094317,1.0674
1165,1197,1.93,20.938,0.059,0.004,0.0175578,1.9871
1166,1198,1.93,20.938,0.06,0.008,0.0201028,2.2751
1167,1199,1.93,20.936,0.06,-0.003,0.0277099,3.136
1168,1200,1.93,20.938,0.06,0.008,0.0138552,1.568
1169,1201,1.93,20.938,0.06,0.002,0.0158743,1.7966
1170,1202,1.94,20.937,0.06,0.011,0.0155933,1.7647
1171,1203,1.94,20.937,0.059,0.019,0.0082544,0.9342
1172,1204,1.94,20.937,0.06,0.036,0.0233831,2.6463
1173,1205,1.94,20.938,0.059,0.022,0.011536,1.3056
1174,1206,1.94,20.938,0.059,0.027,0.0331408,3.7507
1175,1207,1.94,20.936,0.06,0.014,0.0399542,4.5218
1176,1208,1.94,20.938,0.06,0.001,0.0293833,3.3254
1177,1209,1.94,20.939,0.06,0.003,0.0242951,2.7496
1178,1210,1.9501,20.938,0.06,0.005,0.0140629,1.5916
1179,1211,1.9501,20.936,0.06,0.009,0.0220471,2.4951
1180,1212,1.9501,20.938,0.06,0.012,0.009264,1.0484
1181,1213,1.9501,20.937,0.06,0.017,0.0103222,1.1682
1182,1214,1.9501,20.936,0.06,0.019,0.0010444,0.1182
1183,1215,1.9501,20.937,0.06,0.005,0,0
1184,1216,1.9501,20.937,0.059,0.011,0,0
1185,1217,1.9501,20.938,0.06,0.001,0.0159617,1.8064
1186,1218,1.9501,20.936,0.06,-0.011,0.0112928,1.278
1187,1219,1.9599,20.937,0.059,-0.006,0.0263539,2.9826
1188,1220,1.9599,20.938,0.059,0,0,0
1189,1221,1.9599,20.938,0.06,0.01,0.0128646,1.4559
1190,1222,1.9599,20.938,0.06,0.006,0.0023583,0.2669
1191,1223,1.97,20.937,0.06,0.018,0.0041867,0.4738
1192,1224,1.97,20.937,0.059,0.017,0,0
1193,1225,1.97,20.937,0.059,0.022,0,0
1194,1226,1.97,20.938,0.059,0.027,0,0
1195,1227,1.97,20.938,0.06,0.02,0.0165989,1.8786
1196,1228,1.97,20.939,0.059,0.007,0.0261764,2.9625
1197,1229,1.98,20.938,0.059,0.003,0.0362335,4.1007
1198,1230,1.98,20.94,0.059,-0.011,0.0131879,1.4925
1199,1231,1.98,20.94,0.059,0.021,0.0066244,0.7497
1200,1232,1.98,20.939,0.06,0.006,0,0
1201,1233,1.98,20.939,0.059,0.015,0.0034969,0.3958
1202,1234,1.98,20.939,0.059,0.019,0,0
1203,1235,1.98,20.938,0.06,0.027,0,0
1204,1236,1.98,20.939,0.059,0.024,0.0007612,0.0861
1205,1237,1.99,20.938,0.06,0.022,0.0283378,3.2071
1206,1238,1.99,20.939,0.06,0.002,0.0196099,2.2193
1207,1239,1.99,20.939,0.06,-0.003,0.0248307,2.8102
1208,1240,1.99,20.938,0.06,-0.008,0.0269284,3.0476
1209,1241,1.99,20.937,0.059,0.005,0.0380439,4.3056
1210,1242,1.99,20.939,0.06,0.012,0.0055221,0.625
1211,1243,2,20.939,0.06,0.023,0.0074184,0.8396
1212,1244,2,20.94,0.06,0.014,0.0010357,0.1172
1213,1245,2,20.939,0.06,0.035,0,0
1214,1246,2,20.936,0.06,0.037,0.0023777,0.2691
1215,1247,2.01,20.938,0.059,0.026,0.0170983,1.9351
1216,1248,2.01,20.937,0.059,-0.004,0.0191514,2.1674
1217,1249,2.01,20.938,0.059,0,0.0325769,3.6868
1218,1250,2.01,20.939,0.06,-0.005,0.024996,2.8289
1219,1251,2.01,20.939,0.06,-0.003,0.02316,2.6211
1220,1252,2.02,20.938,0.059,-0.009,0,0
1221,1253,2.02,20.937,0.058,0.013,0.0018763,0.2123
1222,1254,2.02,20.939,0.058,0.017,0.0061368,0.6945
1223,1255,2.02,20.938,0.058,0.023,0.0031914,0.3612
1224,1256,2.02,20.938,0.059,0.016,0.0016157,0.1829
1225,1257,2.02,20.94,0.059,0.016,0.0229547,2.5979
1226,1258,2.02,20.939,0.06,0.002,0.0266897,3.0206
1227,1259,2.02,20.939,0.06,0.004,0.040964,4.636
1228,1260,2.02,20.938,0.06,-0.004,0.0141943,1.6064
1229,1261,2.02,20.937,0.061,0.008,0.014078,1.5933
1230,1262,2.03,20.936,0.061,0.004,0.0062795,0.7107
1231,1263,2.03,20.937,0.061,0.025,0.0201356,2.2788
1232,1264,2.03,20.938,0.061,0.024,0.0084188,0.9528
1233,1265,2.04,20.937,0.06,0.02,0.0023438,0.2653
1234,1266,2.04,20.937,0.06,0.019,0,0
1235,1267,2.04,20.938,0.06,0.011,0,0
1236,1268,2.04,20.94,0.06,0.005,0.0058673,0.664
1237,1269,2.04,20.937,0.06,-0.003,0.0122377,1.385
1238,1270,2.04,20.938,0.06,-0.017,0,0
1239,1271,2.04,20.938,0.059,0.004,0.0099956,1.1312
1240,1272,2.05,20.939,0.059,0.005,0,0
1241,1273,2.05,20.939,0.059,0.017,0.0040041,0.4532
1242,1274,2.05,20.938,0.059,0.009,0,0
1243,1275,2.05,20.937,0.059,0.015,0.0113606,1.2857
1244,1276,2.05,20.938,0.059,0.016,0.0140241,1.5871
1245,1277,2.05,20.939,0.059,0.024,0.009328,1.0557
1246,1278,2.05,20.939,0.059,0.011,0.0339513,3.8424
1247,1279,2.0599,20.941,0.059,0.008,0.0513279,5.809
1248,1280,2.0599,20.94,0.06,0.002,0.0372391,4.2145
1249,1281,2.0599,20.94,0.06,0.019,0.0246892,2.7942
1250,1282,2.0599,20.939,0.06,0.008,0,0
1251,1283,2.0599,20.939,0.059,0.026,0.0138867,1.5716
1252,1284,2.0599,20.939,0.06,0.024,0,0
1253,1285,2.0599,20.937,0.06,0.027,0,0
1254,1286,2.0599,20.937,0.06,0.016,0,0
1255,1287,2.0599,20.937,0.06,0.009,0.0132479,1.4993
1256,1288,2.0699,20.938,0.06,-0.001,0.0274087,3.1019
1257,1289,2.0699,20.941,0.059,-0.005,0.0444003,5.0249
1258,1290,2.0699,20.937,0.06,-0.016,0.0183861,2.0808
1259,1291,2.0699,20.936,0.059,-0.008,0.0244973,2.7724
1260,1292,2.0699,20.937,0.059,-0.005,0.0152988,1.7314
1261,1293,2.0699,20.939,0.059,0.015,0.0066068,0.7477
1262,1294,2.0799,20.94,0.059,0.01,0,0
1263,1295,2.0799,20.938,0.059,0.034,0,0
1264,1296,2.0799,20.939,0.059,0.023,0.0071005,0.8036
1265,1297,2.0799,20.939,0.06,0.015,0.0249521,2.8239
1266,1298,2.0899,20.94,0.06,0.014,0.0375629,4.2511
1267,1299,2.0899,20.937,0.06,-0.004,0.0347088,3.9281
1268,1300,2.0899,20.938,0.059,-0.015,0.0161646,1.8294
1269,1301,2.0899,20.937,0.06,0.001,0.0308968,3.4967
1270,1302,2.0899,20.939,0.059,-0.001,0.014495,1.6404
1271,1303,2.0899,20.938,0.059,0.009,0.0121148,1.3711
1272,1304,2.0899,20.938,0.06,0.012,0.0074183,0.8396
1273,1305,2.0899,20.939,0.06,0.021,0,0
1274,1306,2.0899,20.939,0.06,0.02,0,0
1275,1307,2.0899,20.939,0.06,0.02,0.00745,0.8431
1276,1308,2.1,20.937,0.06,0.003,0.011951,1.3525
1277,1309,2.1,20.937,0.06,0.001,0.0214351,2.4259
1278,1310,2.1,20.935,0.06,-0.001,0.0171242,1.938
1279,1311,2.1,20.936,0.06,0.007,0.0300295,3.3985
1280,1312,2.1,20.938,0.059,-0.007,0.015646,1.7707
1281,1313,2.1,20.938,0.059,0.014,0.016311,1.846
1282,1314,2.1,20.937,0.06,0.007,0,0
1283,1315,2.11,20.939,0.059,0.015,0.0050752,0.5744
1284,1316,2.11,20.938,0.059,0.023,0.0018691,0.2115
1285,1317,2.11,20.938,0.06,0.028,0.0065856,0.7453
1286,1318,2.11,20.938,0.059,0.015,0.0111466,1.2615
1287,1319,2.11,20.938,0.059,0.007,0.0231579,2.6209
1288,1320,2.11,20.939,0.059,-0.002,0.012515,1.4164
1289,1321,2.11,20.939,0.06,0.002,0.0372182,4.2121
1290,1322,2.12,20.939,0.06,-0.006,0.0128496,1.4542
1291,1323,2.12,20.938,0.06,0.012,0.0261608,2.9607
1292,1324,2.12,20.937,0.06,0.016,0.0050805,0.575
1293,1325,2.12,20.936,0.061,0.028,0.0126643,1.4333
1294,1326,2.12,20.938,0.061,0.021,0,0
1295,1327,2.12,20.937,0.06,0.024,0,0
1296,1328,2.12,20.937,0.06,0.011,0.0131691,1.4904
1297,1329,2.12,20.939,0.06,0.002,0.0256304,2.9007
1298,1330,2.13,20.94,0.06,-0.014,0.0378998,4.2892
1299,1331,2.13,20.941,0.06,-0.004,0.0269954,3.0552
1300,1332,2.13,20.941,0.06,-0.013,0.0170781,1.9328
1301,1333,2.13,20.938,0.06,0.01,0.0054793,0.6201
1302,1334,2.14,20.938,0.061,0.002,0,0
1303,1335,2.14,20.937,0.059,0.021,0.0007661,0.0867
1304,1336,2.14,20.937,0.059,0.011,0.0032265,0.3652
1305,1337,2.14,20.938,0.06,0.021,0.0155593,1.7609
1306,1338,2.14,20.939,0.06,0.018,0.018749,2.1219
1307,1339,2.14,20.939,0.06,0.005,0.025567,2.8935
1308,1340,2.14,20.939,0.06,-0.007,0.0247321,2.799
1309,1341,2.14,20.939,0.06,-0.009,0.0189859,2.1487
1310,1342,2.14,20.937,0.06,-0.008,0.0268204,3.0354
1311,1343,2.15,20.939,0.06,0.006,0.0382621,4.3303
1312,1344,2.1599,20.938,0.06,0.012,0.0126951,1.4367
1313,1345,2.1599,20.939,0.061,0.027,0.0064074,0.7251
1314,1346,2.1599,20.937,0.061,0.025,0.0116913,1.3231
1315,1347,2.1599,20.937,0.06,0.018,0.0122872,1.3906
1316,1348,2.1599,20.938,0.061,0.017,0.007747,0.8767
1317,1349,2.1599,20.936,0.061,0.008,0.0142055,1.6077
1318,1350,2.1599,20.937,0.061,0.002,0.01907,2.1582
1319,1351,2.1699,20.937,0.06,0.003,0.0247499,2.801
1320,1352,2.1699,20.937,0.06,-0.001,0.0249384,2.8224
1321,1353,2.1699,20.939,0.06,0.002,0.0156506,1.7712
1322,1354,2.1699,20.937,0.06,0,0.0026479,0.2997
1323,1355,2.1699,20.935,0.06,0.01,0.0238023,2.6938
1324,1356,2.1699,20.938,0.06,0.016,0.0131874,1.4925
1325,1357,2.1699,20.938,0.06,0.011,0.0112192,1.2697
1326,1358,2.1699,20.938,0.061,0.02,0.0240757,2.7247
1327,1359,2.1699,20.936,0.06,0.009,0.0298739,3.3809
1328,1360,2.1699,20.939,0.06,0.004,0.0269122,3.0457
1329,1361,2.1799,20.939,0.061,0.004,0.0333165,3.7705
1330,1362,2.1799,20.938,0.061,0.002,0.0358379,4.0559
1331,1363,2.1799,20.937,0.061,0.007,0.0340035,3.8483
1332,1364,2.1799,20.936,0.061,0.016,0.0044285,0.5012
1333,1365,2.1899,20.936,0.061,0.028,0.0227168,2.5709
1334,1366,2.1899,20.936,0.061,0.013,0.0143572,1.6248
1335,1367,2.1899,20.935,0.061,0.018,0.0113873,1.2887
1336,1368,2.1899,20.936,0.06,0.02,0.0232741,2.634
1337,1369,2.1899,20.936,0.06,0.004,0.023628,2.6741
1338,1370,2.1899,20.937,0.06,-0.001,0.0356487,4.0345
1339,1371,2.1899,20.937,0.06,-0.008,0.0486206,5.5026
1340,1372,2.1899,20.939,0.059,-0.014,0.0373479,4.2268
1341,1373,2.1899,20.939,0.059,-0.006,0.0198146,2.2425
1342,1374,2.1899,20.937,0.059,-0.004,0.0072717,0.823
1343,1375,2.1899,20.937,0.06,0.014,0,0
1344,1376,2.1999,20.939,0.06,0.005,0.0135127,1.5293
1345,1377,2.1999,20.937,0.06,0.013,0.0092288,1.0444
1346,1378,2.1999,20.937,0.06,0.016,0.0203632,2.3046
1347,1379,2.1999,20.937,0.061,0.005,0.0267901,3.0319
1348,1380,2.1999,20.937,0.062,0.003,0.0452624,5.1225
1349,1381,2.1999,20.937,0.062,0.001,0.0315774,3.5737
1350,1382,2.1999,20.935,0.062,-0.017,0.0108701,1.2302
1351,1383,2.2099,20.936,0.061,-0.001,0.009436,1.0679
1352,1384,2.2099,20.935,0.061,0.012,0.0204364,2.3129
1353,1385,2.2099,20.936,0.06,0.019,0.0064221,0.7268
1354,1386,2.2099,20.937,0.06,0.028,0.0076799,0.8692
1355,1387,2.2099,20.938,0.06,0.014,0.0105262,1.1913
1356,1388,2.22,20.937,0.06,0.018,0.0205318,2.3237
1357,1389,2.22,20.937,0.061,0.003,0.0211596,2.3947
1358,1390,2.22,20.938,0.061,0.001,0.0390767,4.4224
1359,1391,2.22,20.937,0.061,-0.012,0.0170181,1.926
1360,1392,2.22,20.936,0.06,-0.004,0.0125026,1.415
1361,1393,2.22,20.937,0.061,0.007,0.0139494,1.5787
1362,1394,2.22,20.939,0.06,0.017,0.0065621,0.7427
1363,1395,2.2301,20.937,0.06,0.012,0,0
1364,1396,2.2301,20.936,0.06,0.016,0.0050998,0.5772
1365,1397,2.2301,20.938,0.06,0.01,0.0270401,3.0602
1366,1398,2.2301,20.939,0.06,0.012,0.0188851,2.1373
1367,1399,2.2301,20.938,0.06,0.003,0.0159942,1.8101
1368,1400,2.2301,20.938,0.06,0.002,0.0193543,2.1904
1369,1401,2.2401,20.938,0.06,-0.015,0.0302624,3.4249
1370,1402,2.2401,20.938,0.06,0.011,0.023332,2.6406
1371,1403,2.2401,20.937,0.06,0.015,0,0
1372,1404,2.2501,20.937,0.06,0.004,0,0
1373,1405,2.2501,20.939,0.06,0.011,0,0
1374,1406,2.2501,20.939,0.06,0.026,0.0029485,0.3337
1375,1407,2.2501,20.94,0.06,0.022,0.0221965,2.512
1376,1408,2.2501,20.937,0.06,0.006,0.0180343,2.041
1377,1409,2.2501,20.936,0.06,0.009,0.0102788,1.1633
1378,1410,2.2501,20.937,0.06,0.007,0.0191073,2.1624
1379,1411,2.26,20.938,0.061,-0.001,0.011171,1.2643
1380,1412,2.26,20.939,0.06,-0.007,0.0245613,2.7797
1381,1413,2.26,20.938,0.061,0.005,0.0053738,0.6082
1382,1414,2.27,20.937,0.06,0.022,0.0114853,1.2998
1383,1415,2.27,20.938,0.06,0.031,0.0053479,0.6052
1384,1416,2.27,20.938,0.06,0.031,0,0
1385,1417,2.27,20.937,0.06,0.024,0.0053423,0.6046
1386,1418,2.27,20.937,0.06,0.001,0,0
1387,1419,2.27,20.938,0.06,0,0.0138244,1.5646
1388,1420,2.27,20.939,0.06,0.017,0.0313696,3.5502
1389,1421,2.27,20.937,0.059,0.004,0.0179054,2.0264
1390,1422,2.27,20.938,0.06,0.003,0.0100127,1.1332
1391,1423,2.27,20.94,0.06,-0.001,0.0227406,2.5736
1392,1424,2.27,20.938,0.06,0.017,0.0095704,1.0831
1393,1425,2.27,20.938,0.061,0.011,0.0010248,0.116
1394,1426,2.28,20.938,0.061,0.016,0.0109726,1.2418
1395,1427,2.28,20.938,0.061,0.029,0.0040194,0.4549
1396,1428,2.28,20.938,0.06,0.016,0,0
1397,1429,2.28,20.938,0.06,0.024,0.005066,0.5733
1398,1430,2.28,20.938,0.06,0.009,0.0244689,2.7692
1399,1431,2.28,20.938,0.059,-0.003,0.0167937,1.9006
1400,1432,2.28,20.937,0.059,0.011,0.0205105,2.3212
1401,1433,2.28,20.937,0.059,0.009,0.0058853,0.6661
1402,1434,2.28,20.939,0.06,0.002,0.0150601,1.7044
1403,1435,2.28,20.938,0.06,0.013,0.0126202,1.4283
1404,1436,2.29,20.938,0.061,0.021,0,0
1405,1437,2.29,20.938,0.06,0.02,0.0013348,0.1511
1406,1438,2.29,20.936,0.06,0.023,0,0
1407,1439,2.29,20.937,0.06,0.023,0.0034096,0.3859
1408,1440,2.29,20.938,0.06,0.022,0.0104184,1.1791
1409,1441,2.29,20.937,0.061,-0.001,0.0194064,2.1963
1410,1442,2.29,20.938,0.06,0.01,0.0312196,3.5332
1411,1443,2.29,20.937,0.06,-0.002,0.0240945,2.7269
1412,1444,2.3,20.939,0.06,0.007,0.0207474,2.3481
1413,1445,2.3,20.94,0.06,0.008,0.0165774,1.8761
1414,1446,2.3,20.938,0.06,0.01,0,0
1415,1447,2.3,20.938,0.06,0.031,0,0
1416,1448,2.3,20.938,0.061,0.016,0.0021094,0.2387
1417,1449,2.3,20.939,0.059,0.019,0.0222512,2.5182
1418,1450,2.3,20.939,0.06,0.015,0.0316141,3.5779
1419,1451,2.31,20.939,0.06,0.012,0.0221996,2.5124
1420,1452,2.31,20.938,0.06,0.004,0.0337289,3.8172
1421,1453,2.31,20.938,0.06,-0.002,0.0042781,0.4842
1422,1454,2.31,20.937,0.06,0.004,0.0066501,0.7526
1423,1455,2.31,20.937,0.06,0.012,0.0032042,0.3626
1424,1456,2.31,20.936,0.06,0.011,0.0052375,0.5927
1425,1457,2.32,20.937,0.06,0.03,0.0124757,1.4119
1426,1458,2.32,20.937,0.06,0.027,0.0072492,0.8204
1427,1459,2.32,20.937,0.06,0.02,0.0147059,1.6643
1428,1460,2.32,20.938,0.061,0.006,0.013219,1.496
1429,1461,2.32,20.937,0.059,-0.009,0.0128373,1.4528
1430,1462,2.3301,20.938,0.06,0.002,0.0166309,1.8822
1431,1463,2.3301,20.938,0.06,-0.005,0.0229071,2.5925
1432,1464,2.3301,20.937,0.06,0.018,0.019965,2.2595
1433,1465,2.3301,20.938,0.061,0.011,0.0052778,0.5973
1434,1466,2.3301,20.939,0.06,0.018,0.0081944,0.9274
1435,1467,2.3301,20.938,0.06,0.017,0,0
1436,1468,2.3401,20.938,0.06,0.015,0.0043211,0.489
1437,1469,2.3401,20.937,0.059,0.02,0.0086516,0.9791
1438,1470,2.3401,20.937,0.059,0.009,0.0202143,2.2877
1439,1471,2.3401,20.938,0.059,0.006,0.0066733,0.7552
1440,1472,2.3401,20.939,0.06,0.006,0.0117,1.3241
1441,1473,2.3401,20.939,0.06,0.006,0,0
1442,1474,2.3401,20.938,0.061,0.005,0,0
1443,1475,2.3401,20.937,0.06,0.012,0,0
1444,1476,2.3401,20.936,0.06,0.017,0,0
1445,1477,2.3501,20.938,0.06,0.019,0.0033795,0.3825
1446,1478,2.3501,20.937,0.06,0.029,0.0142899,1.6172
1447,1479,2.3501,20.938,0.06,0.018,0.0218671,2.4748
1448,1480,2.3501,20.938,0.06,0.014,0.0232945,2.6363
1449,1481,2.3501,20.938,0.06,0.003,0.0238902,2.7037
1450,1482,2.3501,20.938,0.06,0.011,0.0151783,1.7178
1451,1483,2.3501,20.939,0.059,0.011,0.0130004,1.4713
1452,1484,2.3501,20.938,0.059,0.024,0.0036813,0.4166
1453,1485,2.3501,20.939,0.059,0.016,0.0040327,0.4564
1454,1486,2.36,20.94,0.059,0.035,0,0
1455,1487,2.36,20.94,0.06,0.024,0,0
1456,1488,2.36,20.938,0.059,0.014,0,0
1457,1489,2.36,20.939,0.059,0.005,0.0062992,0.7129
1458,1490,2.36,20.939,0.06,-0.002,0.0167321,1.8936
1459,1491,2.36,20.939,0.06,0,0.0290398,3.2865
1460,1492,2.36,20.938,0.059,0.004,0.0233943,2.6476
1461,1493,2.37,20.937,0.059,0.004,0.0214066,2.4227
1462,1494,2.37,20.939,0.059,0.006,0.0073826,0.8355
1463,1495,2.37,20.939,0.059,0.01,0.0157613,1.7838
1464,1496,2.37,20.94,0.059,0.005,0.0241318,2.7311
1465,1497,2.37,20.941,0.059,0.014,0.0173235,1.9606
1466,1498,2.37,20.94,0.059,0.015,0,0
1467,1499,2.37,20.941,0.059,0.024,0.0175293,1.9839
1468,1500,2.38,20.939,0.059,0.017,0.0051824,0.5865
1469,1501,2.39,20.938,0.059,-0.002,0.0076443,0.8651
1470,1502,2.4,20.94,0.059,-0.004,0.0228595,2.5871
1471,1503,2.4,20.938,0.06,0.001,0.008644,0.9783
1472,1504,2.4,20.938,0.06,0.002,0.0120736,1.3664
1473,1505,2.4,20.938,0.059,0.015,0.0063271,0.7161
1474,1506,2.4,20.938,0.06,0.013,0,0
1475,1507,2.4,20.937,0.06,0.009,0.0101249,1.1459
1476,1508,2.4,20.936,0.06,0.02,0.0167293,1.8933
1477,1509,2.4,20.935,0.06,0.022,0.0200079,2.2644
1478,1510,2.4,20.939,0.06,-0.004,0.0447943,5.0695
1479,1511,2.4,20.94,0.06,0.003,0.0189356,2.143
1480,1512,2.4,20.941,0.06,0.01,0.0314573,3.5601
1481,1513,2.4,20.939,0.06,0.005,0.0112723,1.2757
1482,1514,2.4,20.937,0.06,0.009,0.0200656,2.2709
1483,1515,2.4,20.939,0.061,0.006,0,0
1484,1516,2.4,20.939,0.061,0.015,0.0013025,0.1474
1485,1517,2.4,20.938,0.061,0.023,0.0021292,0.241
1486,1518,2.4,20.938,0.06,0.021,0,0
1487,1519,2.4,20.936,0.06,0.016,0.0010458,0.1184
1488,1520,2.4,20.936,0.061,0.008,0.031558,3.5715
1489,1521,2.41,20.937,0.061,-0.007,0.0232338,2.6295
1490,1522,2.41,20.935,0.061,0.008,0.0276389,3.128
1491,1523,2.41,20.937,0.061,-0.009,0.0007848,0.0888
1492,1524,2.41,20.938,0.06,0.015,0.0292329,3.3084
1493,1525,2.42,20.937,0.06,0.008,0.0238636,2.7007
1494,1526,2.42,20.937,0.06,0.027,0.0039834,0.4508
1495,1527,2.42,20.937,0.061,0.016,0.0121449,1.3745
1496,1528,2.42,20.939,0.06,0.019,0.0060807,0.6882
1497,1529,2.42,20.938,0.06,0.024,0.0110045,1.2454
1498,1530,2.42,20.938,0.061,0.021,0.0298181,3.3746
1499,1531,2.42,20.938,0.061,-0.004,0.0332634,3.7645
1500,1532,2.42,20.937,0.061,0.004,0.0513218,5.8083
1501,1533,2.43,20.937,0.061,-0.005,0.0346147,3.9175
1502,1534,2.43,20.938,0.062,0.025,0.033458,3.7866
1503,1535,2.43,20.937,0.062,0.007,0.0221946,2.5118
1504,1536,2.43,20.935,0.062,0.012,0.0238518,2.6994
1505,1537,2.43,20.935,0.062,0.021,0,0
1506,1538,2.43,20.937,0.061,0.018,0,0
1507,1539,2.43,20.936,0.062,0.02,0.0104506,1.1827
1508,1540,2.43,20.937,0.061,0.019,0.0199419,2.2569
1509,1541,2.43,20.936,0.061,-0.002,0.0254888,2.8847
1510,1542,2.43,20.937,0.061,-0.006,0.0262541,2.9713
1511,1543,2.43,20.937,0.061,-0.022,0.0202797,2.2951
1512,1544,2.44,20.937,0.061,-0.002,0.0352566,3.9901
1513,1545,2.44,20.936,0.061,-0.001,0.0300891,3.4053
1514,1546,2.44,20.936,0.061,0.005,0.0050161,0.5677
1515,1547,2.44,20.937,0.061,0.013,0.0061796,0.6994
1516,1548,2.44,20.935,0.061,0.029,0,0
1517,1549,2.4501,20.937,0.06,0.028,0.0095587,1.0818
1518,1550,2.4501,20.937,0.06,0.012,0.0094803,1.0729
1519,1551,2.4501,20.938,0.06,0.003,0.0327512,3.7066
1520,1552,2.4501,20.938,0.06,0.003,0.0511207,5.7855
1521,1553,2.4501,20.937,0.06,-0.003,0.0194689,2.2034
1522,1554,2.4501,20.938,0.06,0.008,0.0276661,3.1311
1523,1555,2.4599,20.937,0.061,-0.007,0.0049633,0.5617
1524,1556,2.4599,20.937,0.061,-0.002,0.0031875,0.3607
1525,1557,2.4599,20.937,0.061,0.021,0,0
1526,1558,2.4599,20.937,0.061,0.02,0.0160554,1.817
1527,1559,2.4599,20.937,0.061,0.023,0.0212744,2.4077
1528,1560,2.4599,20.938,0.061,0.012,0.0116625,1.3199
1529,1561,2.4599,20.938,0.06,0.012,0.0100123,1.1331
1530,1562,2.47,20.938,0.06,-0.009,0.0222002,2.5125
1531,1563,2.47,20.938,0.06,-0.012,0.014463,1.6368
1532,1564,2.47,20.935,0.06,0.013,0.0244099,2.7626
1533,1565,2.47,20.936,0.061,0.001,0.0244373,2.7657
1534,1566,2.47,20.937,0.061,0.021,0,0
1535,1567,2.47,20.937,0.061,0.018,0,0
1536,1568,2.47,20.938,0.06,0.024,0,0
1537,1569,2.48,20.938,0.06,0.007,0.0029282,0.3314
1538,1570,2.48,20.938,0.06,0.007,0.0074742,0.8459
1539,1571,2.48,20.937,0.06,0.011,0.0263465,2.9817
1540,1572,2.48,20.938,0.06,0.008,0.0220572,2.4963
1541,1573,2.48,20.939,0.06,0.001,0.0411135,4.653
1542,1574,2.48,20.938,0.06,0.013,0.0356266,4.032
1543,1575,2.48,20.937,0.06,0.004,0.0148538,1.681
1544,1576,2.49,20.937,0.06,-0.001,0.0195172,2.2088
1545,1577,2.5,20.938,0.06,0.014,0.0189375,2.1432
1546,1578,2.5,20.94,0.06,0.014,0.0103562,1.1721
1547,1579,2.51,20.94,0.061,0.023,0.0081526,0.9227
1548,1580,2.5,20.938,0.061,0.023,0.0270527,3.0617
1549,1581,2.5,20.937,0.061,0.014,0.0181425,2.0533
1550,1582,2.5,20.938,0.06,0.001,0.0312408,3.5356
1551,1583,2.51,20.937,0.061,0.006,0.0227027,2.5693
1552,1584,2.51,20.937,0.06,-0.004,0.0187894,2.1265
1553,1585,2.51,20.935,0.061,-0.012,0,0
1554,1586,2.51,20.938,0.061,0.002,0.0097311,1.1013
1555,1587,2.51,20.939,0.06,-0.002,0.0002583,0.0292
1556,1588,2.51,20.939,0.061,0.009,0.0042388,0.4797
1557,1589,2.51,20.937,0.06,0.016,0.007457,0.8439
1558,1590,2.51,20.937,0.06,0.019,0.0102532,1.1604
1559,1591,2.51,20.937,0.06,0.011,0.023155,2.6205
1560,1592,2.51,20.935,0.06,0.005,0.0289034,3.2711
1561,1593,2.51,20.938,0.06,-0.007,0.0237822,2.6915
1562,1594,2.51,20.938,0.059,0.001,0.0394096,4.4601
1563,1595,2.51,20.938,0.06,0.01,0.0171527,1.9412
1564,1596,2.51,20.937,0.06,0.024,0,0
1565,1597,2.51,20.938,0.06,0.013,0,0
1566,1598,2.51,20.938,0.06,0.017,0,0
1567,1599,2.52,20.939,0.061,0.018,0.0015961,0.1806
1568,1600,2.52,20.938,0.061,0.014,0.0073667,0.8337
1569,1601,2.52,20.938,0.06,0.016,0.021629,2.4478
1570,1602,2.52,20.937,0.06,0.005,0.0170841,1.9335
1571,1603,2.52,20.937,0.06,-0.005,0.0299619,3.3909
1572,1604,2.53,20.938,0.061,0,0.011307,1.2797
1573,1605,2.53,20.938,0.06,-0.007,0.013398,1.5163
1574,1606,2.53,20.936,0.059,0.006,0.0162586,1.84
1575,1607,2.53,20.938,0.06,0.017,0.0108608,1.2292
1576,1608,2.53,20.94,0.06,0.022,0.0075812,0.858
1577,1609,2.53,20.939,0.059,0.026,0.0010196,0.1154
1578,1610,2.53,20.939,0.059,0.012,0.0150425,1.7024
1579,1611,2.53,20.94,0.059,0.016,0.0055534,0.6285
1580,1612,2.53,20.938,0.059,-0.002,0.0315736,3.5733
1581,1613,2.54,20.939,0.058,0.002,0.0197851,2.2392
1582,1614,2.54,20.939,0.06,-0.004,0.0190443,2.1553
1583,1615,2.54,20.938,0.059,0.002,0.0162916,1.8438
1584,1616,2.54,20.94,0.059,0.001,0,0
1585,1617,2.54,20.94,0.059,0.003,0,0
1586,1618,2.54,20.939,0.059,0.013,0,0
1587,1619,2.54,20.938,0.058,0.011,0,0
1588,1620,2.54,20.939,0.059,0.023,0,0
1589,1621,2.54,20.938,0.059,0.009,0,0
1590,1622,2.55,20.938,0.059,0.013,0.0271715,3.0751
1591,1623,2.55,20.939,0.059,-0.017,0.0093657,1.06
1592,1624,2.55,20.94,0.059,-0.01,0.0078664,0.8903
1593,1625,2.55,20.941,0.059,-0.009,0.0058868,0.6662
1594,1626,2.5599,20.941,0.059,0.003,0.0090055,1.0192
1595,1627,2.5599,20.939,0.059,0.018,0,0
1596,1628,2.5599,20.94,0.058,0.04,0,0
1597,1629,2.5599,20.94,0.058,0.02,0,0
1598,1630,2.5599,20.939,0.059,0.024,0.0174453,1.9743
1599,1631,2.5699,20.939,0.059,0.015,0.0149158,1.6881
1600,1632,2.5699,20.94,0.059,0.024,0.0245268,2.7758
1601,1633,2.5799,20.941,0.059,-0.012,0.0311382,3.524
1602,1634,2.5799,20.94,0.059,0,0.0218966,2.4781
1603,1635,2.5799,20.941,0.059,0.006,0.0207772,2.3514
1604,1636,2.5799,20.94,0.059,0.008,0.0114219,1.2927
1605,1637,2.5799,20.94,0.059,0.005,0.0050468,0.5712
1606,1638,2.5799,20.94,0.059,0.019,0.0113455,1.284
1607,1639,2.5799,20.94,0.059,0.022,0.0010523,0.1191
1608,1640,2.5799,20.94,0.059,0.024,0.0042686,0.4831
1609,1641,2.5799,20.94,0.059,0.002,0.0064518,0.7302
1610,1642,2.5799,20.939,0.06,0.009,0.0184702,2.0903
1611,1643,2.5799,20.938,0.061,-0.001,0.015981,1.8086
1612,1644,2.5899,20.938,0.062,-0.003,0.0302504,3.4235
1613,1645,2.5899,20.937,0.062,-0.005,0.0223148,2.5254
1614,1646,2.5899,20.939,0.06,0.01,0.0181414,2.0531
1615,1647,2.5899,20.936,0.06,0.011,0.0077748,0.8799
1616,1648,2.5899,20.938,0.06,0.022,0.0066312,0.7505
1617,1649,2.5899,20.937,0.06,0.016,0,0
1618,1650,2.6,20.937,0.06,0.021,0.0096217,1.0889
1619,1651,2.6,20.938,0.06,0.018,0.0177025,2.0035
1620,1652,2.6,20.938,0.059,0.016,0.0273239,3.0923
1621,1653,2.6,20.938,0.06,0.001,0.0280232,3.1715
1622,1654,2.6,20.939,0.06,0.007,0.0194324,2.1992
1623,1655,2.61,20.938,0.06,-0.011,0.0077654,0.8788
1624,1656,2.61,20.939,0.061,0.001,0.0023443,0.2653
1625,1657,2.61,20.938,0.061,-0.001,0.0166421,1.8834
1626,1658,2.61,20.939,0.06,0.009,0.0078144,0.8844
1627,1659,2.61,20.939,0.06,0.011,0.0037917,0.4291
1628,1660,2.61,20.939,0.06,0.03,0.001338,0.1514
1629,1661,2.61,20.937,0.06,0.013,0.0152368,1.7244
1630,1662,2.61,20.938,0.06,0.01,0.0261326,2.9575
1631,1663,2.61,20.937,0.06,0.001,0.0289788,3.2796
1632,1664,2.62,20.937,0.06,-0.004,0.0202313,2.2896
1633,1665,2.62,20.938,0.06,-0.001,0.0269394,3.0488
1634,1666,2.62,20.939,0.06,0.01,0.0276148,3.1253
1635,1667,2.62,20.939,0.06,0.015,0.0083823,0.9487
1636,1668,2.62,20.939,0.059,0.006,0.0053122,0.6012
1637,1669,2.62,20.938,0.06,0.011,0,0
1638,1670,2.62,20.939,0.06,0.009,0.0106251,1.2025
1639,1671,2.62,20.94,0.06,0.016,0.0077478,0.8768
1640,1672,2.62,20.939,0.06,0.003,0.0258315,2.9234
1641,1673,2.62,20.939,0.059,-0.003,0.0234872,2.6581
1642,1674,2.62,20.938,0.06,-0.009,0.0328196,3.7143
1643,1675,2.62,20.939,0.06,0.003,0,0
1644,1676,2.62,20.938,0.06,-0.008,0.0086461,0.9785
1645,1677,2.62,20.939,0.06,-0.004,0.0129638,1.4672
1646,1678,2.62,20.938,0.059,0.014,0,0
1647,1679,2.63,20.938,0.059,0.018,0,0
1648,1680,2.63,20.938,0.059,0.031,0,0
1649,1681,2.63,20.938,0.059,0.013,0.0034749,0.3933
1650,1682,2.63,20.938,0.059,0.011,0,0
1651,1683,2.63,20.939,0.059,-0.011,0.0215144,2.4349
1652,1684,2.64,20.94,0.059,0.001,0.0312129,3.5325
1653,1685,2.64,20.938,0.059,-0.003,0.0238703,2.7015
1654,1686,2.64,20.937,0.059,0.025,0.0208649,2.3613
1655,1687,2.64,20.94,0.058,0.01,0.0048082,0.5442
1656,1688,2.64,20.939,0.058,0.007,0,0
1657,1689,2.64,20.939,0.058,0.01,0,0
1658,1690,2.64,20.941,0.059,0.02,0,0
1659,1691,2.64,20.94,0.059,0.039,0,0
1660,1692,2.64,20.94,0.059,0.015,0,0
1661,1693,2.64,20.939,0.06,0.021,0.0242983,2.7499
1662,1694,2.65,20.939,0.06,-0.003,0.0105713,1.1964
1663,1695,2.65,20.939,0.059,-0.012,0.0171962,1.9462
1664,1696,2.65,20.939,0.058,-0.009,0.007749,0.877
1665,1697,2.65,20.94,0.058,0,0.0088665,1.0035
1666,1698,2.65,20.939,0.059,0.01,0,0
1667,1699,2.65,20.94,0.059,0.027,0.0133411,1.5099
1668,1700,2.6599,20.939,0.058,0.03,0,0
1669,1701,2.6599,20.938,0.058,0.035,0,0
1670,1702,2.6599,20.939,0.059,0.009,0.0034323,0.3884
1671,1703,2.6599,20.942,0.059,0.016,0.0119608,1.3536
1672,1704,2.6599,20.94,0.06,0,0.0261039,2.9543
1673,1705,2.6599,20.938,0.059,0.012,0.0200271,2.2665
1674,1706,2.6599,20.938,0.06,0.007,0.0104385,1.1814
1675,1707,2.6699,20.938,0.06,0.01,0.0079649,0.9014
1676,1708,2.6699,20.939,0.06,0.009,0.0013157,0.1489
1677,1709,2.6699,20.939,0.059,0.025,0,0
1678,1710,2.6699,20.939,0.059,0.02,0,0
1679,1711,2.6699,20.936,0.06,0.023,0.0191789,2.1705
1680,1712,2.6799,20.938,0.059,0.018,0.0087499,0.9903
1681,1713,2.6799,20.939,0.059,0.015,0.0037186,0.4208
1682,1714,2.6799,20.939,0.059,0.007,0,0
1683,1715,2.6799,20.939,0.059,-0.006,0.011412,1.2915
1684,1716,2.6799,20.939,0.059,-0.005,0.0080474,0.9108
1685,1717,2.6799,20.94,0.06,-0.001,0,0
1686,1718,2.6799,20.941,0.059,0.005,0,0
1687,1719,2.6799,20.94,0.059,0.017,0,0
1688,1720,2.6799,20.939,0.059,0.018,0.0114236,1.2928
1689,1721,2.6799,20.94,0.059,0.024,0.0048612,0.5502
1690,1722,2.6899,20.939,0.059,0,0.0123292,1.3953
1691,1723,2.6899,20.939,0.058,0.01,0.030472,3.4486
1692,1724,2.6899,20.939,0.058,0.011,0.0150789,1.7065
1693,1725,2.6999,20.94,0.059,0.012,0,0
1694,1726,2.6999,20.941,0.059,-0.002,0.0085903,0.9722
1695,1727,2.6999,20.941,0.059,0.006,0.0070174,0.7942
1696,1728,2.6999,20.94,0.058,0.026,0.0107368,1.2151
1697,1729,2.6999,20.941,0.059,0.015,0,0
1698,1730,2.6999,20.94,0.058,0.023,0,0
1699,1731,2.6999,20.94,0.059,0.004,0.007781,0.8806
1700,1732,2.6999,20.94,0.058,0.009,0.0033859,0.3832
1701,1733,2.6999,20.94,0.058,0.003,0.0251952,2.8514
1702,1734,2.6999,20.94,0.059,-0.014,0.0234957,2.6591
1703,1735,2.6999,20.94,0.059,-0.001,0.0183616,2.078
1704,1736,2.6999,20.94,0.058,0.01,0.0109174,1.2356
1705,1737,2.6999,20.942,0.059,-0.003,0.0016104,0.1823
1706,1738,2.6999,20.942,0.058,0.007,0,0
1707,1739,2.7099,20.94,0.059,0.009,0,0
1708,1740,2.7099,20.939,0.06,0.018,0,0
1709,1741,2.7099,20.941,0.06,0.021,0,0
1710,1742,2.72,20.94,0.06,0.01,0.0250698,2.8372
1711,1743,2.72,20.939,0.059,0.014,0.0118583,1.342
1712,1744,2.72,20.939,0.059,0.004,0.0207214,2.3451
1713,1745,2.72,20.937,0.058,0.001,0.0168199,1.9036
1714,1746,2.72,20.938,0.059,-0.003,0.026661,3.0173
1715,1747,2.72,20.94,0.059,0.008,0,0
1716,1748,2.72,20.939,0.059,0.012,0.0069935,0.7915
1717,1749,2.7301,20.94,0.059,0.029,0,0
1718,1750,2.7301,20.94,0.059,0.036,0,0
1719,1751,2.7301,20.938,0.059,0.026,0,0
1720,1752,2.7301,20.94,0.059,0.014,0.0023706,0.2683
1721,1753,2.7301,20.94,0.06,-0.005,0.013013,1.4727
1722,1754,2.7401,20.939,0.059,0.006,0,0
1723,1755,2.7401,20.939,0.059,-0.011,7.4e-06,0.0008
1724,1756,2.6699,20.941,0.06,-0.002,0,0
1725,1757,2.6599,20.94,0.06,-0.017,0,0
1726,1758,2.7301,20.941,0.06,0.008,0,0
1727,1759,2.7401,20.941,0.059,0.006,0,0
1728,1760,2.7401,20.94,0.059,0.033,0,0
1729,1761,2.7401,20.939,0.059,0.03,0,0
1730,1762,2.7401,20.94,0.059,0.026,0,0
1731,1763,2.7401,20.941,0.059,0.016,0,0
1732,1764,2.7401,20.939,0.058,0.001,0,0
1733,1765,2.7401,20.94,0.058,0.016,0,0
1734,1766,2.7301,20.941,0.058,0.005,0,0
1735,1767,2.7301,20.942,0.058,0.029,0,0
1736,1768,2.7301,20.942,0.058,0.014,0,0
1737,1769,2.7301,20.942,0.058,0.013,0,0
1738,1770,2.7301,20.942,0.058,0.03,0,0
1739,1771,2.7301,20.943,0.057,0.023,0,0
1740,1772,2.7301,20.945,0.056,0.022,0,0
1741,1773,2.7301,20.943,0.056,0.022,0,0
1742,1774,2.7301,20.945,0.055,0.008,0,0
1743,1775,2.7401,20.946,0.055,-0.003,0,0
1744,1776,2.7401,20.945,0.055,0.005,0,0
1745,1777,2.7301,20.947,0.055,0.002,0,0
1746,1778,2.7301,20.946,0.054,0.008,0,0
1747,1779,2.7301,20.947,0.053,0.008,0,0
1748,1780,2.7401,20.947,0.053,0.016,0,0
1749,1781,2.7401,20.948,0.054,0.015,0,0
1750,1782,2.7401,20.949,0.053,0.023,0,0
1751,1783,2.7401,20.949,0.053,0.012,0,0
1752,1784,2.7401,20.949,0.053,0,0,0
1753,1785,2.7401,20.95,0.053,0,0,0
1754,1786,2.7401,20.95,0.053,-0.002,0,0
1755,1787,2.7401,20.948,0.053,0.001,0,0
1756,1788,2.7301,20.949,0.053,-0.008,0,0
1757,1789,2.7301,20.95,0.052,0.015,0,0
1758,1790,2.7301,20.95,0.052,0.021,0,0
1759,1791,2.7401,20.95,0.052,0.029,0,0
1760,1792,2.7501,20.952,0.052,0.012,0,0
1761,1793,2.7501,20.952,0.051,0.021,0,0
1762,1794,2.7501,20.951,0.052,0.017,0,0
1763,1795,2.7401,20.949,0.052,0.007,0,0
1764,1796,2.7401,20.949,0.051,0.008,0,0
1765,1797,2.7401,20.949,0.051,0.001,0,0
1766,1798,2.7401,20.949,0.05,-0.001,0,0
1767,1799,2.7401,20.95,0.05,0.001,0,0
1768,1800,2.7401,20.951,0.05,0.003,0,0
1769,1801,2.7401,20.953,0.051,0.011,0,0
1770,1802,2.7401,20.952,0.051,0.02,0,0
1771,1803,2.7401,20.951,0.051,0.015,0,0
1772,1804,2.7401,20.951,0.05,0.004,0,0
1773,1805,2.7401,20.952,0.05,0.006,0,0
1774,1806,2.7401,20.95,0.051,-0.004,0,0
1775,1807,2.7401,20.95,0.051,0.003,0,0
1776,1808,2.7401,20.951,0.051,0,0,0
1777,1809,2.7401,20.952,0.05,0.018,0,0
1778,1810,2.7401,20.952,0.05,0.008,0,0
1779,1811,2.7501,20.952,0.05,0.03,0,0
1780,1812,2.7501,20.952,0.05,0.038,0,0
1781,1813,2.7401,20.953,0.05,0.033,0,0
1782,1814,2.7401,20.953,0.05,0.008,0,0
1783,1815,2.7401,20.953,0.05,-0.002,0,0
1784,1816,2.7401,20.954,0.05,-0.014,0,0
1785,1817,2.7401,20.954,0.05,0.002,0,0
1786,1818,2.7401,20.951,0.05,-0.008,0,0
1787,1819,2.7301,20.951,0.049,0.001,0,0
1788,1820,2.7301,20.951,0.049,0.002,0,0
1789,1821,2.7301,20.953,0.049,0.008,0,0
1790,1822,2.7301,20.952,0.05,0.008,0,0
1791,1823,2.7301,20.952,0.049,0.027,0,0
1792,1824,2.7401,20.952,0.049,0.005,0,0
1793,1825,2.7401,20.952,0.049,0.006,0,0
1794,1826,2.7401,20.955,0.049,-0.015,0,0
1795,1827,2.7401,20.954,0.049,0.004,0,0
1796,1828,2.7401,20.953,0.049,0.003,0,0
1797,1829,2.7401,20.952,0.05,0.023,0,0
1798,1830,2.7401,20.952,0.05,0.009,0,0
1799,1831,2.7301,20.951,0.05,0.02,0,0
1800,1832,2.7301,20.951,0.05,0.019,0,0
1801,1833,2.7301,20.952,0.05,0.031,0,0
1802,1834,2.7301,20.952,0.051,0.017,0,0
1803,1835,2.7301,20.953,0.05,0.006,0,0
1804,1836,2.7301,20.952,0.049,0.001,0,0
1805,1837,2.7301,20.953,0.05,0.001,0,0
1806,1838,2.7301,20.953,0.05,-0.015,0,0
1807,1839,2.7301,20.953,0.05,0.018,0,0
1808,1840,2.7301,20.952,0.05,0.019,0,0
1809,1841,2.7301,20.952,0.051,0.028,0,0
1810,1842,2.7301,20.952,0.051,0.027,0,0
1811,1843,2.7301,20.952,0.05,0.023,0,0
1812,1844,2.7301,20.951,0.05,0.019,0,0
1813,1845,2.7301,20.952,0.051,-0.002,0,0
1814,1846,2.7301,20.95,0.05,0.005,0,0
1815,1847,2.7301,20.951,0.05,0,0,0
1816,1848,2.7301,20.951,0.05,0.005,0,0
1817,1849,2.7301,20.951,0.05,-0.001,0,0
1818,1850,2.7301,20.953,0.05,-0.003,0,0
1819,1851,2.7301,20.953,0.05,0.02,0,0
1820,1852,2.7301,20.95,0.05,0.027,0,0
1821,1853,2.7301,20.951,0.05,0.02,0,0
1822,1854,2.7301,20.951,0.05,0.014,0,0
1823,1855,2.7301,20.953,0.05,0.012,0,0
1824,1856,2.7301,20.952,0.05,0.001,0,0
1825,1857,2.7301,20.951,0.05,0.009,0,0
1826,1858,2.7301,20.953,0.05,0.011,0,0
1827,1859,2.7301,20.951,0.05,0.016,0,0
1828,1860,2.7301,20.951,0.05,0.014,0,0
1829,1861,2.7301,20.953,0.05,0.025,0,0
1830,1862,2.7301,20.951,0.051,0.017,0,0
1831,1863,2.7301,20.954,0.05,0.026,0,0
1832,1864,2.7301,20.953,0.05,0.002,0,0
1833,1865,2.7301,20.952,0.05,0.013,0,0
1834,1866,2.7301,20.951,0.05,0.005,0,0
1835,1867,2.7301,20.952,0.05,0.002,0,0
1836,1868,2.7301,20.951,0.05,-0.012,0,0
1837,1869,2.7301,20.952,0.049,-0.001,0,0
1838,1870,2.7301,20.952,0.05,0.019,0,0
1839,1871,2.7301,20.951,0.049,0.02,0,0
1840,1872,2.7301,20.952,0.05,0.016,0,0
1841,1873,2.7301,20.952,0.051,0.021,0,0
1842,1874,2.7301,20.952,0.05,0.004,0,0
1843,1875,2.7301,20.953,0.05,0.01,0,0
1844,1876,2.7301,20.953,0.05,0.002,0,0
1845,1877,2.7301,20.952,0.049,0,0,0
1846,1878,2.7301,20.953,0.049,0.006,0,0
1847,1879,2.7301,20.952,0.05,0.009,0,0
1848,1880,2.7401,20.952,0.05,0.019,0,0
1849,1881,2.7401,20.953,0.049,0.026,0,0
1850,1882,2.7401,20.953,0.05,0.021,0,0
1851,1883,2.7401,20.952,0.05,0.011,0,0
1852,1884,2.7401,20.953,0.05,0.003,0,0
1853,1885,2.7401,20.952,0.05,0.008,0,0
1854,1886,2.7401,20.953,0.05,-0.002,0,0
1855,1887,2.7301,20.953,0.05,0.01,0,0
1856,1888,2.7301,20.952,0.049,-0.002,0,0
1857,1889,2.7301,20.953,0.05,0.018,0,0
1858,1890,2.7301,20.953,0.05,0.012,0,0
1859,1891,2.7301,20.953,0.049,0.023,0,0
1860,1892,2.7301,20.952,0.049,0.023,0,0
1861,1893,2.7301,20.953,0.05,0.028,0,0
1862,1894,2.7301,20.954,0.049,0.021,0,0
1863,1895,2.7301,20.952,0.049,-0.005,0,0
1864,1896,2.7301,20.952,0.049,-0.007,0,0
1865,1897,2.7301,20.951,0.049,-0.01,0,0
1866,1898,2.7401,20.952,0.05,-0.006,0,0
1867,1899,2.7401,20.952,0.05,0.004,0,0
1868,1900,2.7401,20.952,0.049,0.001,0,0
1869,1901,2.7401,20.951,0.05,0.018,0,0
1870,1902,2.7401,20.954,0.049,0.027,0,0
1871,1903,2.7401,20.954,0.05,0.028,0,0
1872,1904,2.7301,20.951,0.049,0.01,0,0
1873,1905,2.7301,20.953,0.049,0.015,0,0
1874,1906,2.7401,20.954,0.05,-0.001,0,0
1875,1907,2.7401,20.952,0.05,0.005,0,0
1876,1908,2.7401,20.953,0.05,0.005,0,0
1877,1909,2.7301,20.954,0.049,0.006,0,0
1878,1910,2.7301,20.955,0.049,0.006,0,0
1879,1911,2.7301,20.954,0.049,0.005,0,0
1880,1912,2.7301,20.953,0.049,0.013,0,0
1881,1913,2.7301,20.953,0.049,0.014,0,0
1882,1914,2.7301,20.952,0.049,0.009,0,0
1883,1915,2.7301,20.952,0.05,0.001,0,0
1884,1916,2.7301,20.951,0.049,0.007,0,0
1885,1917,2.7301,20.951,0.05,-0.004,0,0
1886,1918,2.7301,20.952,0.05,-0.003,0,0
1887,1919,2.7301,20.953,0.049,-0.007,0,0
1888,1920,2.7301,20.953,0.049,0.01,0,0
1889,1921,2.7301,20.952,0.049,0.02,0,0
1890,1922,2.7301,20.952,0.05,0.033,0,0
1891,1923,2.7301,20.952,0.049,0.02,0,0
1892,1924,2.7301,20.952,0.05,0.01,0,0
1893,1925,2.7301,20.951,0.05,0.005,0,0
1894,1926,2.7301,20.951,0.05,-0.002,0,0
1895,1927,2.7301,20.951,0.049,-0.005,0,0
1896,1928,2.7301,20.953,0.05,-0.012,0,0
1897,1929,2.7301,20.952,0.05,0.006,0,0
1898,1930,2.7301,20.953,0.05,0.015,0,0
1899,1931,2.7301,20.954,0.051,0.018,0,0
1900,1932,2.7301,20.954,0.05,0.025,0,0
1901,1933,2.7301,20.954,0.05,0.007,0,0
1902,1934,2.7301,20.952,0.05,0.019,0,0
1903,1935,2.7301,20.952,0.051,0.005,0,0
1904,1936,2.7301,20.951,0.05,0.002,0,0
1905,1937,2.7301,20.951,0.051,0.007,0,0
