s,kW,kW,kW,kW,kW,kW,kW,kW,kW,kW,kg/s,kg/s,kg/s,Pa
Time,HRR,HRR_OX,Q_RADI,Q_CONV,Q_COND,Q_DIFF,Q_PRES,Q_PART,Q_ENTH,Q_TOTAL,MLR_AIR,MLR_PARAFFIN,MLR_PRODUCTS,ZONE_1
 0.00000E+000, 0.00000E+000, 0.00000E+000,-2.54149E-004, 2.20720E-026, 0.00000E+000, 0.00000E+000, 0.00000E+000, 0.00000E+000, 0.00000E+000,-2.54149E-004, 0.00000E+000, 0.00000E+000, 0.00000E+000,-2.99270E-002
 1.00481E+000, 8.96862E-006, 0.00000E+000,-7.15590E-005,-1.20357E-011,-3.44684E-005,-3.58852E-024,-3.91152E-005, 0.00000E+000,-1.35577E-004,-1.36174E-004, 0.00000E+000, 2.34618E-010, 0.00000E+000,-2.92890E-001
 2.00962E+000, 6.55790E-005, 0.00000E+000,-1.84959E-005,-1.83002E-012,-2.02377E-005,-2.48713E-023, 1.06740E-005, 0.00000E+000, 3.65514E-005, 3.75194E-005, 0.00000E+000, 1.62669E-009, 0.00000E+000,-2.21000E-001
 3.00314E+000, 1.79484E-004, 0.00000E+000,-4.04153E-005, 6.75466E-012,-4.96685E-005,-6.69587E-023, 3.58279E-005, 0.00000E+000, 1.24057E-004, 1.25228E-004, 0.00000E+000, 4.38230E-009, 0.00000E+000, 1.95688E-002
 4.00796E+000, 3.50913E-004, 0.00000E+000,-7.95964E-005, 5.38704E-012,-8.32672E-005,-1.29950E-022, 7.54522E-005, 0.00000E+000, 2.61816E-004, 2.63501E-004, 0.00000E+000, 8.50927E-009, 0.00000E+000, 5.32710E-001
 5.00148E+000, 5.79802E-004, 0.00000E+000,-1.35868E-004,-2.75915E-011,-1.31582E-004,-2.13678E-022, 1.25438E-004, 0.00000E+000, 4.35289E-004, 4.37790E-004, 0.00000E+000, 1.40024E-008, 0.00000E+000, 1.37684E+000
 6.00629E+000, 8.66257E-004, 0.00000E+000,-2.09239E-004,-1.43991E-009,-2.01211E-004,-3.18177E-022, 1.83445E-004, 0.00000E+000, 6.37524E-004, 6.39251E-004, 0.00000E+000, 2.08670E-008, 0.00000E+000, 2.62739E+000
 7.01110E+000, 1.21224E-003, 0.00000E+000,-2.94470E-004,-1.04733E-008,-4.21366E-004,-4.44092E-022, 2.00683E-004, 0.00000E+000, 6.94730E-004, 6.97080E-004, 0.00000E+000, 2.91494E-008, 0.00000E+000, 3.99599E+000
 8.00462E+000, 1.61395E-003, 0.00000E+000,-3.94849E-004,-2.34487E-008,-6.71301E-004,-5.89912E-022, 2.22282E-004, 0.00000E+000, 7.66861E-004, 7.70063E-004, 0.00000E+000, 3.87567E-008, 0.00000E+000, 5.49489E+000
 9.00943E+000, 2.07326E-003, 0.00000E+000,-5.10707E-004,-3.74733E-008,-9.40938E-004,-7.56311E-022, 2.52888E-004, 0.00000E+000, 8.70224E-004, 8.74464E-004, 0.00000E+000, 4.97353E-008, 0.00000E+000, 7.21910E+000
 1.00030E+001, 2.58990E-003, 0.00000E+000,-6.36509E-004,-5.87642E-008,-1.23761E-003,-9.43104E-022, 2.91838E-004, 0.00000E+000, 1.00228E-003, 1.00756E-003, 0.00000E+000, 6.20801E-008, 0.00000E+000, 9.18661E+000
 1.10087E+001, 3.16641E-003, 0.00000E+000,-7.78532E-004,-7.64323E-008,-1.57607E-003,-1.15033E-021, 3.31762E-004, 0.00000E+000, 1.13784E-003, 1.14350E-003, 0.00000E+000, 7.58005E-008, 0.00000E+000, 1.14512E+001
 1.20037E+001, 3.79668E-003, 0.00000E+000,-9.11626E-004,-9.02470E-008,-1.96125E-003,-1.37790E-021, 3.78100E-004, 0.00000E+000, 1.29573E-003, 1.30182E-003, 0.00000E+000, 9.08965E-008, 0.00000E+000, 1.40047E+001
 1.30082E+001, 4.48856E-003, 0.00000E+000,-1.04633E-003,-9.82836E-008,-2.40100E-003,-1.62552E-021, 4.26802E-004, 0.00000E+000, 1.46186E-003, 1.46794E-003, 0.00000E+000, 1.07353E-007, 0.00000E+000, 1.69146E+001
 1.40027E+001, 5.23578E-003, 0.00000E+000,-1.19614E-003,-1.11046E-007,-2.89291E-003,-1.89314E-021, 4.71105E-004, 0.00000E+000, 1.61222E-003, 1.61772E-003, 0.00000E+000, 1.25176E-007, 0.00000E+000, 2.00952E+001
 1.50053E+001, 6.03696E-003, 0.00000E+000,-1.41732E-003,-1.09755E-007,-3.41757E-003,-2.18046E-021, 4.95515E-004, 0.00000E+000, 1.69237E-003, 1.69747E-003, 0.00000E+000, 1.44352E-007, 0.00000E+000, 2.34684E+001
 1.60003E+001, 6.90287E-003, 0.00000E+000,-1.64983E-003,-1.20954E-007,-3.95009E-003,-2.48762E-021, 5.38247E-004, 0.00000E+000, 1.83628E-003, 1.84107E-003, 0.00000E+000, 1.64898E-007, 0.00000E+000, 2.71043E+001
 1.70057E+001, 7.82080E-003, 0.00000E+000,-1.90502E-003,-1.24988E-007,-4.52693E-003,-2.81489E-021, 5.74972E-004, 0.00000E+000, 1.95857E-003, 1.96370E-003, 0.00000E+000, 1.86846E-007, 0.00000E+000, 3.10292E+001
 1.80038E+001, 8.80099E-003, 0.00000E+000,-2.16956E-003,-1.44661E-007,-5.13476E-003,-3.16238E-021, 6.21036E-004, 0.00000E+000, 2.11307E-003, 2.11755E-003, 0.00000E+000, 2.10204E-007, 0.00000E+000, 3.52372E+001
 1.90004E+001, 9.83773E-003, 0.00000E+000,-2.43772E-003,-1.48011E-007,-5.78403E-003,-3.52763E-021, 6.71294E-004, 0.00000E+000, 2.28188E-003, 2.28713E-003, 0.00000E+000, 2.34818E-007, 0.00000E+000, 3.97796E+001
 2.00043E+001, 1.09278E-002, 0.00000E+000,-2.73444E-003,-1.32549E-007,-6.47168E-003,-3.91348E-021, 7.16456E-004, 0.00000E+000, 2.43354E-003, 2.43796E-003, 0.00000E+000, 2.60883E-007, 0.00000E+000, 4.46631E+001
 2.10025E+001, 1.20842E-002, 0.00000E+000,-3.02479E-003,-6.65452E-008,-7.19040E-003,-4.31880E-021, 7.79114E-004, 0.00000E+000, 2.64760E-003, 2.64809E-003, 0.00000E+000, 2.88338E-007, 0.00000E+000, 4.99438E+001
 2.20008E+001, 1.32868E-002, 0.00000E+000,-3.32961E-003,-7.01242E-008,-7.96348E-003,-4.74199E-021, 8.31474E-004, 0.00000E+000, 2.82270E-003, 2.82508E-003, 0.00000E+000, 3.17083E-007, 0.00000E+000, 5.55795E+001
 2.30051E+001, 1.45559E-002, 0.00000E+000,-3.65032E-003,-6.39996E-008,-8.74249E-003,-5.18552E-021, 9.02598E-004, 0.00000E+000, 3.06353E-003, 3.06567E-003, 0.00000E+000, 3.47292E-007, 0.00000E+000, 6.17337E+001
 2.40001E+001, 1.58850E-002, 0.00000E+000,-3.98577E-003,-7.80243E-008,-9.55716E-003,-5.64700E-021, 9.77814E-004, 0.00000E+000, 3.31862E-003, 3.31982E-003, 0.00000E+000, 3.78821E-007, 0.00000E+000, 6.83403E+001
 2.50052E+001, 1.72617E-002, 0.00000E+000,-4.33356E-003,-9.27024E-008,-1.04828E-002,-6.12702E-021, 1.02268E-003, 0.00000E+000, 3.46642E-003, 3.46788E-003, 0.00000E+000, 4.11729E-007, 0.00000E+000, 7.53200E+001
 2.60049E+001, 1.79951E-002, 0.00000E+000,-4.51552E-003,-5.64953E-008,-1.13403E-002,-6.37037E-021, 9.05755E-004, 0.00000E+000, 3.04903E-003, 3.04496E-003, 0.00000E+000, 4.28458E-007, 0.00000E+000, 8.14740E+001
 2.70046E+001, 1.79951E-002, 0.00000E+000,-4.51985E-003,-9.68450E-009,-1.17867E-002,-6.37039E-021, 7.26719E-004, 0.00000E+000, 2.41762E-003, 2.41531E-003, 0.00000E+000, 4.28458E-007, 0.00000E+000, 8.64101E+001
 2.80043E+001, 1.79952E-002, 0.00000E+000,-4.52405E-003,-1.45899E-008,-1.20280E-002,-6.37040E-021, 6.29136E-004, 0.00000E+000, 2.07356E-003, 2.07228E-003, 0.00000E+000, 4.28458E-007, 0.00000E+000, 9.06828E+001
 2.90040E+001, 1.79951E-002, 0.00000E+000,-4.52883E-003,-2.45831E-008,-1.22019E-002,-6.37039E-021, 5.58139E-004, 0.00000E+000, 1.82348E-003, 1.82254E-003, 0.00000E+000, 4.28458E-007, 0.00000E+000, 9.44733E+001
 3.00037E+001, 1.79952E-002, 0.00000E+000,-4.53276E-003,-1.68099E-008,-1.23274E-002,-6.37035E-021, 5.06748E-004, 0.00000E+000, 1.64268E-003, 1.64186E-003, 0.00000E+000, 4.28458E-007, 0.00000E+000, 9.79145E+001
 3.10034E+001, 1.79952E-002, 0.00000E+000,-4.53583E-003,-1.42548E-008,-1.24202E-002,-6.37030E-021, 4.68619E-004, 0.00000E+000, 1.50846E-003, 1.50777E-003, 0.00000E+000, 4.28458E-007, 0.00000E+000, 1.01097E+002
 3.20031E+001, 1.79952E-002, 0.00000E+000,-4.53957E-003,-1.36427E-008,-1.24886E-002,-6.37026E-021, 4.39965E-004, 0.00000E+000, 1.40755E-003, 1.40697E-003, 0.00000E+000, 4.28458E-007, 0.00000E+000, 1.04084E+002
 3.30028E+001, 1.79952E-002, 0.00000E+000,-4.54254E-003,-9.94532E-009,-1.25544E-002,-6.37023E-021, 4.12653E-004, 0.00000E+000, 1.31155E-003, 1.31085E-003, 0.00000E+000, 4.28458E-007, 0.00000E+000, 1.06886E+002
 3.40025E+001, 1.79953E-002, 0.00000E+000,-4.54462E-003,-1.76806E-009,-1.26414E-002,-6.37021E-021, 3.77298E-004, 0.00000E+000, 1.18736E-003, 1.18655E-003, 0.00000E+000, 4.28458E-007, 0.00000E+000, 1.09448E+002
 3.50022E+001, 1.79952E-002, 0.00000E+000,-4.54710E-003,-5.51602E-009,-1.26971E-002,-6.37021E-021, 3.54126E-004, 0.00000E+000, 1.10558E-003, 1.10509E-003, 0.00000E+000, 4.28458E-007, 0.00000E+000, 1.11853E+002
 3.60019E+001, 1.79952E-002, 0.00000E+000,-4.54981E-003,-8.91909E-009,-1.27207E-002,-6.37022E-021, 3.43635E-004, 0.00000E+000, 1.06861E-003, 1.06827E-003, 0.00000E+000, 4.28458E-007, 0.00000E+000, 1.14186E+002
 3.70016E+001, 1.79953E-002, 0.00000E+000,-4.55167E-003,-2.87591E-008,-1.27341E-002,-6.37023E-021, 3.37634E-004, 0.00000E+000, 1.04747E-003, 1.04713E-003, 0.00000E+000, 4.28458E-007, 0.00000E+000, 1.16478E+002
 3.80013E+001, 1.79952E-002, 0.00000E+000,-4.55381E-003,-4.27305E-008,-1.27458E-002,-6.37023E-021, 3.32114E-004, 0.00000E+000, 1.02813E-003, 1.02766E-003, 0.00000E+000, 4.28458E-007, 0.00000E+000, 1.18733E+002
 3.90010E+001, 1.79953E-002, 0.00000E+000,-4.55600E-003,-4.76806E-008,-1.27598E-002,-6.37023E-021, 3.25669E-004, 0.00000E+000, 1.00540E-003, 1.00506E-003, 0.00000E+000, 4.28458E-007, 0.00000E+000, 1.20944E+002
 4.00007E+001, 1.79953E-002, 0.00000E+000,-4.55796E-003,-4.39163E-008,-1.27759E-002,-6.37023E-021, 3.18526E-004, 0.00000E+000, 9.80278E-004, 9.79944E-004, 0.00000E+000, 4.28458E-007, 0.00000E+000, 1.23107E+002
 4.10004E+001, 1.79953E-002, 0.00000E+000,-4.55985E-003,-4.15507E-008,-1.27957E-002,-6.37023E-021, 3.09931E-004, 0.00000E+000, 9.50234E-004, 9.49680E-004, 0.00000E+000, 4.28458E-007, 0.00000E+000, 1.25211E+002
 4.20001E+001, 1.79953E-002, 0.00000E+000,-4.56179E-003,-2.66034E-008,-1.28164E-002,-6.37022E-021, 3.00892E-004, 0.00000E+000, 9.18310E-004, 9.17962E-004, 0.00000E+000, 4.28458E-007, 0.00000E+000, 1.27254E+002
 4.30052E+001, 1.79953E-002, 0.00000E+000,-4.56396E-003,-2.01636E-008,-1.28332E-002,-6.37021E-021, 2.93363E-004, 0.00000E+000, 8.91779E-004, 8.91467E-004, 0.00000E+000, 4.28458E-007, 0.00000E+000, 1.29257E+002
 4.40049E+001, 1.79953E-002, 0.00000E+000,-4.56544E-003,-2.20156E-008,-1.28485E-002,-6.37019E-021, 2.86678E-004, 0.00000E+000, 8.68302E-004, 8.67999E-004, 0.00000E+000, 4.28458E-007, 0.00000E+000, 1.31203E+002
 4.50046E+001, 1.79953E-002, 0.00000E+000,-4.56733E-003,-4.72421E-009,-1.28687E-002,-6.37016E-021, 2.77919E-004, 0.00000E+000, 8.37733E-004, 8.37192E-004, 0.00000E+000, 4.28458E-007, 0.00000E+000, 1.33090E+002
 4.60042E+001, 1.79953E-002, 0.00000E+000,-4.56884E-003, 7.86971E-009,-1.28936E-002,-6.37012E-021, 2.67447E-004, 0.00000E+000, 8.00901E-004, 8.00404E-004, 0.00000E+000, 4.28458E-007, 0.00000E+000, 1.34906E+002
 4.70039E+001, 1.79954E-002, 0.00000E+000,-4.57069E-003, 4.68471E-009,-1.29236E-002,-6.37006E-021, 2.54787E-004, 0.00000E+000, 7.56352E-004, 7.55869E-004, 0.00000E+000, 4.28458E-007, 0.00000E+000, 1.36636E+002
 4.80036E+001, 1.79955E-002, 0.00000E+000,-4.57225E-003, 9.22187E-009,-1.29606E-002,-6.36997E-021, 2.39480E-004, 0.00000E+000, 7.02495E-004, 7.02082E-004, 0.00000E+000, 4.28458E-007, 0.00000E+000, 1.38262E+002
 4.90033E+001, 1.79955E-002, 0.00000E+000,-4.57364E-003, 1.23785E-008,-1.30014E-002,-6.36988E-021, 2.22743E-004, 0.00000E+000, 6.43743E-004, 6.43213E-004, 0.00000E+000, 4.28458E-007, 0.00000E+000, 1.39775E+002
 5.00030E+001, 1.79955E-002, 0.00000E+000,-4.57455E-003,-3.52742E-008,-1.30379E-002,-6.36982E-021, 2.07857E-004, 0.00000E+000, 5.91329E-004, 5.90834E-004, 0.00000E+000, 4.28458E-007, 0.00000E+000, 1.41186E+002
 5.10027E+001, 1.79954E-002, 0.00000E+000,-4.57607E-003,-2.93045E-008,-1.30794E-002,-6.36974E-021, 1.90796E-004, 0.00000E+000, 5.31215E-004, 5.30761E-004, 0.00000E+000, 4.28458E-007, 0.00000E+000, 1.42482E+002
 5.20024E+001, 1.79954E-002, 0.00000E+000,-4.57680E-003,-2.84392E-008,-1.31011E-002,-6.36967E-021, 1.81770E-004, 0.00000E+000, 4.99141E-004, 4.99191E-004, 0.00000E+000, 4.28458E-007, 0.00000E+000, 1.43716E+002
 5.30021E+001, 1.79953E-002, 0.00000E+000,-4.57819E-003, 2.43289E-008,-1.31430E-002,-6.36963E-021, 1.64705E-004, 0.00000E+000, 4.40033E-004, 4.38861E-004, 0.00000E+000, 4.28458E-007, 0.00000E+000, 1.44835E+002
 5.40018E+001, 1.79954E-002, 0.00000E+000,-4.57985E-003, 2.59870E-008,-1.31744E-002,-6.36961E-021, 1.51495E-004, 0.00000E+000, 3.93306E-004, 3.92583E-004, 0.00000E+000, 4.28458E-007, 0.00000E+000, 1.45864E+002
 5.50015E+001, 1.79954E-002, 0.00000E+000,-4.57995E-003, 1.52893E-008,-1.32085E-002,-6.36956E-021, 1.37939E-004, 0.00000E+000, 3.45620E-004, 3.44883E-004, 0.00000E+000, 4.28458E-007, 0.00000E+000, 1.46800E+002
 5.60012E+001, 1.79953E-002, 0.00000E+000,-4.58165E-003, 9.49345E-009,-1.32473E-002,-6.36950E-021, 1.21827E-004, 0.00000E+000, 2.89016E-004, 2.88103E-004, 0.00000E+000, 4.28458E-007, 0.00000E+000, 1.47628E+002
 5.70009E+001, 1.79952E-002, 0.00000E+000,-4.58114E-003, 8.97160E-009,-1.32722E-002,-6.36949E-021, 1.12134E-004, 0.00000E+000, 2.54990E-004, 2.54036E-004, 0.00000E+000, 4.28458E-007, 0.00000E+000, 1.48389E+002
 5.80006E+001, 1.79951E-002, 0.00000E+000,-4.58160E-003, 1.32300E-008,-1.32903E-002,-6.36952E-021, 1.04686E-004, 0.00000E+000, 2.28408E-004, 2.27990E-004, 0.00000E+000, 4.28458E-007, 0.00000E+000, 1.49100E+002
 5.90003E+001, 1.79950E-002, 0.00000E+000,-4.58183E-003, 1.01668E-008,-1.33074E-002,-6.36958E-021, 9.77485E-005, 0.00000E+000, 2.04226E-004, 2.03455E-004, 0.00000E+000, 4.28458E-007, 0.00000E+000, 1.49764E+002
 6.00000E+001, 1.79949E-002, 0.00000E+000,-4.58220E-003,-1.05990E-008,-1.33045E-002,-6.36962E-021, 9.87216E-005, 0.00000E+000, 2.07145E-004, 2.06972E-004, 0.00000E+000, 4.28458E-007, 0.00000E+000, 1.50434E+002
 6.10051E+001, 1.79950E-002, 0.00000E+000,-4.58217E-003,-4.93877E-008,-1.32964E-002,-6.36968E-021, 1.01995E-004, 0.00000E+000, 2.18714E-004, 2.18400E-004, 0.00000E+000, 4.28458E-007, 0.00000E+000, 1.51130E+002
 6.20048E+001, 1.79951E-002, 0.00000E+000,-4.58257E-003,-2.57383E-009,-1.32934E-002,-6.36976E-021, 1.03038E-004, 0.00000E+000, 2.22533E-004, 2.22148E-004, 0.00000E+000, 4.28458E-007, 0.00000E+000, 1.51830E+002
 6.30045E+001, 1.79953E-002, 0.00000E+000,-4.58280E-003,-3.13735E-009,-1.32991E-002,-6.36978E-021, 1.00785E-004, 0.00000E+000, 2.14357E-004, 2.14217E-004, 0.00000E+000, 4.28458E-007, 0.00000E+000, 1.52514E+002
 6.40042E+001, 1.79953E-002, 0.00000E+000,-4.58279E-003,-2.39524E-009,-1.32750E-002,-6.36973E-021, 1.10300E-004, 0.00000E+000, 2.47258E-004, 2.47813E-004, 0.00000E+000, 4.28458E-007, 0.00000E+000, 1.53263E+002
 6.50039E+001, 1.79954E-002, 0.00000E+000,-4.58419E-003, 2.65641E-009,-1.32577E-002,-6.36954E-021, 1.16656E-004, 0.00000E+000, 2.70322E-004, 2.70111E-004, 0.00000E+000, 4.28458E-007, 0.00000E+000, 1.54055E+002
 6.60036E+001, 1.79955E-002, 0.00000E+000,-4.58457E-003, 2.19083E-008,-1.32821E-002,-6.36931E-021, 1.06848E-004, 0.00000E+000, 2.35814E-004, 2.35703E-004, 0.00000E+000, 4.28458E-007, 0.00000E+000, 1.54780E+002
 6.70033E+001, 1.79955E-002, 0.00000E+000,-4.58512E-003, 1.44412E-008,-1.33021E-002,-6.36916E-021, 9.87418E-005, 0.00000E+000, 2.07517E-004, 2.07055E-004, 0.00000E+000, 4.28458E-007, 0.00000E+000, 1.55451E+002
 6.80030E+001, 1.79954E-002, 0.00000E+000,-4.58527E-003,-2.38959E-008,-1.33076E-002,-6.36914E-021, 9.63898E-005, 0.00000E+000, 1.99372E-004, 1.98870E-004, 0.00000E+000, 4.28458E-007, 0.00000E+000, 1.56105E+002
 6.90027E+001, 1.79953E-002, 0.00000E+000,-4.58515E-003,-8.69778E-009,-1.32948E-002,-6.36919E-021, 1.01491E-004, 0.00000E+000, 2.17222E-004, 2.16853E-004, 0.00000E+000, 4.28458E-007, 0.00000E+000, 1.56794E+002
 7.00024E+001, 1.79953E-002, 0.00000E+000,-4.58558E-003,-1.38854E-008,-1.32957E-002,-6.36923E-021, 1.00932E-004, 0.00000E+000, 2.15399E-004, 2.14907E-004, 0.00000E+000, 4.28458E-007, 0.00000E+000, 1.57479E+002
 7.10021E+001, 1.79953E-002, 0.00000E+000,-4.58582E-003,-2.63567E-008,-1.32969E-002,-6.36924E-021, 1.00308E-004, 0.00000E+000, 2.13329E-004, 2.12803E-004, 0.00000E+000, 4.28458E-007, 0.00000E+000, 1.58160E+002
 7.20018E+001, 1.79953E-002, 0.00000E+000,-4.58680E-003,-1.73919E-008,-1.32861E-002,-6.36924E-021, 1.04223E-004, 0.00000E+000, 2.27099E-004, 2.26600E-004, 0.00000E+000, 4.28458E-007, 0.00000E+000, 1.58868E+002
 7.30015E+001, 1.79951E-002, 0.00000E+000,-4.58763E-003,-2.11006E-008,-1.32774E-002,-6.36926E-021, 1.07258E-004, 0.00000E+000, 2.37851E-004, 2.37274E-004, 0.00000E+000, 4.28458E-007, 0.00000E+000, 1.59596E+002
 7.40012E+001, 1.79954E-002, 0.00000E+000,-4.58719E-003,-9.94359E-009,-1.32863E-002,-6.36914E-021, 1.04069E-004, 0.00000E+000, 2.26276E-004, 2.25909E-004, 0.00000E+000, 4.28458E-007, 0.00000E+000, 1.60302E+002
 7.50009E+001, 1.79954E-002, 0.00000E+000,-4.58787E-003,-2.70171E-008,-1.32940E-002,-6.36911E-021, 1.00718E-004, 0.00000E+000, 2.14837E-004, 2.14148E-004, 0.00000E+000, 4.28458E-007, 0.00000E+000, 1.60986E+002
 7.60006E+001, 1.79950E-002, 0.00000E+000,-4.58899E-003,-5.66432E-008,-1.32939E-002,-6.36915E-021, 1.00071E-004, 0.00000E+000, 2.12453E-004, 2.12078E-004, 0.00000E+000, 4.28458E-007, 0.00000E+000, 1.61666E+002
 7.70003E+001, 1.79955E-002, 0.00000E+000,-4.58878E-003, 6.81048E-008,-1.32964E-002,-6.36891E-021, 9.94803E-005, 0.00000E+000, 2.10257E-004, 2.09929E-004, 0.00000E+000, 4.28458E-007, 0.00000E+000, 1.62341E+002
 7.80053E+001, 1.79953E-002, 0.00000E+000,-4.58956E-003,-1.73394E-008,-1.32811E-002,-6.36888E-021, 1.05122E-004, 0.00000E+000, 2.30397E-004, 2.29734E-004, 0.00000E+000, 4.28458E-007, 0.00000E+000, 1.63059E+002
 7.90050E+001, 1.79947E-002, 0.00000E+000,-4.59026E-003,-5.90012E-008,-1.32718E-002,-6.36889E-021, 1.08230E-004, 0.00000E+000, 2.40492E-004, 2.40828E-004, 0.00000E+000, 4.28458E-007, 0.00000E+000, 1.63793E+002
 8.00047E+001, 1.79955E-002, 0.00000E+000,-4.58958E-003, 5.55855E-008,-1.32781E-002,-6.36853E-021, 1.06422E-004, 0.00000E+000, 2.34684E-004, 2.34309E-004, 0.00000E+000, 4.28458E-007, 0.00000E+000, 1.64516E+002
 8.10044E+001, 1.79953E-002, 0.00000E+000,-4.59272E-003,-6.41271E-008,-1.32773E-002,-6.36848E-021, 1.05283E-004, 0.00000E+000, 2.30626E-004, 2.30515E-004, 0.00000E+000, 4.28458E-007, 0.00000E+000, 1.65231E+002
 8.20041E+001, 1.79947E-002, 0.00000E+000,-4.59168E-003,-6.73888E-008,-1.32998E-002,-6.36840E-021, 9.66070E-005, 0.00000E+000, 1.99233E-004, 1.99804E-004, 0.00000E+000, 4.28458E-007, 0.00000E+000, 1.65887E+002
 8.30038E+001, 1.79953E-002, 0.00000E+000,-4.58987E-003, 2.14521E-008,-1.33199E-002,-6.36797E-021, 8.96399E-005, 0.00000E+000, 1.75982E-004, 1.75195E-004, 0.00000E+000, 4.28458E-007, 0.00000E+000, 1.66495E+002
 8.40035E+001, 1.79958E-002, 0.00000E+000,-4.59554E-003, 8.59051E-008,-1.33172E-002,-6.36787E-021, 8.85147E-005, 0.00000E+000, 1.72096E-004, 1.71702E-004, 0.00000E+000, 4.28458E-007, 0.00000E+000, 1.67096E+002
 8.50032E+001, 1.79944E-002, 0.00000E+000,-4.59301E-003, 3.00372E-008,-1.33131E-002,-6.36773E-021, 9.06477E-005, 0.00000E+000, 1.78820E-004, 1.78979E-004, 0.00000E+000, 4.28458E-007, 0.00000E+000, 1.67712E+002
 8.60029E+001, 1.79955E-002, 0.00000E+000,-4.59039E-003, 3.67441E-007,-1.32898E-002,-6.36732E-021, 1.01489E-004, 0.00000E+000, 2.18804E-004, 2.17157E-004, 0.00000E+000, 4.28458E-007, 0.00000E+000, 1.68400E+002
 8.70026E+001, 1.79962E-002, 0.00000E+000,-4.59749E-003,-1.37104E-007,-1.32763E-002,-6.36728E-021, 1.04118E-004, 0.00000E+000, 2.27093E-004, 2.26354E-004, 0.00000E+000, 4.28458E-007, 0.00000E+000, 1.69108E+002
 8.80023E+001, 1.79940E-002, 0.00000E+000,-4.59377E-003, 1.07594E-007,-1.32759E-002,-6.36721E-021, 1.05069E-004, 0.00000E+000, 2.29604E-004, 2.29532E-004, 0.00000E+000, 4.28458E-007, 0.00000E+000, 1.69821E+002
 8.90020E+001, 1.79956E-002, 0.00000E+000,-4.59150E-003, 4.25645E-007,-1.32554E-002,-6.36683E-021, 1.14833E-004, 0.00000E+000, 2.65728E-004, 2.64024E-004, 0.00000E+000, 4.28458E-007, 0.00000E+000, 1.70600E+002
 9.00023E+001, 1.80027E-002, 0.00000E+000,-4.59823E-003, 1.04364E-007,-1.32137E-002,-6.36686E-021, 1.31185E-004, 0.00000E+000, 3.23270E-004, 3.21996E-004, 0.00000E+000, 4.28458E-007, 0.00000E+000, 1.71491E+002
 9.10016E+001, 1.79909E-002, 0.00000E+000,-4.59665E-003, 3.33777E-007,-1.32058E-002,-6.36677E-021, 1.30406E-004, 0.00000E+000, 3.20748E-004, 3.19227E-004, 0.00000E+000, 4.28458E-007, 0.00000E+000, 1.72376E+002
 9.20051E+001, 1.79957E-002, 0.00000E+000,-4.59594E-003, 4.14354E-007,-1.32223E-002,-6.36630E-021, 1.26110E-004, 0.00000E+000, 3.05522E-004, 3.03970E-004, 0.00000E+000, 4.28458E-007, 0.00000E+000, 1.73235E+002
 9.30002E+001, 1.79968E-002, 0.00000E+000,-4.59677E-003, 7.26885E-008,-1.31556E-002,-6.36650E-021, 1.52780E-004, 0.00000E+000, 4.00053E-004, 3.97244E-004, 0.00000E+000, 4.28458E-007, 0.00000E+000, 1.74268E+002
 9.40035E+001, 1.79953E-002, 0.00000E+000,-4.60187E-003, 1.19323E-007,-1.31345E-002,-6.36613E-021, 1.58196E-004, 0.00000E+000, 4.18845E-004, 4.17243E-004, 0.00000E+000, 4.28458E-007, 0.00000E+000, 1.75346E+002
 9.50005E+001, 1.79968E-002, 0.00000E+000,-4.60074E-003, 2.62800E-007,-1.32057E-002,-6.36611E-021, 1.31115E-004, 0.00000E+000, 3.23919E-004, 3.21693E-004, 0.00000E+000, 4.28458E-007, 0.00000E+000, 1.76233E+002
 9.60015E+001, 1.79913E-002, 0.00000E+000,-4.59698E-003, 3.42640E-007,-1.32528E-002,-6.36561E-021, 1.12008E-004, 0.00000E+000, 2.57608E-004, 2.53961E-004, 0.00000E+000, 4.28458E-007, 0.00000E+000, 1.76995E+002
 9.70004E+001, 1.79966E-002, 0.00000E+000,-4.60170E-003, 1.90804E-008,-1.32083E-002,-6.36577E-021, 1.29824E-004, 0.00000E+000, 3.19242E-004, 3.16515E-004, 0.00000E+000, 4.28458E-007, 0.00000E+000, 1.77877E+002
 9.80023E+001, 1.79986E-002, 0.00000E+000,-4.60392E-003, 1.56803E-007,-1.32107E-002,-6.36533E-021, 1.28409E-004, 0.00000E+000, 3.13389E-004, 3.12570E-004, 0.00000E+000, 4.28458E-007, 0.00000E+000, 1.78750E+002
 9.90042E+001, 1.79941E-002, 0.00000E+000,-4.60369E-003, 2.78350E-007,-1.32407E-002,-6.36526E-021, 1.14962E-004, 0.00000E+000, 2.66427E-004, 2.64943E-004, 0.00000E+000, 4.28458E-007, 0.00000E+000, 1.79532E+002
 1.00002E+002, 1.79932E-002, 0.00000E+000,-4.60027E-003, 2.43267E-007,-1.32807E-002,-6.36479E-021, 1.00393E-004, 0.00000E+000, 2.17077E-004, 2.12862E-004, 0.00000E+000, 4.28458E-007, 0.00000E+000, 1.80213E+002
 1.01002E+002, 1.79963E-002, 0.00000E+000,-4.60451E-003,-1.27808E-008,-1.32506E-002,-6.36501E-021, 1.11820E-004, 0.00000E+000, 2.55894E-004, 2.53014E-004, 0.00000E+000, 4.28458E-007, 0.00000E+000, 1.80973E+002
 1.02003E+002, 1.79951E-002, 0.00000E+000,-4.60614E-003, 1.52756E-007,-1.32635E-002,-6.36463E-021, 1.05157E-004, 0.00000E+000, 2.31856E-004, 2.30767E-004, 0.00000E+000, 4.28458E-007, 0.00000E+000, 1.81688E+002
 1.03002E+002, 1.79971E-002, 0.00000E+000,-4.60637E-003, 2.02056E-007,-1.32853E-002,-6.36466E-021, 9.73869E-005, 0.00000E+000, 2.04640E-004, 2.03026E-004, 0.00000E+000, 4.28458E-007, 0.00000E+000, 1.82348E+002
 1.04001E+002, 1.79927E-002, 0.00000E+000,-4.60503E-003, 2.60815E-007,-1.33167E-002,-6.36420E-021, 8.38493E-005, 0.00000E+000, 1.58156E-004, 1.55112E-004, 0.00000E+000, 4.28458E-007, 0.00000E+000, 1.82917E+002
 1.05002E+002, 1.79953E-002, 0.00000E+000,-4.60304E-003, 9.38424E-008,-1.32786E-002,-6.36405E-021, 1.00986E-004, 0.00000E+000, 2.18131E-004, 2.14672E-004, 0.00000E+000, 4.28458E-007, 0.00000E+000, 1.83605E+002
 1.06001E+002, 1.79959E-002, 0.00000E+000,-4.60782E-003,-6.55798E-009,-1.32517E-002,-6.36411E-021, 1.09744E-004, 0.00000E+000, 2.48393E-004, 2.46066E-004, 0.00000E+000, 4.28458E-007, 0.00000E+000, 1.84350E+002
 1.07002E+002, 1.79977E-002, 0.00000E+000,-4.60829E-003,-2.94938E-008,-1.32450E-002,-6.36373E-021, 1.12678E-004, 0.00000E+000, 2.56999E-004, 2.57085E-004, 0.00000E+000, 4.28458E-007, 0.00000E+000, 1.85114E+002
 1.08002E+002, 1.79961E-002, 0.00000E+000,-4.60987E-003, 1.40718E-007,-1.32142E-002,-6.36366E-021, 1.23856E-004, 0.00000E+000, 2.97524E-004, 2.96053E-004, 0.00000E+000, 4.28458E-007, 0.00000E+000, 1.85955E+002
 1.09001E+002, 1.79955E-002, 0.00000E+000,-4.60892E-003, 1.02823E-007,-1.31917E-002,-6.36351E-021, 1.33145E-004, 0.00000E+000, 3.30076E-004, 3.28113E-004, 0.00000E+000, 4.28458E-007, 0.00000E+000, 1.86859E+002
 1.10000E+002, 1.79912E-002, 0.00000E+000,-4.60676E-003,-1.02508E-007,-1.31824E-002,-6.36309E-021, 1.35963E-004, 0.00000E+000, 3.39779E-004, 3.37844E-004, 0.00000E+000, 4.28458E-007, 0.00000E+000, 1.87783E+002
 1.11004E+002, 1.79960E-002, 0.00000E+000,-4.60771E-003,-5.96191E-008,-1.32085E-002,-6.36299E-021, 1.27322E-004, 0.00000E+000, 3.09618E-004, 3.07060E-004, 0.00000E+000, 4.28458E-007, 0.00000E+000, 1.88653E+002
 1.12005E+002, 1.79947E-002, 0.00000E+000,-4.61192E-003,-7.05948E-008,-1.32346E-002,-6.36294E-021, 1.14419E-004, 0.00000E+000, 2.63717E-004, 2.62560E-004, 0.00000E+000, 4.28458E-007, 0.00000E+000, 1.89431E+002
 1.13000E+002, 1.79982E-002, 0.00000E+000,-4.61346E-003,-1.41535E-007,-1.32496E-002,-6.36260E-021, 1.09058E-004, 0.00000E+000, 2.44433E-004, 2.44023E-004, 0.00000E+000, 4.28458E-007, 0.00000E+000, 1.90168E+002
 1.14000E+002, 1.79937E-002, 0.00000E+000,-4.61518E-003, 9.19279E-008,-1.32509E-002,-6.36230E-021, 1.06142E-004, 0.00000E+000, 2.35556E-004, 2.33789E-004, 0.00000E+000, 4.28458E-007, 0.00000E+000, 1.90888E+002
 1.15005E+002, 1.79948E-002, 0.00000E+000,-4.61246E-003, 1.68228E-007,-1.32912E-002,-6.36217E-021, 9.15641E-005, 0.00000E+000, 1.83126E-004, 1.82865E-004, 0.00000E+000, 4.28458E-007, 0.00000E+000, 1.91511E+002
 1.16004E+002, 1.79956E-002, 0.00000E+000,-4.61388E-003, 1.36522E-008,-1.33207E-002,-6.36171E-021, 8.01340E-005, 0.00000E+000, 1.44560E-004, 1.41184E-004, 0.00000E+000, 4.28458E-007, 0.00000E+000, 1.92058E+002
 1.17003E+002, 1.79910E-002, 0.00000E+000,-4.60915E-003,-6.26287E-008,-1.33005E-002,-6.36145E-021, 8.80198E-005, 0.00000E+000, 1.71350E-004, 1.69239E-004, 0.00000E+000, 4.28458E-007, 0.00000E+000, 1.92656E+002
 1.18003E+002, 1.79981E-002, 0.00000E+000,-4.61437E-003,-7.08771E-008,-1.32787E-002,-6.36141E-021, 9.73385E-005, 0.00000E+000, 2.03354E-004, 2.02287E-004, 0.00000E+000, 4.28458E-007, 0.00000E+000, 1.93317E+002
 1.19001E+002, 1.79982E-002, 0.00000E+000,-4.61745E-003,-6.61392E-008,-1.32952E-002,-6.36113E-021, 8.94321E-005, 0.00000E+000, 1.75371E-004, 1.74900E-004, 0.00000E+000, 4.28458E-007, 0.00000E+000, 1.93924E+002
 1.20004E+002, 1.79932E-002, 0.00000E+000,-4.61787E-003, 8.40297E-008,-1.33310E-002,-6.36076E-021, 7.30402E-005, 0.00000E+000, 1.18805E-004, 1.17410E-004, 0.00000E+000, 4.28458E-007, 0.00000E+000, 1.94421E+002
 1.21004E+002, 1.79987E-002, 0.00000E+000,-4.61605E-003, 2.16680E-007,-1.33817E-002,-6.36071E-021, 5.58654E-005, 0.00000E+000, 5.79831E-005, 5.70768E-005, 0.00000E+000, 4.28458E-007, 0.00000E+000, 1.94799E+002
 1.22004E+002, 1.79940E-002, 0.00000E+000,-4.61527E-003, 3.04145E-008,-1.34057E-002,-6.36032E-021, 4.52406E-005, 0.00000E+000, 2.20048E-005, 1.82526E-005, 0.00000E+000, 4.28458E-007, 0.00000E+000, 1.95108E+002
 1.23003E+002, 1.79925E-002, 0.00000E+000,-4.61078E-003,-2.00105E-008,-1.33859E-002,-6.36007E-021, 5.41817E-005, 0.00000E+000, 5.28106E-005, 5.00274E-005, 0.00000E+000, 4.28458E-007, 0.00000E+000, 1.95477E+002
 1.24003E+002, 1.79924E-002, 0.00000E+000,-4.61365E-003,-9.12554E-008,-1.33599E-002,-6.36013E-021, 6.32256E-005, 0.00000E+000, 8.34270E-005, 8.20017E-005, 0.00000E+000, 4.28458E-007, 0.00000E+000, 1.95907E+002
 1.25000E+002, 1.80001E-002, 0.00000E+000,-4.61912E-003,-5.69539E-008,-1.33301E-002,-6.35998E-021, 7.56156E-005, 0.00000E+000, 1.26979E-004, 1.26457E-004, 0.00000E+000, 4.28458E-007, 0.00000E+000, 1.96419E+002
 1.26002E+002, 1.79973E-002, 0.00000E+000,-4.61797E-003, 5.20344E-008,-1.33076E-002,-6.35962E-021, 8.38085E-005, 0.00000E+000, 1.57022E-004, 1.55577E-004, 0.00000E+000, 4.28458E-007, 0.00000E+000, 1.96988E+002
 1.27001E+002, 1.79959E-002, 0.00000E+000,-4.61699E-003, 1.25930E-007,-1.33036E-002,-6.35964E-021, 8.53486E-005, 0.00000E+000, 1.61803E-004, 1.60724E-004, 0.00000E+000, 4.28458E-007, 0.00000E+000, 1.97566E+002
 1.28002E+002, 1.79934E-002, 0.00000E+000,-4.61679E-003, 4.53154E-008,-1.33292E-002,-6.35939E-021, 7.47106E-005, 0.00000E+000, 1.25436E-004, 1.22202E-004, 0.00000E+000, 4.28458E-007, 0.00000E+000, 1.98076E+002
 1.29005E+002, 1.79935E-002, 0.00000E+000,-4.61512E-003,-5.72080E-008,-1.33211E-002,-6.35906E-021, 7.83932E-005, 0.00000E+000, 1.37810E-004, 1.35594E-004, 0.00000E+000, 4.28458E-007, 0.00000E+000, 1.98610E+002
 1.30001E+002, 1.79907E-002, 0.00000E+000,-4.61385E-003,-9.62722E-008,-1.33106E-002,-6.35898E-021, 8.21948E-005, 0.00000E+000, 1.50869E-004, 1.48380E-004, 0.00000E+000, 4.28458E-007, 0.00000E+000, 1.99168E+002
 1.31000E+002, 1.79972E-002, 0.00000E+000,-4.61826E-003,-7.03449E-008,-1.33016E-002,-6.35894E-021, 8.62646E-005, 0.00000E+000, 1.64600E-004, 1.63587E-004, 0.00000E+000, 4.28458E-007, 0.00000E+000, 1.99753E+002
 1.32001E+002, 1.80004E-002, 0.00000E+000,-4.62001E-003,-3.15917E-008,-1.33021E-002,-6.35868E-021, 8.64726E-005, 0.00000E+000, 1.65477E-004, 1.64710E-004, 0.00000E+000, 4.28458E-007, 0.00000E+000, 2.00340E+002
 1.33004E+002, 1.79932E-002, 0.00000E+000,-4.62180E-003, 5.41810E-008,-1.33034E-002,-6.35841E-021, 8.24676E-005, 0.00000E+000, 1.51819E-004, 1.50574E-004, 0.00000E+000, 4.28458E-007, 0.00000E+000, 2.00902E+002
 1.34005E+002, 1.79976E-002, 0.00000E+000,-4.61871E-003, 1.86399E-007,-1.33191E-002,-6.35842E-021, 7.91438E-005, 0.00000E+000, 1.39592E-004, 1.39151E-004, 0.00000E+000, 4.28458E-007, 0.00000E+000, 2.01438E+002
 1.35001E+002, 1.79949E-002, 0.00000E+000,-4.61945E-003, 5.55900E-009,-1.33266E-002,-6.35811E-021, 7.52784E-005, 0.00000E+000, 1.27075E-004, 1.24070E-004, 0.00000E+000, 4.28458E-007, 0.00000E+000, 2.01950E+002
 1.36002E+002, 1.79901E-002, 0.00000E+000,-4.61552E-003,-6.31182E-008,-1.33120E-002,-6.35783E-021, 8.06347E-005, 0.00000E+000, 1.45308E-004, 1.43112E-004, 0.00000E+000, 4.28458E-007, 0.00000E+000, 2.02499E+002
 1.37003E+002, 1.79946E-002, 0.00000E+000,-4.61826E-003,-1.17646E-007,-1.33118E-002,-6.35788E-021, 8.14114E-005, 0.00000E+000, 1.47144E-004, 1.45864E-004, 0.00000E+000, 4.28458E-007, 0.00000E+000, 2.03054E+002
 1.38001E+002, 1.79987E-002, 0.00000E+000,-4.62364E-003,-6.93439E-008,-1.33313E-002,-6.35782E-021, 7.29865E-005, 0.00000E+000, 1.18241E-004, 1.16653E-004, 0.00000E+000, 4.28458E-007, 0.00000E+000, 2.03549E+002
 1.39003E+002, 1.79979E-002, 0.00000E+000,-4.62156E-003,-2.62992E-008,-1.33706E-002,-6.35755E-021, 5.76041E-005, 0.00000E+000, 6.38105E-005, 6.33156E-005, 0.00000E+000, 4.28458E-007, 0.00000E+000, 2.03940E+002
 1.40004E+002, 1.79929E-002, 0.00000E+000,-4.62245E-003, 1.36918E-007,-1.33950E-002,-6.35751E-021, 4.57025E-005, 0.00000E+000, 2.27029E-005, 2.12988E-005, 0.00000E+000, 4.28458E-007, 0.00000E+000, 2.04251E+002
 1.41003E+002, 1.79989E-002, 0.00000E+000,-4.62134E-003, 1.22040E-007,-1.34160E-002,-6.35743E-021, 4.02158E-005, 0.00000E+000, 3.28550E-006, 1.86466E-006, 0.00000E+000, 4.28458E-007, 0.00000E+000, 2.04522E+002
 1.42004E+002, 1.79891E-002, 0.00000E+000,-4.61888E-003, 5.59053E-008,-1.33790E-002,-6.35717E-021, 5.24331E-005, 0.00000E+000, 4.80828E-005, 4.37087E-005, 0.00000E+000, 4.28458E-007, 0.00000E+000, 2.04881E+002
 1.43001E+002, 1.79931E-002, 0.00000E+000,-4.61758E-003,-6.64899E-008,-1.33611E-002,-6.35721E-021, 6.14932E-005, 0.00000E+000, 7.82616E-005, 7.59018E-005, 0.00000E+000, 4.28458E-007, 0.00000E+000, 2.05298E+002
 1.44002E+002, 1.79977E-002, 0.00000E+000,-4.62125E-003,-9.11035E-009,-1.33660E-002,-6.35735E-021, 5.96840E-005, 0.00000E+000, 7.15445E-005, 7.01206E-005, 0.00000E+000, 4.28458E-007, 0.00000E+000, 2.05703E+002
 1.45001E+002, 1.79991E-002, 0.00000E+000,-4.62384E-003,-1.42759E-008,-1.34030E-002,-6.35727E-021, 4.44885E-005, 0.00000E+000, 1.80546E-005, 1.67214E-005, 0.00000E+000, 4.28458E-007, 0.00000E+000, 2.06005E+002
 1.46001E+002, 1.79934E-002, 0.00000E+000,-4.62312E-003, 3.31979E-008,-1.34235E-002,-6.35714E-021, 3.43811E-005, 0.00000E+000,-1.68064E-005,-1.88445E-005, 0.00000E+000, 4.28458E-007, 0.00000E+000, 2.06239E+002
 1.47001E+002, 1.79942E-002, 0.00000E+000,-4.61908E-003, 8.03328E-008,-1.34246E-002,-6.35723E-021, 3.58431E-005, 0.00000E+000,-1.17525E-005,-1.34759E-005, 0.00000E+000, 4.28458E-007, 0.00000E+000, 2.06481E+002
 1.48002E+002, 1.79956E-002, 0.00000E+000,-4.62064E-003, 4.82924E-008,-1.34076E-002,-6.35712E-021, 4.27286E-005, 0.00000E+000, 1.29138E-005, 1.01446E-005, 0.00000E+000, 4.28458E-007, 0.00000E+000, 2.06771E+002
 1.49003E+002, 1.79960E-002, 0.00000E+000,-4.62012E-003,-2.81085E-008,-1.33585E-002,-6.35691E-021, 6.25710E-005, 0.00000E+000, 8.25492E-005, 7.99214E-005, 0.00000E+000, 4.28458E-007, 0.00000E+000, 2.07197E+002
 1.50000E+002, 1.79970E-002, 0.00000E+000,-4.61812E-003,-9.99098E-008,-1.33385E-002,-6.35682E-021, 7.13516E-005, 0.00000E+000, 1.11621E-004, 1.11725E-004, 0.00000E+000, 4.28458E-007, 0.00000E+000, 2.07678E+002
